text,label
Πιοιός του κριμάει του γκ'δούν' τ'ς γάτας,
Τούτο δεν το χωρεί ο νους μου,
Του γάλα ως τ' ρούγα κι ου τραχανάς ως του χουράφ',
"Όταν πιάνη ο θείος τη θειά σου, εσύ τσούλωνε τ' αυτιά σου",
Τώβαλι τα δυό τα πουδάρια σ΄ένα τσαρούχ',
Τι με μέλει για τς χώρας τα γελάδια,
"Ότι κάμ' ς π'αθ' ς, καρδιά μη σε πονέσ'",
"Ακόμα δεν τον είδαμαν, Γιάννη τον εβγάλαμεν",
Αυτός έχει το λύσε δέσε,
"Όποιος ΄ξαδειάζει δεκοχτώ και δε ΄σοδειά τριάντα, ΄ς το χάψι τόνε βάνουνε και δεν κατέει γιάντα",
Σκρούξ' ο ήλιος,
Φάϊ απού λίγου κίπιασ' ένα δούλου,
Πιρ' σότιρα αρνιά σφάζ' ν 'μβασκαλιά,
Παρηγοριά στουν άρρουστου όσου να βγη η ψυχή του,
"Αν δεν στρώσ' ο μύλος, δε βγάν' αλεύρι",
Λούζι μι χτινίζι μι ξέρου ποιός μι γέννησι,
Καθ' ένας έκλαιε το χάλι του κι ο μυλωνάς τ' αυλάκι,
Αυτός κάθεται κ' η μοίρα του δουλεύει,
Ποιός έφαε το μέλι; Όποιος έχει τη μυίγα στο σκιάδι,
Κόφτει παπαρδέλες,
Έχει τα ΄μάτια ΄ςτα ποδάρια,
Βαρεί στα γιομάτα,
Είναι γερός ασλάνι,
Ο Αύγουστος εξάρισε; Εμύρισε χειμώνας,
Ου λύκους του μαλλί αλλάζ' τ' γνώμ' δεν ν' αλλάζ',
Τον έχω μη στάξ' ο Θεός και βρέξη,
"Θωρώντας την γειτόνησα, μαθένει η μια την άλλη",
Ξερανκινός γάϊδαρος ξεπατωμός στ΄ άχυρο,
Σαν τα λάχανα στο κακκάβι,
Ξένα τα δαμάλια δικά μας τα μουσχάρια,
Βλαστήμ'σα του γάλα τ΄ς μάννας μ',
"Αγουροφάης έφαε, ο γουρμοφάης δε βρήκε",
Τον έπιακε το λάπατο,
Όμοιος τον όμοιο κ' κοπριά στα λάχανα,
Τσιντζιρίζει ο ήλιος,
Αυτή ξεστάχυσε,
Βάνει τα σκυλιά στην αγγάρεια,
Τα κρέμασε 'ς την κλειτσωτή,
Όλα τα δάχλα δεν είνι όμοια,
"Εικόνα, σταυροκόπημα, καμπάνα κ' εκκλησία",
Το κακό με το σακκί μπένει και με το βελόνι βγαίνει,
Τον άγκιξε κατάκαρδα,
Φταίει το γομάρ',
Ούτε φέτος λαμπρή ούτε του χρόνου πάσχα,
Αλλού το όνειρο κι αλλού το θάμμα,
"Άδικο μαζώματα, άνεμο σκορπίσματα",
Έχ' το λαιμό σα μέσ' από σκλί,
Αυτά και πάλε αυτά,
Ναχα του Μάη τις γιορτές του Γεναριού τις άδειες,
Τα κρυφά σας φανερά μας,
Τον έφαε ως το κόκκαλο,
Γράψτα στο μάνδαλο,
Πως παν τα πιδιά σ' κόρακα; Όσου μ βαν μαυρίζ'ν,
Κάηκ' η μπάμπω στο κουρκούτι ...φυσάει και το γιαούρτι,
Είναι κακό το κακό,
Όλα τα γουρούνια έχουν την ίδια μύτη,
Να πάρω κακά,
Ο Θεός να σε φλάη από σημειωμένον άνθρωπο,
Πέσε κμήσ' κ' η δουλειά σ' γένεται,
Εδώ δεν τον μπάζουν ς' το χωριό κι αυτός ρωτάει που ναι του παπά το σπίτι,
Τ' αψύ του ξύδ' τ' αγγειό τ' βλάφτ',
Όποιος βρέχει τον κώλο τρώγη ψάρια,
"Όποιος γελάει πολύ, κλαίει και πολύ",
"Πλήθυνον, Κύριε, τον θυμόν σου. Ήταν να πάθω κι αυτό ακόμα το κακό. Πλήθυναν, Κύριε, τον θυμόν σου",
Κόφτ' η γλώσσα τ' ψαλίδ',
Από την χώρα βγένει η κάππα κι από την πόρτα η αμαρτία,
"Οι ζωντανοί με τους ζωντανούς, κ' οι πεθαμένοι με τους πεθαμένους",
Εκαβαλλίκεψε το ντορή,
Πότε γίνηκε το κολοκύθι. Πότε στραβωσ' ο λαιμός του!,
Κοίταξι την κρούνα Μ' ένα μάτ΄ να σι κοιτάξ΄ μι τα δυό,
Σύρε στο γάμο να πής και του χρόν',
Ηύρις διάουλουν να γιλάις,
Είπ' ο γάϊδαρος του πετ'νού κεφάλα,
Όσα θέλεις τρέχα κι όσα θέλ' ο Θεός σου δίνει,
Το πάνουν ζιτνά,
"Μαλώνομε, κυρά μου; Στα νύχια στέκομαι",
Απ' αδελφό κι απ΄αδελφή ολίγη ελεημοσύνη,
Όπου πας Γιαννακη μου όλο πομπές μού φέρεις,
Ράχες ράχες η βροχή γένεια το κρασί,
"Όπου πάσει το λιαροβώδι, χορτάρι δεν φυτρώνει",
Ήλθε ο κόμπος εις το χτένι,
Τον έκανα λουλούδι,
Η αργοπόρια φήρει ταλαιπώρια,
Ξένου ψουμί 'θκά μας δόντια,
Όλα τάχ' η Μάρω κι ο φερετζιές τής λείπει,
Τι 'ν' ο κάβουρας τ' είν' το ζουμί του,
Όποιος είχε γνώση κούρευε δεν κωλοκούρευε,
Τον έφαε η γλώσσα,
Κεί που κρεμούσαν οι μπέηδες τ' άρματα κρεμούν οι γύφτοι τ' άργανα,
Και τούτο ποιήσαι κι΄εκείνο μη αφήσαι,
Για πολούς μαγύρευε και για λίγους στρώνε,
"Ξύλα, κούτσουρα, δαυλιά καμμένα",
Ου καλός καλό δεν έχ',
Και οίνος ευφραίνει καρδίαν,
Ο γύφτος το γεβέντισμα για πανηγύρι το ΄χει,
Τί σού λείπει κασσιδιάρη; Η μαργαριταρένια σκούφια,
Φαρμακωμένος για κουβέντα,
Τον πιαν ο στρέκλας,
Μ' έφαε την καρδία,
Γκαβός βελόνι γύρευε μέσα στην αχυρώνα κι άλλος κουφός του έλεγε για το που βροντάει,
Πάντρεψέ με μακρυά να ξέρω να παινούμαι,
Αφού το πουλί πέταξε έστησε την ξόβεργα,
Είνε λόγια χαμένα,
Άλλου το είνορο κι' αλλού το θάμα,
Για 'ναν παρά σφήκωμα στην Πογδόριανη,
Μ' αλώνισε τα πράματά μ',
Τα παιδιά και 'ς τον ύπνο σου να τα ιδής πάλι βάσανα θα πάθς,
Έμαθ' ο λαγός και μπαίνει στης γειτονισσας τ' αμπέλι,
Δυό χειμωνικά σε μια μασχάλη δεν βαστιώνται,
Είναι γερός σαν το κρεπούνι,
Όταν ιδώ τ' αυί μ',
Ο κάλπικος ο παράς δε χάνεται,
Τί σου πρέπει κασιδιάρη; Σκούφια από μαργαριτάρι,
Λέγ' μπάρα μπούρα,
Μου ξυλάβιασαν τα χέρια,
Κτσοί στραβοί στουμ Παντιλέημουνα,
Θα τ' πάρ' τα τσάκια τ',
Θα μας βάλ' την κοιλιά στα μούτρα,
Έφθασε η προβιά στα δώδέκα,
Έγεινε ο ουρανός άμμος και το κρυφό δεν κρύφτει,
Τελείωσε πλια να κόβη και να ράβη,
Πάρε σκύλο από μαντρί και γυναίκα από σόϊ,
Βάν' ου λύκους παστρουμά,
Οι καλοί χρειάζονται και σ' εκείνον τον κόσμο,
Αρβανίτης πλένεται κι η ποδιά του χαίρεται,
Τον σήκωσρ οργιό,
"Ο λύκος την τρίχ' αν αλλάξη, τη γνώμη δεν αλλάζει",
"Είδες μάννα καλομοίρα, είδες και το παιδί της;",
"Άντρα μου περήφανε, γλήγορα θα μ΄ αφήσης χήρα",
Αγαπάει τα ξ'νά,
Έχω σίτα και πυκναδα έχω δώσεκα χουλιάρα,
"Ηύραμαν παπά, ας θάψουμε καμπόσ΄ς",
Τα νιάτα ν' αγοράζονται τα γέρα να πωλιόνταν,
Τούβαλι τα γυαλιά,
Εμασούλα σαν το μωρό παιδί,
Το δεμείν και λύειν ( το λύσαι – δέσαι),
Το κιμπαλίκι είναι μισή αρχοντιά,
Ου Θεός κι ου γείτονας,
Ο άτυχος τύχη γύρευε κ' ηύρε την ατυχία,
Σ' εγύρευα με το κερί και σ' ηύρα με τον ήλιο,
"Ένα χελιδώνι καλοκαίρι δέν κάνει, ούτε μιά μέλισσα μέλι",
"Γίδα ψουριάρα, νουρά κουρδουμέν'",
"Όποιος δεν ακούει με λόγον, με το ξύλο",
"Όποιος δε μιλάει, τον θάφτουν ζωντανό",
Το ήμερ' αρνί βυζαίν' δυο μανάδες,
Κάλλια κακοπανδρεμένη ή κακοκουβεντιασμένη,
Αν δεν έγινες νύμφη από τον πλοκόν όμως είδες,
Μουλάρι παίνα κι' άλογο καβαλίκα,
Τον βλέπω 'ς τα καλά καθούμενα,
Τώρα τούρθαν τα γιαλάδια,
Ούτε πήρα ούτ' άφηκα,
Το μ'σιακό το βόδ' το τρώει ο λύκος,
Πάρι κλαδί κι μαύλα,
Αυτή είναι μήλο γι' άρρωστο,
"Ο πισμάνης τότε μόνον οφελιέται όταν δεν ματακάνει ό,τι έκανε",
Κατά τον δρόμον και το περιπάτημα,
Επιάστ' από δουλειά,
Δεν του παίζ' ου κασσιδιάρ' ς του κλουτσοσκούφι,
Γλάρος,
"Τον Μάρτη βάλ' εργάτη, ας τον κι' ας ψειρίζεται!",
Γάμος χωρίς βγιολί και κάτουρο χωρίς πορδή,
Άγγιξε το μαχαίρι στο κόκκαλο,
Ή μκρός μκρός παντρέψ' ή μκρός καλουγιρέψ',
"Όσα δεν φτάνει η αλωπού, τα κάνει κρεμαστάρια",
Κάμε με προφήτην να σε κάμω πλούσιο,
Απού ένα σφαχτό δυό τουμάρια δε βγαίν'ν,
Είναι γομάρ' της Παναϊας,
(Κοντά στο) μετά πνευμάτων δικαίων,
Ελώσαν τα γιλέκα μου σαπήκαν οι γιαρμοί μου,
Κάηκ' η βάβω στο κουρκούτι και φυσάει 'ς το γιαγούρτι,
Τ' αντάμικο το βόϊδι το τρώει ο λύκος,
Ο πρωτινός του πισινού δοκανίκι,
Χέστηκεν αφέντης πόκλανε,
Όψιμος υιος με κόρη δεν θερίζει,
Την έρριξε την καταξυλή,
Αλλού ο καλόγερος κι αλλού τα δισκακια του,
"Στάζ' η μύτη σου γαμβρέ, στάζ' πο το χειμώνα",
Θα του πλέξουν το γαιτάν',
Αναθεμα που ζούγονταν τα τρία καλά σαββάτα τσ' Αποκριάς και της Τυρ'νής κι' αυτου προς τ' αη – Θοδώρου,
"Τουν έχει ''σ'ιούτι σ'ιούκ', κάτσι κάτσι''",
Είνε μακρυά το σκοτάδι; κλείς τα μάτια να το ιδής,
"Λάχανα στη μάννα μου, λάχανα στου σπίτι μ'. Κάλλια ήταν στη μάννα μου",
Για να δείξω του πίξειου και δίξειου,
"Από πορδή σ' αγγόνι, γεια σου ξάδερφε",
Από δυό λιθάρια βγένει αλεύρι,
Άλλα ο γάιδαρος κι άλλα ο γαϊδουρολάτης,
"Γύρα, γύρα το γεράκι ως τα δίχτυα θε να φτάκη",
Τα καμαν κλουτσοσκούφι τα λεπτά,
Απόμεινε σαν η Σούλτω με την μπογιάν,
Πήγι για μαμή κι γύρ'σι στα βαφτίσια,
"Ακόμη δεν τον είδαμαν, Γιάννη τον φωνάζομεν",
Τ΄ αδύνατα στους ανθρώπους δυναταί παρά τω Θεώ,
Για δες πως τόφερε ο καιρός πως τάφεραν οι χρόνοι να παιζ' ο λύκος με τ' αρνί κι' ο γκιώνης με τ' αηδόνι,
Με μάτια κλεισμένα,
Ανακατώνιτι κι αυτός σαν η τρίχα στου κουρκούτ,
Σαν το ψάρι 'ς το δίχτυ,
Ου ζουρλός είδι του μιθυσμένου κ΄ έφ΄χι,
Τι έχου; Τι δεν έχου ρώτα,
Κόβ' λόρδα,
"Όποιος γνωρίζει και ομιλεί τρείς γλώσσες, έχει τρείς ψυχάς",
"Ξύλα κούτσουρα, δαυλά καμένα",
Τρείς μέρες το θάμα κι άλλες τρείς το παραθάμα,
Απέθανα 'ς τα γέλια,
Αν τ πέσ' η μύτ' δε σ' κύβ' να 'μ πάρ',
Ο γαμπρός και το πεπόνι πολύν κόσμο που λαθώνει,
Έπαιξι τουν άσσου τ',
"Όχι καθώς ήξερες, νύφη, αλλά καθώς ήυρες",
"Θα πηδήσου μάννα, να σε ιδώ γιέ μου",
Όταν θέλω το 'χω 'ς το χέρι μου,
Αφήκανε το γάμο και πάνε για πουρνάρια,
Είναι απάνω στο αϊβάζι να παντρευτή,
Ο Θεός κρασί δεν πίνει,
Άλογο σιδερικό ήγουν δυνατό και ποδοφτερουγάτο,
Αλλοί τον δέρνουν δεκοχτώ και δεν τον δέρει ο νους του,
Δ'λεύν' τα βόϊδια κι τρών τα γουμάρια,
Από σιγανό ποτάμι μακρυά τα ρούχα σου,
Έσβησα 'ς τα γέλια,
Ήλθε 'ς τη χαρά μου κ' έκαμε άσπρο πάτο;,
Είδ' ου ζουρλός τουν μιτζμένου κι αναμέρσι,
Το βαρύδι της ζυγαριάς,
Θέλει κι ο Μούτσιος καφέ να πάνη με τα γίδια,
"Πωλεί τη μάννα του, ποιος την αγοράζει",
Απόστολος παρήγορος χασάπικης ειρήνης,
Τι έπαθαν τα πάθια 'ς τον κόσμο,
Ας με λεν' Κοτζαμπασίνα κι' ας ψοφώ από την πείνα,
Το πέρασε το ποτάμ',
Ο κλέψας του κλέψαντος,
Του έβαλα τα δυό πόδια σ' ένα παπουτσι,
Ποιος δε θέλ' τα λίγα χάν' κι τα πουλλά,
"Κάτσ' αυτού, παραδαρμένε, κι οτ' ιδής μη μολογάς",
Αμ' έπος κι αμ' έργος,
Πλάκωσ' ο γρίβας,
Μάρτις γδάρτης σακκουλοτινάκτης,
"Δεν έχει καλόν σεϊζη, πούλα τ' άλογο!",
Ο παππάς και το γουρούνι το χεινόπωρο παχαίνουν,
Τον κόπο διάφορο και τα παπούτσια χάρ',
Ξέρ΄ ο Γιάννης τι έχει μέσ΄ στον τροβά του,
Τόφκιακι σαδ',
Σαν ο ποντικός στον πάλιουρα,
Απόχτησ' η ζούζα μας κοπέλλα κι η κυρά μας άλλον άντρα,
Ηύρ' η νύφη μας το γυνί' πίσ' από την πόρτα,
Ζόφος και Έρεβος,
"Γυαλί, μαλλί και σίδηρο",
Σι γύριβα μι του κηρί κι σ΄ ηύρα μι τουν ήλιου,
Απόλκε τ γλώσσασ τ μια ουργυιά,
Έκονψι καρφιά,
Απομνίσκω σαν η Σούλτω με την οκνά,
Εμπήκε ο λύκος με νουρά και βγήκε κωλοβός,
Ζευγάρι και κλωνή,
Το βιό μας 'ς τη βιά μας και το κρασί 'ς την κλιά μας,
Έχ' βούβα αμπάρια 'ς το σπίτι του,
Οι γύφτ' πάν' ακάλιστ',
"Τί κάνεις, γέροντα; Κουκιά σπέρω",
Μόκατσε πλάχτα,
Κατρήθκι στα γέλοια,
"Έγεινε εκεί μέσα ένα μπατηρτή, όμοιο, με το ανάστα ο Θεός",
Πήρε άρατα πύρατα,
Η πείνα μάτια δεν έχει κι΄ αν έχη τι τα θέλει;,
Ακόμη από τους δυνατούς ευρίσκονται ψωμιά,
Το πονηρό πουλί πιάνετ' από τη μύτη,
Δείπνα πεθερά κ' έλα να σε ψυλλίσω,
Εχι΄ου κιρός γυρίσματα κι΄ου μήνας έχι ΄βδουμάδις,
Η σοφία νικάει σήμερα την αντρεία,
Αρματώνεσαι σαν γαμβρός,
Δουλεύ' τα 'νένηντα εννιά,
Οι πολλοί κάνουν πολλά κι' ο ένας καγκανένα,
Σι γύριβα μι του κηρί κι σ΄ ηύρα μι του ήλιου,
Ο ξένος και ο πόταμος τον τόπο τους γυρεύουν,
Σαν η πέρδικα στο κλουβί,
"Αλλού παπάς, αλλού τα ράσα",
"Άλλοι μεν  σπείρουσιν, άλλοι δε αμήσσονται",
Τσίτα παράς είνι,
Όντας θέλ' η νύφ' κι ου γαμπρός μούντζις νάχι ου πιθιρός,
Η μπεκιαριά είν' αρχοντιά,
Τόν αέρα σου,
Ο νοικοκύρης ο καλός πο το σκυλί του φαίνεται,
Έτσι θα πάρωμε την Πόλη;,
Έχει νουν και ανωνούν,
"Θέλω να σύρω λεβεντιά και καταντιά δεν έχω. Μου λείπ' η σέλλα του βρακιού, τα δυό τα πηδουνάρια!",
"Πότε σκάζ' ο ζωντανός, όταν κλάν' ο πεθαμένος",
Ερωτοίν την Φατιμέ πότε πιάνουν μπαϊράμι,
Τον τσάκωσε 'ς τα πράσα,
Ν έδισι τ γουμάρα τ,
Φωνάζ' ο κλέφτς να φύγ' ο νκοκύρης,
Ψύλλ΄ς στ΄ άχυρα γυρεύ΄ ς,
"Είπ' η χέστρα της πορδούς, Φεύγα κι μι βρώμ'σις!",
Δεν τ κρατάει ου κώλους,
Ου πνιμένους απού τα μαλλιά τ' πιάνιτι,
Καθαρός ουρανός αστραπή δε φουβάτι,
Δουλιά ανηφορηκή .....,
Πέθανι απου του κακό τ,
Έσβησι στα γέλοια,
Όποιους εκακκάβουσι να ξικακκαβώσ',
Δεν μου πιάνει το μάτι,
Να σ' δείξου πόσ' απίδια παίρ' ου σάκκους σ',
"Μαυρομοίρα, που 'χες άντρα ολ' επνίχτ'καν και συ έρθες",
"Τα μικρά δεν ήθελες, τα μεγάλα γέρνεις, σύρε το χερόμυλο",
Κάηκ΄ ο βράκαρους κουμπάρε – κι αυτό του ξέρου,
"Ουδέ συ παπά, στα Φώτα, ουδ' εγώ στον αγιασμό σου",
Στην καλή τη μηλιά ρίχν'ν το λιθάρ',
Άλλοντι έρρ'ξα στ' άστρι 'γω;,
Τα γενόμενα δεν απογένωνται,
και τήν πήτα γερή και τό σκυλί χορτάτο,
Αν βρέξη ο Μάρτυς δυό νερά κι ο Απρίλης άλλο ένα και αν του δώξη και του Μα να μιλοψυχαλίση,
Ο αρβανίτης όταν δεν έχη τι να κλέψη κλέφτει τη πέντεια του,
Τ'ακριβού η μάννα στο παζάρ' πουλειέται,
"Ό,τ' κάν'ς θα λάβ΄ς – καρδιά μη σι πουνέσ'",
Από σημειομένον ο Θεός να σε φυλάη και ο Παύλος λέγει: Φύγεται τους σημειωμένους,
"Αφορμή το ήθελε, κι' ο Θεός το 'στειλε",
Κάηκι η μπάμπου στού κουρκούτ' φυσάει κι στου γιαούρτ',
Άνθρωπος που κουβαλάει κρασί και πίνει νερό,
Της καλής προβατινός κρεμούνε το κουδούνι,
Δεν έχ' απού τουν ήλιον μοίρα,
Αλλού κτυπά το όνειρο κι' αλλού βροντά ο μύλος,
Γής μεργιάν,
"Άνθρωπο βλέπεις, καρδιά δεν γνωρίζεις",
"Δυό ασκιά κι όποιο σπάσει, ας σπάσει",
Την έχουν με το σιούρι,
"Γυρεύει λόγια, σαν ο σκύλος τα κομμάτια",
Η νύφη αφ'όντα γεννηθή τημ πεθερά ομοιάζει,
Γίδα ψουριάρα νουρά κουρδουμέν',
Μη πέτεσαι ποτέ με τη γνώμη σ΄κι όντας είσαι μοναχός σ' ρώτα και το δικανίκι σ',
Κόρ' ελούστη τ' Άη – Θοδώρου κ' έλαβε τ' Άη – Λαζάρου,
"Ο μύθος οπού λέεται, γίν'κε κι' ομολοέται",
Είν' εχούμενος,
Τα κόκκαλά του στ' Αλμπασάνι,
Τιμή να χη η Σαρακοστή μας,
Να λέμε και να στρέμε,
"Ήλιος ήταν κι έβρεχε, ξεστεριά και χιόνιζε",
Το σχοινί ξέρ' τι έχ' το σακκί,
Έχει τον κώλο στη στάχτη και τη μύτη στον ουρανό,
Έπαθε των παθών μου τον τάραχον,
Να σε σκίσεις ορθόν θα τον βρής μέσα μου,
Του τα ξάφρισα,
Γιατρός του εαυτού του καθένας πρέπει νάνε,
"Όπιους δε θέλ' να ζμώσ', πέντι μέρες κουσ'κινίζ'",
Πενήντα γρόσια τ' άλογο κι' εξήντα το σαμάρι,
Χίλια σκόπια στον ξένον κάλο δεν είναι τίποτε,
Ο μπιτιαβιτζής απέθανε κι' ο γονιός του πάει ς' τη πόλη,
Ούτε και ορνίθια έχω ούτε και αλουπού φοβιούμαι,
Όποιους έχ' γκίζα κί δέ μ' δίν' να τ' μουχλιάσ',
"Σαράντα φάε, σαράντα πιε, σαράντα κάνε για ψυχή",
Μάτια πραμμάτεια,
Άλλαξι του φαΐ,
Κ' οι δυο τον ίδιο ζγό τραυούμε,
Είνι να τουνγ κουρτίις κι να κάθισι να τουν ακούς,
"Στου κουφού τημ πόρτα, όσο θέλεις βρόντα",
Δεν κάθεται μυίγα στο σπαθί τ',
Εξέσπασε ο λόγος,
Μι ν' αράδα σα στου μύλου,
Θέλει κι ο μούτζος κ' η Ζαφείρω λεφτόκαρα,
Ο Μανόλης με τα λόγια φκιάν' ανώγεια και κατώγεια,
Εγώ γελώ τους δώδεκα και χίλιοι γελούν με μένα,
Παιδί είναι κι' ας παιδεύεται,
"Δεν τα 'χω γανωμένα τα μούτρα μου, όπως τα 'χεις εσύ",
Τα δέκα ένδεκα και τα εννιά καΐπι,
Χυτή 'ς το καλούπι,
Ήρθε στην ξύφαση,
Ας μιλούμε κι ας γελούμε να μην λαίνε πως πεινούμε,
Ο ζουρλός κουδούνια φόρειε κι αν τα φόρειε ποιός τα θώρειε,
Ο άνθρωπος χορταίν' από τ' αυτί και το ζώο από το στόμα,
Τ' είδα γώ και δε χορεύω είδα τσίτσι ς τι περόνι κι αν γό ς την παραθύρα,
Από τρίχα κρέμεται,
Δεν έχ' ουρθή κι ανάπουδ',
Ήλιους κι βρουχή – παντρεύουντ' οι φτουχοί. Ήλιους κι χιόν' – παντρεύοντ' οι αρχόντ'. Ήλιους κι' αντάρα – παντρεύουν τηνγ κουμπάρα,
Του γουργό κι χάριν έχει,
Περπατάει άμποτε και κάμποτε,
Περιμένει να πέσουν του κριαργιού,
Τρέχα ξύγκι στον παστό,
Εκεί όπου δε σε σπέρνουν να μη φυτρώνης,
Ο παπάς είν' κάρβουνο π' αναμμένο καιγει και σβηστό μουνταλώνει,
"Γέρος γάτος, τρυφερά ποντίκια θέλει",
Έγνοια σου έχωμε 'μεις ράμματα για την γούνα σου,
Για δείξι μας τς πλάτις σ',
Δεν είδα απού τα μάτια κι΄ να ιδώ απού τα φρύδια;,
Είναι ζπουδιάρης,
Ζάβωσε η γνώσι του,
Να σου ψάλλω τα κάλαντα,
Μας μπήκε στες μύτες,
"Έρριξε κάτω τα μάτια του, εντροπιασμένος",
Επήρε τα μπελίγκραβα,
Να και νο μου και χαρά μεγάλη,
"Μι τουν ήλιου τα μπάζουν, με τουν ήλιου τα βγάζουν, τ' έχουν τα έρμα κι ψουφούν;",
Απού ν ανιβρουχιά καλό 'ν κι του χαλάζη,
"Κότα πίττα το Γενάρη,κόκοτο τον αλωνάρη",
Ούτ' ενός γομαριού άχυρο,
"Όταν πήγαινε να τα μάθη, εγώ γυρίζα",
"Ουδέν κρυφόν, ο μή φανερού γενήσεται",
Κεφάλι σαν ταγάρι,
Του γένομαι αγκούσα,
Τ΄μαζ τα πουρτιά τ΄,
Να καναν όλες οι μύγες μέλι θα τρώγαν κι΄ οι γύφτοι με το χουλιάρ΄,
Τον έπιασα με τα χέρια μου,
Αρίφης έφαγε εν αυγό κι αλύφθικε ως τ' αυτιά,
Κρούει και διαβαίνει,
Ε πήγες παιδί κι ήρθες γέροντας,
Οπ' γιαχνί κι αυτός πεπέρι,
Είναι σαν το μήλο το κοκκίνοπου μέσα το τρώει το σκουλήκι,
Τάθελε ο κώλος του,
Μπόσικες δουλιές,
Άλλαξ' ο κολιός κι έβαλε το φέσι αλλιώς,
Τουν άφ'κι στα κρύα τ' λουτρού,
"Σου λείπ' μάννα, δε σου λείπ' λαγγιόλ'",
"Σώσον, Κύριε",
Που σι παν οι ζουρλουπαπάδις,
Όσο κι αν ξεπέση το βουβάλι πάντα το τομάρι του αξίζ ένα βόϊδι,
Μάτια π' δε βλέπουντι γλήγουρα λησμονιούντι,
"Τ' αρεσκούμενο του ανθρώπου, το καλλήτερο του κόσμου",
Σαν το σκυλί στο λάκκο πάει,
"Είπα σου κυρά να κλάνης, μα να μη το παρακάνης",
Να είσι καλά τουν Αύγουστου μι δικσυχτιό βελέντζις,
"Όσο να ξεπέσ΄ το άτι, άτι είναι",
Από τον καιρό του κατακλυσμού,
Κατά του μάγλου κι τουμ πάτσου,
Τείν' η μύγα τείν' η σπλήνατς,
Έφθασ' ο κούμπος στο χτένι,
Σαν ο γύφτος τ΄ άργανο,
Μαύρος κι άλαλος και πειροσκοτινιασμένος,
Μελαχροινή κι νόστιμη σανγ κότσα με λειμόνι,
Με τον θ'κό σου φαε και πιε κι αλισιβερίσι μην κάνης,
"Ποιός σκάφτει λάκκο του αλλουνού, ο ίδιος πέφτει μέσα",
Όμοιος στον όμοιο κ' η κουπριγιά στα λάχανα,
Έχεμε και μίσησέ με,
"Όσο φτάν' το πάπλωμά σου, τόσο άπλωσ' τα ποδάρια",
Μου το βγαλε απ' τις μύτες,
Τον έφκιασε απ' άσπρου,
Γι' αυτό μου λάλησε τ' αυτί,
Μι του ψαλίδ' κόβιτι ου δέντρους,
Για την τριχιά πά' η τζιούμα,
Γύφτους κρούει γύφτους σκούυζει,
Πέντε μήνες έξ αδράχτια,
Ζήσε μαύρα να φας τριφύλλι τον Μάϊ 'ς τον Απρίλι,
Πήρι τσιν αχό απ' τ' βαρειά,
"Όλα είν' υφάδια της καρδιάς και το ψωμί στημόνι, και το καϊμένο το κρασί όλα τα θεμελιώνει",
"Αυτή πώρθ΄ όξου, ας έρθ΄ κι μέσα",
Είπ' ου γάϊδαρους τουν πιτεινό κιφάλα!,
Ρώτα και τη γυναίκα σ' καμιά φορά,
Είναι η νήλα κατά ηλιού,
Ή μικρός μικρός παντρέψ' ή μικρός καλογερέψ',
"Βρύζα, στάρ' ένα παζάρ' ;",
Άλλος ανάφτει την φωτιά κι άλλος την ανεμίζει,
Έγινες θέατρον,
Το πολύ το Κύρι' ελέησον βαρεί και των Αγίων,
"Ου όντα πάαινες εσύ, γύριζα εγώ",
Τα ζύια τση νύχτας,
Του 'δωσα τα παπούτσια 'ς το χέρι,
Έχει η νύφη μάγουλα μα έχει κ' η γειτόνισσα,
Μία κι απ' έδου παν οι άλλ',
Πως παν τα παιδιά σ' κόρακα; Όσομ παν μαυρίζουν,
Η ζούρλια κέρατα δεν έχ' απού κάτ' τέτοια φαίνιτι,
"Ο ακριβός κι ο ψέφτης, γλήγορα κάνουν παζάρι",
Πλάει μέρα για νύκτα,
Σαν 'ς τον κόρφον της μάννας του,
Δεν κοβ' δρόμο,
Είναι π'λι αχόλιαστο,
Άλλους Πάσκα κι άλλους χάσκα,
Όποιους δεν έχ' γνώσ' έχ' πουδάρια,
Από την Πόλιν έρχομαι και στην κορφήν κανέλλα,
Ου Θιός να σι φ'λάη απου σημειουμένουν άνθρουπου,
Μήπως μπήκαν αι μέρες στο σάκκι,
"Γίδ' απορριγμέν', ουρά σκωμέν'",
Μήνα τ' βαρεί η γνώσ';,
Του νέου τα νεάτα και του γέρου η αρμάτα,
Το γουρούνι εκεί που βάζει το ξύγγι του εκεί τ' αφήνει,
Αλλού ο παπάς κι' αλλού τα ράσα τ',
Κι ουμπρός βαθύ κί πίσου ρέμα,
Λασποκύλισέ με και κορφοθέρισέ με,
Όπου δεν γελάει το πουρνό ουδέ το μεσημέρι,
Δωσ' τ' πέντε καλάθια μούντζες,
Γιατρέψου συ πρώτα γιατρέ κι απέ γιάτρεψε τσ' άλλους,
Εφτά 'χει ο μήνας,
Τον ήλιο έχω ήλιον και σκαμνί,
"Άβιβλος ιερεύς, καθαρός ψεύτης",
Ούτε πότε κολοκύθι. Ούτε πότ' εστράβωσ' ο λαιμός του,
"Τρέχει η μύτη σου γαμπρέ, τρέχει απ' το χειμώνα",
Κουφού καμπάνα κι' αν λαλής τυφλόν κι' αν θυμιατίζης και μεθυσμένον κ' αν κερνάς όλα χαμένα τα χεις,
Από το στόμα του λύκουστου λιονταριού,
Να ξαναγίνω νύφη να ιδής πως καματώνω,
Κατά του κιφάλ' κ ιτου ξιουράφ',
"Τη γίδα γαμούσαν, τον τράο πονούσ' ο κώλος",
Όποιους κλάν' χέζ' του γιατρό,
"Δώδεκα χρονών κορίτσι, δεκοχτώ παλληκαράκι",
"Αντίς να με φάη ο τσάκαλος, κάλλια να με φάη ο λύκος",
Γραμματογδάρτης σουφρωτής,
Σου τα κάνω κλάψα,
Αφσι του γάμου να πάμι για πουρνάρια,
Του πουλύ του διάφουρου τρώει κι του κιφάλ',
Του τρελλού δεν του κρεμούν κουδούνια,
Ντρέπεται σεν κορίτσι,
Ο Θεός δεν την στρέγει την αδικία,
"Πέρ'σι έκλασε, φέτο βρώμ'σε",
"Κατηγορεμένο μου παιδί, καλέ μου νοικοκύρη",
Ζήσε μαύρε μου να φας χλωρό τριφύλλι,
Το μασε άρ' μούρ',
Είναι πιπέρι,
Ακόμα βρέχ' στα Γιάϊνα,
"Από τα καλά συναγμένα παίρ' ο διάβολος τα μισά, από τα άδικα κι αυτόν κι αυτά",
Είναι το λύσε δέσε,
Το μάτ' είναι κιοτής και ο πλάτης είναι μπούρας,
Η πουλια βασιλεύει κι οπίσω παραγγέλει: Ούδε τσομπάνος στο βουνό κι ούδε βοσκός στον κάμπο,
Τ'ν έκουψι τ'ν ίγγλα αυτός,
Πάρι άνθρουπου απού σόϊ κι σκυλί απού κουπάδ',
Είνι νά μή μού λείπη τό παγούρι μέ τή ρίγανη μέναν!,
Η πλάλα τς γάτας απ' του σπίτ ως τν αχυρώνα,
Κάνου πλάτη,
Σ' κώθ' κι μι τα πλιά,
Του ξύλου τς μάννας μ' γίνιτι κουρμί κι τα λόγια τ' ξέν' γίνουντι σπαθί,
Σαϊτάνης,
"Του κούν'σι, του κούν'σι ου βλάχους άλλου κουντά, του είδι που είνι Κυριακή η Λαμπρή",
Δε σι θέλνι στου χωριό κι σύ ρουτάς για τ' παπά του σπίτ',
Να είχα πουτάνας ριζικό και ακαμάτρας μοίρα,
Του καλό πουλί φαίνετ' απ' τη λαλιά τς,
Ούτι για όρκου δεν έχουμι αλεύρι,
Είδα τουν ήλιου προυτότιρ' απού σένα,
Έπαθε τον αλίμονο,
Είν' αηκουσμέν' αυτήν,
(Μ' σ' ή τ') όβαλε στ' αρξαύτι,
Παίρν' αντίδωρον απ' ούλης τις εκκλησίες αυτός,
"Τί χαλεύουμι του ντουρό, αφού γλέπουμι του γλάπ'",
Είνι άνθρουπους τς πλάλας,
Αυτός βαστιέτι!,
Να μ' δώης νια πιντάρα τυρί κι ναν' κι σβώλους,
Σαν τον κόσσ'φα με τ' αμπέλι,
Σεις κι μούτρα,
"Ό,τι έβριξι κατέβασι",
Η αλπού δε χουρταίν μ' ακρίδις,
Ζεστή κι πιταχτή κι καρπό απού κώλου τρώει κι πάει στη δλειά τ',
Κρασί βιρισέ μιθάει κανένα δυό φουρές,
"Θέρους, τρύγους, πόλιμους, δε σι καρτερούν",
Πείσμουσι ου καλόγηρους κι έκουψι τ΄ αρχίδια τ',
Το παθε σαν κείνον με το σκορδοστούμπι!,
Ζήσι μαύρι μ' να φας τριφύλλ',
Έχ' κι' αυτός τ' αγκάθι τ'!,
Εχ' ίσχιον αυτός ου άνθρωπος,
"Κιρός πανιά, κιρός τυριά",
"Σήκου σήκου, κάτσι κάτσι τν έχ' αυτός τ' μάννα τ'",
Έχ' τ' μύγα στού σκιάδ',
Ζη μι τμ πλάτ',
Θκό κι ξένου του ίδιου είνι,
Πίν αίμα αυτός,
Σα βριμέν' γάτα καθέτι,
"Πλάκουσέ τα μ' αλάτ' τώρα, καθώς τα καταντ'σις!",
Αυτός χέζ' μι ξένουν κώλου,
Είνι κουντό του μνυαλό μ',
"Ρώτ'σουν του διάολου, που μπουρεί να τουν βρουν, κι τς είπι, ή στου φύλλου τς λεύκας ή στου καϋμάφ΄τ΄παπά",
Το ροκάνισε το Βαγγέλιο,
"Κατ' απ' βρίσκ' ου άνθρωπους τα κάν', όχ' κατ' απ' ξέρ'",
Αυτά ένι λόϊα τς καραβάνας,
Έφ'γι απ' τα όρια,
"Αμ' ανκούς τν αρκούδα στ' γείτουνά σ' τμ πόρτα, πιρίμινε τ' κ' στη θκή σ'",
Ήσαν συ κουμπλές κι πήρις τον σβάρνη!,
Τ' γέρουντα ου πόρδους αν βρουμήσ'! Ου λόγους δεν βρουμάει,
Τι' κάν'ς Γιώργον; -Σκαντοχερία κάνου,
"Αργουμοίρα, καλουμοίρα",
Έυσα τα νύχια μ',
"Ούτι πουτέ σ' είδα, ούτι κακό να ιδής",
Είνι κιφάλ' τ' κιαρατά,
Κόψτι τμ πίττα τώρα,
"Του πουλύ το Κύργι ηλέησον, του βαρειέτι κι ου Θιός",
Πήρι τα βριμένα τ' κι πάει,
Α! του γυρίζου άλλ' πάντα κι δε μαγαρίζνι,
"Του κούν'σι σιαδώ, του κούν'σι σιακεί",
Κι τς δυό κι γλήγορα,
Νύφη με τα τέλια και γαμπρός με τα κουρέλια,
"Κατά μάνα, κατά τάτα, κατά γυιος κι δυχατέρα",
Δεν τς κλαίς του χάλ'! Κλάψι του χάλ' τ' π' δεν έχ' να φάη!,
Κιντρί του διαόλ' είν' αυτός,
Τρέχει πουτάμ' αυτου,
Να ιδής πότε ξουρίζ'ν του γαμπρό!,
Σα σπαράγγ' θα σι κόψου,
Δεν είν' μέρα πθινα τώρα του έρμου!,
"Τ' αυγό να κλίσ', τ' αυγό θα χαλάσ', του λ'θάρ να κλίσ' πίσου τ' συγό θα χαλάσ'",
Τι να κάμουν εφτά τραϊα σε δυο παπάδες,
Είνι διαόλ' σακκούλα αυτός!,
Πρέπει νάναι νηστική η νοικοκυρά για να φάνε οι μουσαφιραίοι,
Στ' βράσ' κουλλάει του σίδηρου,
Ούτι στουν κώλου τς δεν τουν έγραφι,
Αυτός είνι απούτ' βρώμα τ',
Ιγώ οι κβιντιάζου κι συ γιατί χαμπέρ' σαμπαν'!,
"Κλείσ' τα μάτια σ' τη πάρ' του κι',τι γέν' ας γέν'",
"Δεν τόχω πως έπεσα, τόχω πως λασπώθηκα",
Δεγ κουλάζισι απ' αυτήν τ' δ'λειά,
Παίρν' του φτυάρ' τ' ν'ρο,
Ρίχνου λάδ' στ' φουτιά,
Αυτός είνι μπουμπουνισμένου κεφάλ',
Η μέρα γλέπ' τς νύχτας τη δ'λειά κι γιλάει,
Δεμ πέφτ' τς κλιάς να πιθάν' ου κόσμους,
Θέλ' γαμπρό μι μάτια κι αυτός,
"Αν δεμ παινέψ'ς του σπίτι σ', πέφτ' κι σι πλακών'",
Μ'όφαϊ του τσιγάρ' τς καρδιάς μ' αυτός,
Έχ' ικατό ουκάδες μούτρα,
Πάρ' τουν στου γάμου σ' να σ' πή κι τ' χρόν',
"Ο, τ βληθή ου άνθρουπους του φκειάνει",
Κ'λάμι τουγ κιρό μας σαν τα λ'θάρια στου βράχου,
"Ό,τ' θα πάθ' ου κόσμους, ας πάθ' κι' ου Κοσμάς",
"Θέλ' λάδουμα ου τρουχός για να ξικ'νήσ', αλλιώς δεγ ξεκ'νάει",
Είμαι σ' άλλον κόσμο,
Τα λόγια δεν κόβνι μέρις,
Για τμ πουμπή τ' σταυραϊτου γάμσι κι συ χιλώνα,
τι μαύρα γράμματα μας καρτιρούν,
Αρβανίτικο κεφάλι αυτός,
Γάμους γένιτι δεγ ξέρς π' θα πέσνι κουτζίδια;,
Πιάσκες από νεφραμιά,
Δε θ' ακούσ' κούκκου αυτός,
Θέλτι μουσαφ'ραίους; Χίλιους καλούς,
Τα κόβει και τα ράβει,
"Πάφλας πήϊς, ντινικές γύρ'σις",
Τουν έφαϊ μι τα λ'μά αυτός,
"Δεν τ' βουλεί, θ' απλώσ' τραχανά!",
"Αλλ' απ' του γιακά, αλλ' απ' τα πουδάρια τ' αρπάζ' τα λόϊα",
Βόϊδι απ' τουν κείθι καμπου είνι αυτός,
Παρηγουριά στουν άρρωστου όσου ναβγ' η ψ'χή τ',
Να πάς εκεί που ψαίν' ου ήλιους του καρβέλ'!,
Κλώθ' σα λ'χώνα,
Σε σάπιου ξύλο δεν πατάει. Ξέρς τι είνι αυτός!,
Έχ' ου γάιδαρους ανάγκ' απ' τ' αγκάθια!,
Πθινά δε ζισταίν' φουτιά!,
Κ'μάμι με τς κότις,
"Ού πουλύς ου ανήφουρους, φέρν' κι κατήφουρου",
Μ' γαμήθκι του κέρατου,
Μ' έβαλι στ' άβαθα τς γης αυτήν,
(Άμα του είπα να μ' πληρώσ' του χρουστικό) πιάσ' τουν κι δέσ' τουν,
Ήθιλι να την λεν Αλή Μπεΐνα κι ας ψοφάι απ' την πείνα,
Είνι πιτσί κι κόκκαλα,
Είμι καλό μ' θέλ'ς,
Τριγών'ς πήγε τριγών'ς γύρισε,
Αυτός την έχ' την κασσίδα άπ' πάν' άπ' τη σκούφια,
"Τον ηύρα τον διάουλό μ' (μη σέναν, πιδάκι μ')",
Ου καβαλλάρ'ς δεμ π'στέβ' τουμ πιζόνι,
Τουν πατάει του σαμάρ κι δεμ μπουρεί να κάμ' αλλιώς,
Γίν'κι σκούπρα,
Γυρίζω τα ξυροτύρια,
Σ' παίρν' τ' χάντρα απ' του μάτ' σ',
Τι κούναε από σέναν η μάννα σου!,
Απ' τα μούρα ως τα σύκα έκαμες,
"Όσου θέλ'ς δουλίβι, όσου θέλου θα σ' δώκου",
Γέννησι η γαϊδούρα του γαϊδρόπλου για τουν κώλουτς,
Έχ΄ του γύρου τ΄,
ηύρι τουμ πατέρα τ',
"Μαύρο είν' κι το γαρύφαλλο, αλλά πλιέτι μι το δράμι",
"Του πάρσ' μου είνι καλό, του δόσ' μου όχι",
Βαρδούσ' είσι,
"Άπιαστα π'λιά, χίλια στουμ παρά",
"Όποιους δεν τουγ ξέρ΄ αυτόν, ακριβά του αγοράζ΄",
Αυτός είν' φλουέρα από μυαλό,
Είχα τ' μυίγα μ' στ' σκιάζα,
Θέλ' δάγκουμα,
Πιδί δίχους αμαρτία,
Τ' μπήκε απού καλή μιριά,
Ξυόμι κει π΄ δε με τρώει,
Κατά του πέσ' μου π' θα κάμουμη,
Τα κωλοκοσκινίζει,
Καλό είν' κι ταρπακόγ'λλου μι του ρουί του λάδ',
Απ' τη ρίζα πιάσ' κι όχ' απ' το κλωνάρ',
Ξηράθηκε η γούλη απ΄ το τομάρι,
"Ράψι, ράφτη, γιατί κάηκαν τ' άχερα",
Σουϊά καρπην'σιώτ'κι γίν'κι,
"Δέσ' του γαϊδούρ', να μημ ψάχν'ς",
Εφάϊ κτουχόρταρου,
"Ισύ κ΄λιά πνας, ισείς μάτια, γιατί δεν κλήτι",
"Μιγάλουσαν τα πιδάκια μ', αυγάτσαν τα φαρμακάκια μ'",
"Ξ'νό του προυζύμ', κατά διαόλ' του ψουμί",
Ο άνθρωπος ο πολυβούλης κι ο Θεός ο κοψογούλης δεν τα συμβιβάζουνε ποτέ,
Σαγ κι π' σ' έβγαλα απ' του κ'τί είσι,
Παπούτσι είνι από δόντια,
Παίρνει κι δε δίνει,
"Τριχούμινο νιρό, κοιλιά σπασμέν'",
Γένιτι γάμους χουρίς κριγιάς;,
Πουνιέτι η πατρίδα,
Άκρη στις κουβέντες δε βρίσκεται,
Έσκασαν τα πιδιά τ' μυλουνά απ' τ' δίψα,
"Όταν ξισαμαρουθή τ'άλουγου, τότι φαίνουντ' οι πληγές",
Ου κάλπ'κους ο παράς δε χάνιτι,
Βάλι νιρό στου κρασί σ',
"Όσου να διαβάσ' η ακπού τα φιρμάνια τς, πήρ' ου λύκους του τομάρ'",
"Έχεις θεό, έχ'ς κι παραθιό",
Όσα παν κι όσ' αρθ'νι είν' αυτός,
"Άμα σ' κρέν'νι, απ'λουήσ'",
Δεν έχει ούδι στ' φτέρνα μυαλό,
Πάει κείνους ου κιρός πόζουναν τα σκ΄λιά μι τα λουκλαν΄κα,
Απάν' τα καλά τ' είνι τώρα,
Ας πάη σαμ πάη,
Ου γάμους προυσδιάβινι κι η γριά σουρλουτουμπάνιζη,
Τουμ πήρα για τριαντάφυλλου τη βήκι τσουκνίδα,
Δεν έχ' βραδυάς δείπνου,
Τούχεσαν τουν αγουϊάτ΄ στου ξύλου αυτνού,
Τόχου στου σακκί διμένου,
Τουν έβγαλ' στ' λάκκα,
"Α, ορέ, που τμ πας τγ κλάρα!",
Δεν τα ξέρ' κανείς τα ημηρνά τ',
Οσόχει ο Γιάννος την υγειά όλοι τον αγαπάνε,
"Όποιους δεν τουν ξέρ΄, ακριβά του αγουράζ΄",
"Όπως δείχνουν τα κουκκιά κι μαρτυράει η φλάσκα ούτι φέτους του Χριστου, ούτι του χρόνου Πάσκα",
Έχ' κουλουσφίξ' αυτός,
Πουτσαράς άθρωπος!,
"Πόχ' ζουή τς στιριάς, έχ' τ' πιλάου",
Τν έχ' τ' μύτ' ψ'λά,
Τόχει σιουμπέτι,
Τόκανις σαν του γύφτου μι τα κάρβουνα,
Ιγώ θα πάω τα Χάσια κι αν με θέλτι για παντρειά τρουΰρ τουν Άϊν Κύριον θα είμι,
Ο άνδρος μου 'ς τα ρούμπλα κι ημείς 'ς τα πανηγύρια,
Δεν έχ' ίσιου κρέας,
Όρνιο κλεισουριώτικο!,
Δεν κατιβάζ' η κούτρα,
"Ένα ήταν, τόφαϊ ου ράφτ' ς!",
Πήρι του μυαλό τ' αέρα,
Ου κλέφτς δεν ξέρ' που να δέσ' τ' άλουγό τ',
Κάλλιον φου κι χάψι μπέρι μπόμ κι έλα,
Μπαίν' μι του σακκί κι βγαίν' μι του βιλόν' η αρρώστεια,
Πούθι είσι κλουναράκι; Απού κείνου του κλαράκι,
Θά καταλάβ' ς τί εστί βερίκουκο,
Είνι αψύς σαν τού ξαίδ',
"Κάλλιου αμόνι και σφυρί, παρά γάλα και τυρί",
Είνι παπούτσ' απού δόντια αυτή,
Κάμι του καλό κι ρίξ του στου γυαλού,
Τι τρέχ' η μύτ' σ' γέρουντα; Τρέχ' ατ' του βοριά. Σι ξαίρου κι' απού τοτ π' δεν τράβαϊ ου βοριάς,
Πόχ' ξένο άλογο μισοστρατίς ξεπεζεύει,
Η μέρα θρέφ' του μήνα κι ου μήνας του χρόνου,
Τ'μ πιπίδα να βγάλ'ς (ιγώ δε σ' αηκού'),
Εϊσι (ή είναι) μακριά ν' χτουμένους!,
"Του γάλα απ' τονα του β' ζί είνι γλυκό, κι απ' τ' άλλου πικρό",
Φασούλ' ντου φασούλ' γιουμίζ' του σακκούλ',
Το 'χου δίπορτο,
Ουθ' καή απ' τ'ν κουρκούτ' φ'σάει κι τ' δγιαούρτ',
"Γράψι, Δανιά",
Αυτός δεν αφήν' γίδα να βιλάξ',
Ιδώ είνι κ'κιά μιτρημένα,
Τουγ ξένουν κι τα πλια τουν κυν'γούν,
Παλιός στριϋρους σε παλιό αλών',
Βροντάει σαν καλ'γουμένους γάτους,
Καλά πρόσεξε να μην του πάθς σαν κειν' του γέροντα νια βουλά μη τ' γριά κι μι τ' σκύλα!,
Πολλά καλά έχ΄ου έρμους,
"Θέλουντας ου Βλάχους κι μη θέλουντας ο ζουγράφους, φόρισι, Χριστέ μ, τσαρούχια",
"Το τι βάνω δω, όχι το το τι κάνω τηράω",
Από μυαλό φλουέρα,
"Κ' κιά τρως, ριβίθια μαρτ' ράς",
Γυρίζει με δανεικά αλεύρια,
Σαν αλάχ' του λεν οι βλάχ',
Δεν είμαστε στη Βδομάδα,
"Ειπουμένα, φκειασμένα",
"Βιλουνάκι μ', ήταν τα σ' πιω κι σέναν ηγ κούπα σήμερα",
Αγόρασα τον διάουλό μ',
Σα δυό ώρις νύχτα τόκαμις!,
"Σπίτ΄ π΄ δεν έχ΄ γουνιά, δεν έχ΄ς που τα καθίης",
Σαν τ' παπά τα γρούνια,
Σπίτ' π' δεν καπνίζιτι πέφτ',
Τουν σήκουσαν μι τν τριχιά,
Γαιδούρι Κατιρνιώτικου,
Αγνάντιμι ου λιάρους κάτ τουν Έπαχτου,
"Άμα δε φουραίνη τουν ανθρούπου, τι αν καταλάβ'ς τι είνι",
Του σάπγιου του κ'δων' τα γρούνια του τρών',
"Πέρασα απ' το Λιδωρίκι μου πήρ' ο λύκος το μανίκι, πέρασα κι απ' τη Γρανίτσα έφαγα ρηγανίτσα",
Γνώσ' δεν έχ' κιπίκ μυαλό έχ' ν' αλείψ' έναν τοίχου,
Πανί και διπλάρι,
Πρέπ' να κναη τ' νουρά η σκύλα για να παν τα σκ'λιά κουντά της,
Δεν τ' του παίρν' κουτί,
Τα βάρισι τά λιπτά κι πάει στή δουλειά τ',
Μ' τόβγαλ' πο τ' μύτ' του φαί,
Είναι τρία κουτάκια σπίρτα μια δεκάρα,
Γύφτος ήταν ο πατέρας σου ;,
"Μη σας γελάση ο μπάκακας ή το χελιδονάκι, αν δεν λαλήση ο τζίτζικας δεν είν' καλοκαιράκι",
"Θέλει νανι βαφή να βάψ' νι ταυγά, δε βάφ' νι μι πουρΔες",
"Όσα πέρασ' ου άνθρουπους ξέρ', όσα διμ πέρασι δεν τα ξέρ'",
Έναμ παρά δε δίνου,
"Κί μέναν η πίττα μ' θά καή, αλλά κι σεναν θά δείρ' η μάννα σ'",
Τούν έχ΄ παρά ματιού,
Αυτός γυρίζ΄ παλαμάρ΄ σα βοϊδ΄,
Τα παλιά κουνίσματα τα βάν' νι 'ςτου γ'νειτίκ,
Ξέρς τι πράμα είν αυτός! Είν πουτσους μουναύλακους,
Τιτράδη κι Παρασκιβή τα νύχια σου μην κόβης κι Κυριακή μη χτενιστής αν θέλης να προυκόβης,
"Ψουμί, τυρί δεν έχουμε, ψιλή χοντρή των έχουμε",
Τόκαμαν πλόκου του χουριό,
Τάχει όλα ίσιωμα,
Έπιασι τ' αρνί,
Σαν τα φρέσκα στν παλάσκα,
Δεν απουγέννησαν οι μαννάδες,
Του κάνου ρόϊδου,
Ήρθι στου στατέρ΄,
Ήμναν κριμασμένους κι μι ξικρέμεσι αυτός,
Με το κολάϊ θάρθη κάθε πράμα,
Αυτός δεν παίρν' κουλουδαχ'λιά,
Ο νηστικός κουραμάνα νειρεύεται κι ο ξιπόλυτος παλιοτσάρουχα,
Έχου απ΄τουγ κιρό τ΄σβίνγη!,
Πήρι πουλλές μπουφαριές,
Βρουμάει απ' οθι να τουμ πιάης αυτόν,
Το χ' γκράνα τού κιφάλ',
Τουγ ξαπολάει κάπουτι απ' του πουδάρ',
Μί τ' ν ουρπίδα πουρεύιτι ου κόσμους,
"Όσου τουμ πααίν'ς καβάλλα τουν άλλουν, είσι καλός κι κατάκαλος, τουν άφκης για ψ'χουλα, που σ' είδα που σι ξέρου",
Ηύρες άγιο να προσκυνήσης!,
Είνι άσπρα γέλοια κι μαύρα γέλοια,
Του σκ'λί πόχ' ν' αναπαυσ' έχ' κι υμ πουδούλσσα,
Δεν αγουράζιτι του μυαλό,
Άλαλα κούβαλα,
Πάρα μπήκι στα γράμματα αυτός,
Τ' ακριβού του σπίτ' σι χαροκόπ' χέρια,
Την πήρε τη λάια,
Κερδίζεις του κουραδόκαστρου,
Κάμι μι σουφό (ή νουητό) για να σι κάμου πλούσιου,
Βγάνει ο σύκος άντερα;,
"Γιάνν' τουν ξέρς ιού, τουν ξέρου τα ιγώ, τι θέλς να τα λέμε",
Απ' την ουρά 'ς τουν κόλου κι απ' τουν κόλου 'ς τ'ν ουρά,
Θα τουν κάμου γω να με γλέπ' κι να φεύγ' σαράντα σύνορα,
Θα γένουμι ούλ' γαμπροί,
Σ' έφαϊ ου λύκους,
Έσκασαν τα πιδιά τ' μλουνά απ' τη δίψα,
Του σκ'λί στου γάμου δεν παχαίν',
"Θα ιδής κούκκου, πιδάκι μ';",
"Όποιους προυτουφάει, κουνταγναντέβ'",
Μι τουν αραμπά σ'!,
Κναει τ' νουρά σαν τ' σκύλα κι παν τα σκλιά κουντά τς,
Σι πήρα για βασιλικό κι βρέθκις τσουκνίδα,
Θαηκούσου κι σένα τγ καμπάνα σ',
Δεν έχει καλόν πατέρα,
Το πρώιμο πουλί λαλεί και κελαηδεί,
"Είχαμι τ' γριά αρρώστη, σπαργάνισε κι ο γέροντας",
Τόκαμαν λάδ',
Νιά γριά δεν είχι διάολου κι αγόρασι ένα γρούν',
Ντούρος μπακαλιάρους,
Έκοψα καρφιά απόψι,
"Ικεί π' κρέμαγαν οι καπεταναίοι τ' άρματα, κριμούν οι γύφτ' τ' άργανα",
Σα Σαργιαδιώτη ντύθηκε,
Δεν τουν έχουμι τουγ κιρό στού χερ',
Το παρατράβηξε το σκοινί,
Μαγαρίζει το σκατό απ' αυτόν,
Ου θάνατος είνι σαν τ' βρουχή. Ρχέτι χοιρίς να τουμ περιμέν'ς,
"Όποιος π'ναει, καρβέλια νειρεύεται",
Κάθι πράμα 'ρχέτι μι τουγ κιρό τ',
Τουν έβαλαν στα πιλιντζίκια,
Του σκιπάρνι κάτι λόου τ' τραβάει,
"Κάποιον ρώτησαν, πούθεν είσι, κι είπι : Απ΄ το χωριό τς γυναίκας μου",
Τα σύκα έχουν Αλεστιώτες μέσα,
Δαν'κά λιπτά κι αγύριστα,
Τα παίρνει στον κούρο,
Πήτα που δεν τρως τί σί μέλ' κι' άν καή,
Γένιτι τ' Μανόλ' ου γάμους,
Μί νιά τσικουριά δέν πέφτει ο δέντρος,
Τς καρέκλις τς έχουνι στου μούσκιου,
Μαλτέζος,
Δε μ' γιουμίζ' του μάτ',
Δουλεύει η αρίδα τ' σαν τ' αλόγου την ουρά,
"Βοσκά, γρούνα μ' τι γαϊδούρα μ' νη να ιδούμε ποιόν θα σαμαρώσουν",
"Περσ'να, ξ'να κουμμάτια λες κι συ τώρα!",
Π' γιλάει λάχανα στον κήπο του φυτρώνουν,
Πέσι πίττα να σε φάου,
Έφκιασα τ' δέσ',
(Άμα τ' πης τίπουτ' αυτ'νού) βαρεί τ'γ καμπάνα,
"Καλά κι τ' άγια του Θιού, καλά 'ν κι τα ριμέντια",
Μόδισι ράμμα να τνι κάμου αυτήν τη δλειά,
"Όποιους δεν τουν ξέρ΄(αυτόν), ακριβά τουν αγουράζ΄",
Κάνου τουγ καμπόσουν,
Άλλα λουγαριάζ' ου γάϊδαρους κι άλλα ου γαϊδουριάρς,
Πιάσ' τουν κι δέσ' τουν,
"Δεν είδα απ΄ τα μάτια, θα ιδώ απ' τις τσίμπλες",
Έφαε την μπαρούτη με τη χούφτα,
"Άμα ιδής τούν άλλουν π' τρώει τα φύλλα απ' του πράσσου, μήν περιμέν'ς να σ' δώκ' κουτσάν'",
Θα βγή ασπρουπρόσουπος,
Λίρα μι νουρά έχει,
Δεν πήρα χνέρ' (ή ούτε παίρνει χνέρ'),
Γλυφ' ου ένας τ' αλλ'νου τα σάλια,
Τόκαμαν πουρδουκλανιό,
Τ' ανταμ'κο του γαϊδούρ' ου λύκους του τρώει,
Μόφαϊ τ' αυτιά,
Μ' ένα λιλούδ',
Το κοιτώ με κοιτεί με τι ματάκια να με ιδή,
Τάφτη τ'ς πέντι δρόμ'ς,
Θα σ' πέσ'νι τα πέταλά σ' ναρθής,
"Τώρα σι ηύρα, τώρα στάκα! Είσι συ!",
Ούτι για μαρτυριά,
Παπαδόπ΄λου – διαουλόπλου,
Ένας κι ένα μου τό πααίνουν,
Τουν έκαμαν τκάλ',
Τουν ηύρα τουν μπαρτά μ',
Σήμερα ήταν λύσ' δέσ' ου κόσμους,
Ξιίγκλουτου γαιδούρι,
Του σκατό βρουμάει όπους να του κάμ'ς,
Μάης άβροχος μούστος άμετρος,
Ου θιός να σι φ'λάη απ' του ράσου,
Ήλιος να μην τον ιδή είναι,
Ου πουλύς ου ανήφουρους θα φέρ' κι κατήφουρου,
"Όσου θέλ'ς δουλίβι, όσου θέλου “εγώ ο Θεός” σ' δίνου",
Απ' του ήσυχου του πουτάμ' να σκιάζηση,
Να! Π' θα κάμς κουκούλια συ!,
"Τι να σ΄ θ΄μηθώ, κριμμιδάκι μ΄ τζ καούρα σ΄ ή τ΄ μυρ΄διά σ΄",
Ου παπάς είν' αμπάρι θέλ' να φάη κι να πάρ',
Αφίν' η Μάρου του χουρό κι πιάνει του γαϊτάν',
Τ' γάμσι του κέρατου,
Μύτ' μι μύτ',
Φάγε πιέ στο μοναστήρι και τίναξ' το σεγγούνι σου,
Τι κλαιν τα μάτια σ' γέρουντα; Κλαίν' απ' τουν καπνό - Σι ξαίρου κι' απ΄ του καλοκαίρ' π' δεν είχαμι καπνό,
Η γριά δλειά δεν είχι κι αγόρασι γρούν',
Δεμ πατάει καλά αυτίνου του κουρίτσ',
"Ηύραμι τουγ καλόκουλου, τα τ' βγάλουμι τουγ κώλου",
Δεν είχι ου παπάς διάουλου κι αγόρασι ένα γ'ρούν',
Γύρσι μι τ΄ γουλ΄ κατ΄,
Πήρι του φκιάρ' νιρό,
Μ' έχ κι που μ' έχ',
Μπαλώνω καμπόσες αμπουριές,
Δεν βγαίνου π'θινά κι π'θινά,
Να πάς κεί π' ψαίν' ο ήλιος το καρβέλι,
"Αγοράζω λόϊα, δεν πλιώ",
"Απ' όξ' απ' του χουρό πουλλά τραγούδια ξέρου, όταν μπαίνου 'ς του χουρό, ούλα τα ξηχάνου",
Γίνηκα σε ξέσκεπο σπίτι,
Κάλλιου καλ'βούλα κι ναν θκή μ' μπέρι παλάτ κι νάνι ξένου,
Δε βάν' αυτί λότιλα,
Απλέρουτ' διαβάσ' τ' παπά δεν πιάνιτι,
Διάολος απ' το ρέμα,
Απού καί κι δώθι σταυρό κι βούλα,
Όχ' όπους ήξηρις νύφ' όπους ηύρις,
Τόκαμι καπότου κι αυτός,
"Κι παπάς, Γιάννι; Έτσι τουφερ η κατάρα",
Αλλού τώνειρου κι' αλλού του θάμα,
Αδειανός καλόηρους ταρχίδια έσπαε κι΄έρραβε,
Μάϊνα τα πανιά,
Τόβαλι κέρατα αυτήν,
Ένας κοντός με γένεια Θανάης απ' τη Σαμπατίνα,
Τ' αγώι ξ'πνάη τουν αγουιάτ',
Σαν πέρα δίπλα βάλτι τουν δεν ξέρου τι μη βρίσκει,
Ηύρ' η νύφη το υννί πίσω απ' την πόρτα,
Κι ο κώλος του κλέβει,
"Σανταλα, μάνταλα, κούφια καρύδια",
"Δεσ' τουν παπά π'τα γένεια, τα μη σ'φηύγ'",
Κρέμετ' η καππότα στ' ζυγαριά,
Θέλ' να λαλήσ' νι πουλλοί κούκη ναρθή η άνξ',
"Κάλλιο λόγια στου χουράφ', πάρα μάγγανα στ' αλώνι",
(Τον βάρισαν κι) τόκαμαν σκουρδαλατιού του κεφάλ',
"Δε φταίει το κρούσταλλο, φταίει το στραβό το κλήμα",
Αρμένισσα,
Η καλή μέρα φαίνεται απ' την αυγή,
Πήρ' μπουϊου ου κόσμους,
"Τς έφαε ο κόρακας, τς έφαε",
Κόβει το κεφάλι,
"Όποιους σπουράει στ΄ αλόγου να πιή νερό κι κάν΄ του χατήρ τς γυναίκας, δεν είναι άντρας ΄κείνος",
Τα πουδάρια γύρισαν κι βαρούν του κιφάλ',
Πιάσι λύκου καβαλλίκιψι,
Σαν το σάκκο στα Καστέλια,
Τ΄ είχες γριούλα μ΄; Τ΄ είχα πάντα,
"Πας μέσ' στου σπίτ', βαρεί πόντικας",
Βάλ τ' ρίγαν' τώρα!,
Γελάει ο τόπος,
"Νια ουργυιά να βγη ο κώλους πέρ' απ' τα κλάματα, ιγώ δε σ' του δίνου",
Είνι ν' αηκούς κι να μη γλέπ'ς,
"Βρέξι να βραχώ, θε μ' κι ήλιους να στεγνώσου! Έτσ'του κάν'ς ισύ!",
Σκέπασ' το με άχερα!,
Ουπόχε΄ θα χάσ΄,
Τώρα πίσου γριά κ'λούρα,
Δεν ξερ' απου τι μαλλί κρακέτ' η σκούφια σ'!,
"Του 'σαγάν' άμα δεν του πλύνης, πως μπουρείς να βάλς φαΐ μέσα",
Στουν κακό τουν πληρουτή κι' σακκί άχυρου,
Κεφάλ' αγύργου,
Αμ ήρθι κι αυτός να μας κάν' του Γκιουλέκα,
Τον έκοψε τ' αγιάζι,
"Μηγ κλαις τουγ καββαλάρ', κλάψι τμ πιζούρα",
Πίστιψι λαό κι κάλισι κουμπάρο,
"Ξιφόρτωσι, μυλωνά, γιατ΄ έχω δρόμο",
"Αυτνούς μην τς πράξιτι, είν' καβαλλάρδ'ς στου Γριβιά",
Τα καταπαίν' σαγ κουρόμπλα,
Καθένας κλεί τ΄ν αραδούλα,
Πήι για μαμή κι έκατσι για λιχώνα,
"Η δική μ' η δλειά είναι σαν του κ'νήϊ, βαρείς λαγό ή δε' βαρεις",
"Ανύπαντρους, σαν παντριφτή, δεν πρέπει να χορεύη μόνον σακκί στον ώμο του κριθάρι να γυρεύη",
Τ' τότριψαν του πιπέρ' αυτνού,
Τόκαμαν το ζγιαφέτι,
Περίμενε απ' την χώρα δείπνο κι απ' την γειτονιά τραπέζ',
Δε στάδουκι τα λιπτά; Παν τα λιπτούλια μ' μ' τα φαί ου αφιλότιμους,
"Κατής γαμεί τη μάννα μας, ημείς που θα κριθούμε;",
Πήρι τα παπαλάκια τ' κι' έφ'γι,
Λ'μοψείρα γίν'κι λότελα,
"Κ'κιά τρώει, κ'κιά μαρτ'ράει αυτός",
"Κι' σίδηρου να ήμαν, θάλειουνα",
Καλό ν' κι τ' αρπακόφ'λου μι του τουΐ του λάδ',
"Δεν είν' για το γιατρό, είν΄για τον παπά",
Δεν έχει τ' όνομά του,
Αυτός είνι ριματίσιους διάουλους,
Πιάσε λύκο καβαλλίκα,
"Καταπούβρις, νύφ' όχ' κατ' απούξιρις τα κάμ'ς",
Τον έβαλαν στο μαντρί το λαγό,
Ου κανατάς όπους θέλ' κουλάει του χερούλι,
"Ού Θιός τα δίνει, ο Θιός τα παίρνει",
"Η γιρουκουτσούρα δεν ίσιασι του θκό της του κεφάλ', περιμέν'ς να σιάξ' τον θκό σ'",
Δεν έρριξα στ' αστέρια,
"Δε σι θέλ' του χουργιό, τι ρουτάς για τ' παπά του σπίτ'",
Σου 'ν εν αγγειό!,
Είναι άλλη γούλη αυτός!,
"Συ, θέλ'ς γαμπρό μι μάτια!",
Έκαμι τν κουτσ'λούλα τ' αυτός!,
"Στν αγγονούλα μ΄ ου καϋμένους, είμι αναπαμένους",
Δουλεύει το λαούμι,
Σκατά στου στόμα μ' π' του λέου!,
"Τουν ηύρες στου βράχου τουν άλλουν, ζούμπα τουν κάτ' τα πέσ'",
Είν' βαρειά η καλουϊρκή,
Βαστάη πουλλά η κλιά μ',
"Είνι ξύλου ου κρατάς, ντίπ!",
Δέν παίρνου βάρους ιγώ,
Βλάχους είν'; τυρί βαστάει,
Θέλει και τη σούφλα άκαη και το κουκουρέτσι ψημένο,
Ηύρα του μπάρπα μ',
Τουμ πήρις αζιά τουν ήχο,
Ουπόχ΄ θα χάσ΄!,
Δε γλέπ' καλή μέρα,
Που περγελά περγελά τα μούτρα του,
"Όλα τελειώνουν, μόν' ο θάνατος δεν τελειώνει",
Χίλιες ξυλιές σε ξένην ράχην δεν είναι τίποτα,
"Που γράφ' ο Θιός αβράκατων, ποτέ βρακί δεν βάλλει",
Λέω και περγελούν μας,
Ας είν' λωλός οπού το λέ' και φρόνιμος οπού τ' ακού,
"Δεν το 'χω πως είμαι ζουλιάρα, μόν' είμαι παραποναριά",
"Μηδέ κλαίν, μηδέ γελούν",
"Μιάν φοράν γερνούν τα κάλλη, δεν ξαναγυρίζουν πάλι",
Ο φελλός σου θα γείρη,
"Κάλλιο 'ν' ο φρόνιμος εχτρός, παρ' ο λωλός ο φίλος",
Μηδέ να σ' έχαν πλερωμένον,
Ήρτα για να ξανασάνω κι' ηύρηκα μαλλιά να ξάνω,
Μιαν μοίραν μοιράζουν,
"Που κάθεται και γυρεύγει να καλοκάτση, καθίζει το καρφί στον κώλον του",
"Π' ανεελάση γάδαρο, απάνω του καθίζει",
"Άφτε, γριά, καλά τον φούρνον και καλό ψητόν σου φέρνω",
Μέσ' στου βουδιού το μάτι,
Πρώτα τοίχον κι' ύστερα κήπο,
Αυτό δα μηδέ λωλού το πης,
"Άρξον χείρ μου αγαθή, γράψον γράμματα καλά, μη δαρθής και παιδεθής και στον φάλαγκα βαλθής",
Εκάη σαν τον Εγγλέζο,
"Ο μέν βίος βραχύς, η δε τέχνη μακρά",
Το κρασάκιν κ' οι γυναίκες τους φρονίμους ξελογιάζουν,
Κατά πως έχει καθένας ξοδιάζει,
"Πε όσα ξέρεις, δος όσα έχεις, να μη σου μείνη τίποτι",
"Παίζ' ο λύκος με τ' αρνί, μ' αν γυρίσ' ο λύκος κι' αρπάξη τ' αρνί",
"Μηδέ στήν εκκλησά μιλούν, μηδέ καί στό ξόδι γελούν",
Χαρά στον που κάνει καλά,
"Κόψε μ' αγά μου, ν' αγιάσω",
"Η εκκλησά μηδέ διώχνει, μηδέ προσκαλεί",
Εν ηξέρει σε ποια νερά ΄ρμενίζει,
Με την οσκιάν του σκιάζεται,
"Κατά το πάπλωμα, άπλωνε και τα πόδια",
Σαν τ' αρέση του Κορέση ολουνού του κόσμ' αρέσει,
Πάσκα χάσκα,
Γελά κι ο νοικοκύρης,
Έτσι το καλεί η περίσταση,
Άλλος έχει γλώσσα κι άλλος έχει δόντια,
Ήφταξεν το σχοινί στον κόμπον,
Άπιαστος καιρός εξήνταδυό φεγγάρια,
Δεκέμβρης 'δε κι' απόσπειρε κι' έμπα και στ' αμπελάκια σου,
"Του παπά ν' και το λιναρι, του παπά ν' και το σωμάρι (...γομάρι)",
Η καλή απολογιά είναι καλη πλερωμή,
Βασιλικόν κανίσκιν είσαι,
Η παντρειά και το τσουκάλι θέλ' αναγκαση μεγάλη,
Σαν άν πάς στο χωραφάκι σου με του παππού τον ήλιο βγατίζεις αξεκούραστα και 'κονομάς βασίλειο,
"Λέω λε, καλά που 'ναι να χης κι όλα",
Ο μεθυσμένος κι ο δαιμονισμένος είν΄ το ένα,
Ζώον του Θεού του υψίστου,
Κάθε κόρη με την τύχην της,
Ένας λόος ανοίει την καρδιάν κι άλλος την κλει,
"Που βρίσκει και ξενοφιλεί, τύφλα του κι' αν παντρευτή",
"Σαν δεν έχη το καντύλι λάδι, όσον θέλεις άναβγέ το",
"Μηδέ πια πολύ, μηδέ πια λίο",
Δέκα καλοέροι μ' έναν κουτάλι και τους εφωνάξαν κι ευρέθηκαν όλοι μπουκωμένοι,
Είναι τ' Άϊ – Γιρωργιού και χορεύγη η Γιώργαινα,
"Πολλοί είσι κλητοί, ολίγοι δ' εκλεκτοί",
Εγώ 'λεα να παντρεφτώ να μη ξενοθερίζω και τώρα που παντρεύτηκα να ξενοβοτανίζω!,
"Σιγανός το γνέμμα, πονηρός το πνέμα",
"Κάλλιον άντρα μ' ένα μάτι, παρ' άντρα με παιδί",
Σαν την ημέρα με την νύχτα,
Δόξα νάχη η φακή πούκαμ' άντρας μου βρακί,
"Π' ανεγελά τον γάδαρο, απάνω του καθίζει",
Ηύρεν ο τέζερης το καπάκιν του,
Έχει ο καιρός γυρίσματα να πλερωθού τα κρίματα,
Πέτρα που κυλά δεν πιάνει μαλλιά,
Κι οι τοίχοι έχουν αυτιά,
Επανωμαξές με(;),
"Δουλεμένο, ζουλεμένο",
"Άσκημην γυναίκα πάρε, να 'σαι ξέγνοιος στα ταξείδι",
Ο δαίμονας δουλειάν δεν είχεν και εφίλειν τα παιδιά του,
Τα μικρά γίνουνται μεγάλα,
Τα χαμένα νερά 'ναι τώρα τώρα,
Αξίζει του παπά τα γένεια,
Η καλή κρασοκανέττα μου κάμαν τα πάντα νέττα,
"Δεν έχει μήδε βολή, μηδ' αξανάστροφη",
"Η γνώση μηδέ πουλιέται, μηδ' αγοράζεται",
Πάρθοι και Μήδοι και Ελαμίται,
Η ευκή μου να γένη κουλουκάκιν και να σ΄ακλουθά,
Γι' αυτόν εξημέρωσε,
Η γη που δεν κοπρίζεται να μη ξεκουτσουρίζεται,
"Μη βλέπης τον κλουμπιστή σαν βουτά, μόνο σαν εβγαίνη",
Πι και φι,
Ξέρ΄ ο Βλάχος να φάη πιλάφι;,
"Δεν τόχω πως εσκούνταψα, μόνον που μου 'παν τύφλα",
"Ούτε γρόσι στο πουγγί, ούτε ντέρτι στην καρδιά",
Ποιός επήεν κι΄ήρτεν και τα΄πε ;,
"Κι' ετσά κακά, κι' αλληώς ψυχρά",
"Αν έχης νουν και πνέμμα, έπερνε με γνέμμα",
"Σαν δεν έχης άλλον συμβουλάτορα, αρώτα τον κόρφο σου",
Δανεικά κι' ανήστρεφον,
"Ευλογιά μπαίνει, ευλογιά βγαίνει",
"Ο μύλος μας αλέθει, ο φούρνος θα βουλήση",
Μέσαις κι άκριαις,
Άνθρωπος δυο παραδιώ,
Λέε πάντα την αλήθεια να χής τον Θεό βοήθεια,
Σε ξένον κώλο(ους) χίλιες ξυλιές δεν πονούν,
Τον είδεν ο Θεός με τα δυό του μάτια,
Ας είν' καθάριον το γυαλί κι' ας είν' κακά που το λαλεί,
"Θέλει νου και γνώση, να κοπή του γαϊδάρου η στρώση",
Σ' όλα πρέπει νάν' καράρι,
Το δέντρο με τα κλωνιά του πρέπει,
Έχει παρακάτ' αμπέλια κι' ατιούν και δενουν κι' όλα,
Ο θεός να σε φυλάη από άδικον πειρασμόν κι από κακήν γυναίκα,
"Καλόν κρασίν, κακόν κεφάλι",
"Η πέτρα, αν δεν κάτση πολύν καιρό σ' έναν τόπο, δεν μαλλιάζει",
Άλλαμα θέλει το δοκάρι,
Να 'χαμέν να θαύγαμεν!,
Ο λόος το φέρνει,
Ετρώαν με τα μάτια μου,
Εγίνην του διαβόλου το παναήρι,
Εκύλησεν ο τέζερης κι' ευρήκεν το καπάκι,
Έτσα θέλ' ο Θιός,
"Όχι παπά Χαζής, μόνον Χαζή παπάς",
Γριά 'λεπού στην παγίδα δεν πιάνεται,
Οι μαύρες μούρες δεν εντρέπουνται,
"Μπρος πατρός, υιος δεν κρίνει",
"Αν δέν είναι ψώρα, ας είν' κασσίδα",
Μέρα μεσημέρι κι η βάρκα 'μπρός,
Ο προλαβών τον Κύριον είδε,
Του μπαίνει στο 'ρτούνι,
Δεντρό χωρίς ξεράδι δεν γίνεται,
Την σκατόβεργαν όποτεν κι αν την πιάσης θα λερωθής,
"Γιά δέ κορμίν, κι΄ άπ΄ αζόηραν ήβγε ;",
Βρέχει ο Θεός και βρέχομαι,
Πλέει ανάμεσα σε δυο νερά,
Ήρτεν η αμάδα στον πρόκκον,
"Παπάς εγίνης, μα άνθρωπος δεν εγίνηκες",
Σκούφος άσπρος κι άσπρος σκούφος,
"Που ζη στον κόσμο, φαίνεται",
Ξέρει μόνον να διατάζη,
Γραφές μαζώνει,
Κάνει σαν ξένο παραμύττι,
"Το δεντρό πρέπει με τα κλωνιά του, κι' ο άνθρωπος με την γενιάν του",
"Δασκαλόπουλα, δαιμονόπουλα, διαλό...",
Κακόν γομάριν είν' το ξύλο,
"Τού μπροστινού τό σκούνταμα, τού πισινού γεφύρι",
Από το στόμαν του μιλιάν δεν παίρνεις,
Να ΄ξερεν κανείς είντα θα τ΄ απονέβη,
Νιάζε και μην εννοιάζεσαι,
Τα καλά 'ναι δύσκολα,
"Μηδέ, συ παπά, στα Φώτα, μηδ' εγώ στον αγιασμό σου",
Η κυαρά Περηφάνου σήμερα δω κι' αύρι' αλλού,
Τού 'δωκε στ' αυτιά κ' ήπεσε μια νυχία η μύτη του,
Στον ουρανόν το γύρευγα και τόβρα στη γη,
Ο μύλος είναι μήλον και μυρίζει,
Η γριά στο καρδιοχείμωνον πιπόνιν ετσελεύτη,
Ποιανού δώνουν και δεν παίρνει;,
Στο καλόν που σου θέλω,
Και τα μεταξωτά βρακιά 'πεδέξια σκέλια θέλουν,
Όλοι γεννήθησαν μικροί κ' ύστερι μεγαλώσαν,
"Η αλεπού ξέρει πολλά, τ' αλεππουδάκιν πλειότερα",
Τα μάτια περιορισμόν δεν έχουν,
Είπεν κι' η κουρούνα κρα,
"Σαν σε κόβγει το παπούτσι, όπου θέλ' ας είν' ο νους σου",
Επίσκοπος πάσης ξεροκαμπίας,
Ο λωλός αγαπά τα παρδαλά,
"Γκρεμάζει πίσω την αρένταν της, για να βρη καβγά",
Βούδι λαμνάτ' αγόραζε και γάδαρον καμπούρη γυναίκα κοντοκάπουλη και χοίρο μακρομούρη,
"Όπου κι' αν πάη ο κακός, κακά θα πάη και ψυχρά",
"Όπου πληή δεν φαίνεται, δεν βάλλουσιν αμπλάστρι",
"Ό,τι θα λάβ' η νύφη στον παστό",
"Όπου 'δης πολλά μοσκάρια, Δεξου και πολλά ζευγάρια",
"Όποιος κάψη καρδιά, θα κάη η εδική του, όπου 'ν' ανεβόλετο",
"Ήλυωσεν, ως λυώνει ο δίκαιος",
Κάποιος για τον λαόν δεν ήσπειρε,
"Όσον μπόϊν του λείπει, τόσην πονηρίαν έχει",
Το κατά δύναμι,
Κρίμα στ' ανεβάσματα και στα κατεβάσματα,
"Ο καθρέπτης καθώς του δείχτεις, σου δείχτει",
"Τα σύρν' η τρίχα του κορμιού γυναικός, καράβι δεν τα σύρνει",
"Αν αποθάνης άτεκνος, ανώνυμος ωλέσθης",
"Τά γρόσα, ο βήχας καί τό 'γγάστρι ποτέ δέν κρύβγουνται",
"Ό,τι δεν θέλει κανείς δεν μαθθαίνει",
Τον πουλεί και τον αγοράζει,
Δρόμον παλιόν μην παρατάς,
Κεραστής με το παραπάνω,
Μέθυσος και πορνοκόπος μέσ΄ στους δρόμους απεθαίνου,
Τον αποστειλάτορα μηδέ δέρνουν τον μηδέ βρίζουν τον,
Το καλόν όνομα δεν ξεχνειέται,
"Σαν ηύρασιν τα γένεια, εχάθησαν τα χτένια",
Θα τον κάμω να μπη μεσ' το δερμάτιν του,
"Τώρα το 'πα, τώρα το θέλω",
Η ελίη γη σε θρέψει κι η πολλή σε ξολοθρέψη,
Του ψαλεν τον άμπακάν του,
"Στο καλό σου το παιδί, δίνε ξύλον και ψωμί",
"Οσά ΄χει κανείς, τόσα και ξοδεύγει",
"Κόσμε Ψεύτη, κόσμε πλάνε πες μου, τα καλά σου ποια 'ναι;",
"Ο ερχομός ήτον εδικός σου, μα ο πηγαιμός είναι δικός μου",
Ο κόπος φέρνει τα καλά,
Ήλλαξεν ο Μανολιός κ' ήβαλε την βράκα του αλλιώς,
Ώσπου να μη με δή κανείς,
"Γι' αυτό 'καψα τα ρούχα μου, να μη με τρων οι ψύλλοι",
Νοικοκυριόν του γέρου Μαρίνου;,
"Ο φουάρος είναι στραβός, μα ο καπνός υπάγει ίσα (ή πα ίσα)",
Βούρδουλον και ραβδί,
"Βρωμά ο βριός, βρωμά και το έχειν του",
Κατάρα θα 'φήκω πίσω μου,
Αλλού να τα πουλής αυτά,
"Τα γέλια με τα κλάματα και η χαρά με πίκρα μονομερίς εσπάρτησαν, μαζίν εγεννηθήκαν",
Είντα να κάμη ο κρύος του παγωμένου,
Ο λόος δεν βαρεί,
"Εγώ σ' έχτισα, φούρνο, εγώ θα σε χαλάσω",
Το κρίας πουλειέται με τα κόκκαλα,
Απάνω σ' αυτό όλοι οι νόμοι κ' οι προφήται γκρέμονται,
"Ωχ, αγάπη μου, το Μάη π' αγγανίζουν οι γαδάροι",
Εκόπην του πιο το πουκάμισο,
Του παιδιού μου το παιδί δυο φοραίς είναι παιδί,
ήμπε στα δέχτια,
Σπέρνει με το σακκί,
"Δεν εγγίζει μηδ' απάνω, μήδε κάτω",
Αγουροφάς εκέρδεξεν,
"Πέτραν ήρριξες, δεν την ορίζεις πιο",
"Καλό σου κάνει, Ζώρζη μου",
Και το νερόν τρυπά των πέτρα,
Αν το φτάξης πολλοί θα σου ζουλέψουν,
Οι γονοί κάνουν και τα παιδιά πλερώνουν,
Ήλλαξεν ο Μιχαλιός κι' ήβαλεν τα ρουχ' αλλιώς,
Για κει πονεί το δόντιν του,
Με αυτόν το πλευρόν κοιμήσου,
Νίβγω κι' απονίβγομαι,
Στου διαβόλου το κατάστιχον τον έχει,
"Οπού πολλά διαλέει, στ' αποδιαλεούδια μένει",
Ως ότου εθερίζαμε Μανόλη κύρ Μανόλη κι αφού αποθερίσαμε όξω μωρέ Μανόλη,
Σε ζωήν και σε θάνατον,
Η Δευτέρα 'ναι βαριά μέρα,
Ο Θεός βλέπει παντού,
"Όσον κι αν γεράσ' ο Θιός, πέντ' αγίους καταπονά",
Τον Μάρτην το πωρνό ψοφά ο γάδαρος και το μεσημέρι βρωμίζει,
Ο καλός λόος είναι βάρσαμον,
Κατά τον δάσκαλον κι' ο μαθητής,
Αξαναστροφα φορεί τα ρούχα του,
"Αλί στον καλομαθημένον, ως που να κακομάθη",
"Πίσκοπος του Δαμαλά, μήτε νου, μήτε μυαλά. Τα λιανά δεν ήθελες τα μεγάλα γύρευγες. Τράβα τον χερόμυλο κούνιε τ΄ αραπόπουλο",
Είμεσθεν με τον βασιλιά γενιά,
Μαζόνει σαν την πίσσα,
Του καλορρίζικου κ' οι πετεινοί κλωσσούν,
Κατά τον κώλον και το ραβδί,
Πώς τα πας με την αγάπη; Σαν τον σκύλον με τον κάτη,
Ήφταξε το μαχαίρι στο κόκκαλο,
"Όλοι ξέρουν ράβγουν γούνες, μόνον τα μαλλιά μποδίζουν",
"Αν εγγίξης πίσσαν, θα λερωθής",
"Έχεις Θεόν; -Λ' έχω. -Έχεις και χαμοθεό; -Λ' όχι. -Λ' ἀ δε, μήδε Θεόν δεν έχεις",
Νερουλίδι νερουλίδι που 'καμες την νύφη μέλι και την πεττεριά να κλαίη,
Κι' έχω δόντια για το μέλι;,
"Την Πέφτην πέφτ' αέρας, αλλιώς με το φεγγάρι",
"Το χέρι θέλει μαντήλι, το πόδι θέλει κρεββάτι, και το μάτι θέλει όξω",
Ο λωλός αν δεν κουραστή δεν καθίζει,
"Μη λες όσα θέλεις, να μην ακούς όσα δεν θέλεις",
Όσον θέλεις φούσκωνέ τα με το ζύγι θα τα δώκης,
"Έναν κιλόν αλάτσιν πρέπει να φάς με τον άνθρωπο, για να τον εγρωνίσης",
"Στείλε μου, μάννα μου, την ευκή σου – λ΄έλα ο ίδιος και να δούμεν",
"Ο καλός μύλος ό,τι του ρίξης, αλέθει",
"Όσον πίν' η συμπεθέρα, τόσον καλοκουβεντιάζει",
Να πούμεν και του στραβού το δίκιο,
Καλά κι άξια,
"Απάνω στο κακόν, άλλο κακό",
Σπέρνει δεν θερίζει,
"Όλα τα παίζ' ο κασιδιάρης,  μον' το κλωτσοφούσκι δεν παίζει",
"Το κακόν αν δεν πληθαίνη, δεν κόβγεται",
Άνεμελά του πήεν,
"Σαν δεν θέλης έχτυπον στην πόρταν σου, γείτονα χαρκιάν μην κάνης",
"Άγιος που δεν θαματουργά, κερί δεν αποτάζει",
Μάχαιραν δώσεις μάχαιραν λάβης,
Αντόν δης Βοριάν και βρέχη κάτεχε χειμώναν έχει,
"Με τον ήλιον τα 'μπάζα με τον ήλιον τα βγάζα, τι 'χαν και ψοφούσανε;",
Τα βιαστικά πάντ' αυτά 'χουν,
"Ο λύκος ήμπεν στά πρόβατα, αλί στόν πόχει τό 'να",
"Αν είχαμεν τυρί, δεν θα χρειαζούμεστεν προσφάϊ",
Όπ' αγαπά στραβώνεται,
"Μέλιν και γάλαν στην στράταν σου, χρυσό μήλο στο χέρι σου",
"Όγοιος μας ξέρει, να μας κλαίη",
Από που βαστά η σκούφια του,
"Ηκουσάσε κ' ίδρωσα, είδα σε και ξέδρωσα",
"Σαν σου ξαναρέση, Λάμπρο, ξαναπέρασ' αφ' την Άντρο",
"Θέλεις γρηά, ζουμί;",
Είναι τοις δεομένοις,
Μοναχός δεν κάνω μηδέ στον Παράδεισο,
Κοντά στο ξερό καίεται και το χλωρό,
Τίνος (πίνος) τα πουλάς αυτά;,
Επήε να πιάση κι επιάσαν τον,
Της Κυριακής το όνειρο ίσα με το μεσημέρι,
Σάμιος ουδείς αγαθός,
"Λύκος ήρτεν στό μαντρί, αλί στόν πόχει τό 'να",
"Δεν είναι πως θα γκρεμίσω, μόν' που θα μου πούν και τύφλα",
"Σαν κάμης ό,τι δύνεσαι, ήκαμες ό,τι ήπρεπε",
Τον γύφτον έκαναν βασιλιάν κι εκείνος ελιμπίζονταν τα κουτσούρια για κάρβουνα,
Δεξά χέρα 'ναι κι' ο λωλός μέσ' στο σπίτι,
"Ο νους κ' η γνώσ' είναι κουτά και λε ο νους της γνώσης : κάτσε καλά και σύντυχε, να μην το μετανοιώσης",
Ο φτωχός κάθεται κι ο Θεός γνοιάζεται,
"Όσ' εφάαν, ας πλερώσουν",
Οργίζεσθε και μη αμαρτάνετε,
"Η πέτρα, αν δεν κάτση πολύν καιρό στο γιαλό, δεν μαλλιάζει",
Άτυχος φορεί τα ρούχα σου,
"Θέλεις δεν θέλεις γάδαρε, πιέ νερό",
"Η όρνιθα ξυ ξυ, ήβγαλεν το μάτιν της",
Ένας όρτα κι' άλλος πόζα σπούν τό καράβι,
"Να 'μουν κάτης τον Γεννάρη και μωρόν παιδίν τον Μάη, και τον Άοστον μεγάλος κι' αυτόν γίνουν τα σταφύλια, να 'μουν γέρος με τα γένεια",
Δεν έχω να ψακώσω ποντικό,
"Καιρός καιρός αρμενιστής, καιρός αποσπερίτης καλώς ήρτεν η λύπη μου, αν ήλθε μοναχή της",
"Γή αυγά, γή πουλιά",
Να σε κάψω Γιάννη να σ΄αλείψω μέλι,
Έχει κι' άνθρωπο χωρίς αμαρτία;,
Τ' αηδόνια πήραν τη λαλιά σου,
Σ' ένακαζάνι βράζομεν,
"Οπού 'καμ' ό,τι μπόρεσεν, επλήρωσεν τον νόμον",
Τον πάει πέντε πέντε,
"Ο βλάχος άρχος κι αν γενή, πάλι πριτσές μυρίζει",
Το πείσμα κάνει το πρίσμα,
Μηδέ στ' άρφα δεν είσ' ακόμη!,
"Αρνίν και 'ρίφιν τρίμερο γουρουνάκι δωδεκάμερο, δαμάλι σαραντάμερο, λαόν και πέρδικ' ως τα βρής",
"Χωρίς να συλλογισθής, μη καταδικάσης",
"Όποιος περγελά, περγελασμένος είναι",
Αλλού βροντά κι αλλού βρέχει,
"Ο κόσμος είναι ρόδα και σαν τροχός γυρνά τους μεν υπερυψώνει, τους δε κατρακυλά",
Α κόσμε κλέφτη και κόσμε Ψεύτη!,
Αξίζ' ο ένας γιά 'κατό κ' οι εκατό μηδ' ένα,
"Όπου 'ναι τα έργα, λόγια δεν χωρούν",
Ο λύκος και λύκο  τρώει,
"Μέ μιάν κόρην, δέκα γαμπρούς",
Τα γκρέμασε στον πετεινό,
Καθένας είναι με το δαιμόνιόν του,
Και που σου πήρενε τον νουν,
"Κάλλιον ένας κακός χρόνος, παρά ένας κακός γείτονας, γιατί ο χρόνος περνά, μα ο γείτονας απομείνει",
Της γειτόνισσας το δίκιο,
Ο λόος του δυό δεν γίνεται,
Και συ καλό χερόβολο κι εγώ καλό δεμάτι,
Ο κόσμος με τον Κοσμάν κι' ατός του με την έννοιαν του,
Ο παπάς τα ψαλτικά κι' ο νεκρός τ' ανάθεμα,
Ο μπροστινός ο γάδαρος τού πισινού ο δάσκαλος,
Του μπαίνει στη μύτη,
Της καλομάννας το παιδί το πρώτον νά 'ναι κόρη,
Δεύτε και διαλεχτούμεν,
Η μιά πέτρα αλεύριν δέν κάνει,
Μιά δουλειά καωμένη ακάμωτη δεν γίνεται,
Με καιρόν κρίν ο Θεός,
"Όπου πήεν ο πολύς καιρός, ας παή κι΄ο ελίος",
"Οπ' όχει μπόλικο ψωμί και θέλει να το κατελύση, πατελιδάκια κι ασινιούς ας πάη να ψουνίση",
"Ό,τι βρέξ' ο Θιός, η γης θα το πιή",
"Ό,τι κάμης θα λάβης",
Καμμιά φορά κι' η λωλάδα ναι καλό,
Να πούμεν και του φτωχού το δίκιο,
Θηλυκόν εγεννήθη,
"Αν δεν γίνης δούλος, αφέντης δεν γίνεσαι",
Πήεν η μέρα βροσερή κ' η νύχτα χιονισμένη,
"Μήδ' ήτον, μήδ' εφάνη!",
Βασιλικό βολύμι δεν βουλά,
Στα χέρια του καλού σκαφιά και το κακό δικέλι κάνει δουλειά,
Αν θέλ' ο Θεός εγώ 'μ' άντρας σου,
Μη μελετάς ποτέ σου,
Δυό προβιές από 'ναν πρόβατον δεν εβγαίνουν,
Όλα 'ν' του γάμου δύσκολα κι η νύφ' αγκαστρωμένη,
Τα πήρεν βρεμένα κι' άβρεχα,
"Δεν το 'χω τώρα πως πεθαίνω, μόν' που δε θα ζω να μαθαίνω",
"Ο άντρας κάνει τη γυναίκά του, σαν θέλ' εικόνα και σαν θέλη χώμα",
Εκούσαντο κι' εσώσαντο,
Νοικοκύρης με τα ρούχα!,
Το καλόν πράμαν όσον κι αν πης αξίζει,
"Εκεί, αν πέσ' ο ποντικός, θα σπάση την μύτην του",
Το 'ριξεν όξω κι' ο όξω,
"Αν με πιάση κανείς από τη μύτη, θα σκάσω",
"Καλύτερα βλέπουν τα τέσσαρα μάτια, παρά τα δυό",
"Που πρωτοπάη στον μύλον, αλέθει",
Άμε να κουρεύγεσαι,
Την Πέφτην πέφτ' αέρας,
Επήε για πεταλίδες κι εχάσεν το μαχαίρι,
"Σαράντα φας, σαράντα πιης, σαράντα μετανώσης",
Επάτησε τον θάνατον,
"Μηδέ Μάη στο χωράφι, μηδ' Οκτώβρην εις το σπίτι",
Η δωρεά δεν επιστρέφεται,
Εμένα θα το πης;,
"Ο Μάρτης, ο γδάρτης, ο πασσουλοκαύτης, πούβαλεν τη γριά στ' αμπάρι και το γέρο στο τσουβάλι",
Νερόν τρεχάμενον κατούρησε και πιε,
Κούνουπας εκάθουντον στου βοδιού το κέρατον,
"Για καλόν και για κακό, θάψετέ τον λαϊκό",
"Ένας νους, κι' εκείνος ρωμαΐκος",
Αράπικο γενάτι!,
"Αργιά τα σκόρδα φύτευγε, αν θέλης να χοντρήνουν",
Εσιχάθηκεν ο κάτης τα ψάρια,
"Όπου πόρτα, πόρτα του, κι όπου παραστάτης σου",
"Εψόφησεν η όρνιθα, που κανεν το μεγάλον αυγό, (τα μεγάλα αυγά)",
"Ο μύλος μας αλέθει, ο φούρνος (μας) θα βουλήση",
Είπεν ο διάβολος και τον ήκαμε,
"Επήρεν τον κακόν δρόμον, δεν έχει πίου πιασμόν",
Ανάθεμα τα βλήτα κι όπου τα κάμη πήττα,
Γενάρην κλήμα κλάδευγε και καλοφέγγου μη κυττάζης,
"Ό,τι έχει στην καρδιά έχει και στα χείλη",
Πουλεί τον ήλιον κι' αγοράζει το λάδι,
"Το μυλωνά σου κεντάς, το θηλάκι σου κεντάς",
Απόνα στόμα βγάιν' ο λόος και σε χίλιους καταντά,
Ας είν' αντάρα στα βουνά και κατεχνιά στους κάμπους,
"Και φωτιάν να πάρης δανεική, πρέπει να την πλερώσης",
Δουλεύγει σαν τον σκύλο,
Άγιο λαβίδι,
Όλοι ελέαν σαν ελέα κ' η Μαρούλα με το Γιάννη,
Όπου τεμπέλης και παπάς (ίσως φαγάς) και κακοήθης μασκαράς άλλο δεν του πρέπει πια μόνο να γίνη ένας παπάς,
Όπου πεινα ψωμιά θωρεί κι' όπου διψά λαγκάδια;,
Μεθυσμένος και δαρμένος και το γάλαν που βυζάξαν μαρτυρούν,
"Όγοιος είν' επίσω, πίσω τον δακά ο σκύλος",
Η πείνα 'ναι ο πια καλός μάερας,
"Ξένο θρέφεις, σκύλο θρέφεις",
Το σκιάδι δεν είναι για έναν καλοκαιρι,
"Κελλίο μου, κελλίο μου, σήμερον εμού και αύρι ετέρου και ουδέποτε τινος",
"Μάλι μάλι, μα τόχουν άλλοι",
"Πριν πνιής, την άμμο κράτει",
"Γαδάρους βαρεί, είντα θέλεις;",
"Αφού φανήκαν τα σκυλιά, εχάλασεν ο κόσμος",
"Και σύ και σύ, μα κι' εγώ κι' εγώ",
Στα έξι δόντια βγάλλει τα πέντε χάρισμα,
Κα κι ανθρώποι με κάμαν κι' εμένα!,
Όποιος συχνα σκουντάβγει συχνα και μεταννοιώνει,
"Σαν ρήας της Ανατολής, σαν βασιλιάς της Δύσης",
"Μηδέ μέλι, μηδέ μέλισσα",
Αξανάστρεφο δερμάτι,
Από που ν' τούτο το κλωναράκι; Από τούτο το δεντρουλάκι,
"Ο Θεός αργεί, μα δεν εξεχνά",
Απόχει πούζαν και παιδίν στον γκάμον είντα θέλει,
"Θώρει με να σε θωρώ, να περνούμεν τον καιρό",
"Όπου τάβλα και τραπέζι, κ' η κυαρά Μαριά στη μέση",
Δεν χολιώ πως αποθαίνω μόν' πως δε ζω να ματταίνω,
Ζύμι της κακίας,
Άλλοι ψυχομαχούν κι΄ άλλοι καυλομαχούν,
Όλ΄ οι άνθρωποι είν΄ το ένα;,
Όρνιθες δεν είχαμεν κι' αυγά πουλούμε,
"Ο σκύλος έχει λογικόν, μόνον μιλιάν δεν έχει",
"Ξαναβρασμένα λάχανα, δευτερωμέν' αγάπη, σαν αντόν παίρνη άρρωστος ξεθυμασμένο χάπι",
"Τον αδιάντροπόν σου φίλο, μηδέ συ τον εντραπής",
"Όπου οίνος και παιδιά, εκεί ουχρεία του σατανα",
Το 'χεν και του κόλλησε,
Με το γλυκό βγαίνει και το φίδιν από την τρύπαν,
Με το ψαχνό κριάς πάει και το κόκκαλο,
"Ο κόσμος είναι τροχός, χαρά στον που ξέρει να τον γυρίζει",
"Κι όπου μας κλάψη, να σωθή",
Το 'δεσεν εις ψιλό μαντήλι,
Ο κλέφτης κι ο πουτανιάρης δεν έχουν πίστη,
Άλλην μούζαν δεν έχω,
Ποιός καλοδανείζεται; - Όποιος καλοπλερώνει,
Εν ειξέρει άνθρωπος είντα του μέλλεται,
"Λαδώνω λαδώνω, μα σαν ξιδώσω",
"Δε με, Γιαννούλη, πάρε με φραγγούλη",
Να τ' αγαπάς το παιδίν και να μην το ξέρη,
Ήφηκεν την δέσιν κ' ήπιασεν την λύσιν,
Δεν έχει μάτια να τον δη,
Όλα τα πουλιά μισεύγουν κ΄η καρακαξού ΄πομείνει,
Η αλήθεια 'ναι μια,
"Έχεις άσπρα στο πουγγί, πιάνεις ψάρια στο βουνί",
Το κάθε πράμα θέλει με τον καιρόν του,
Όπου οίνος και γυνή ουκ έστι χρεία του σατανά,
Κακός σκύλος ψόφον δεν έχει,
Το πουλίν από το κιλαδισμόν του γρωνίζεται,
"Μήδ' εργάτην Λευκιανό, μηδέ βούδι Ριχτιανό",
Μπελά δεν είχαμεν και μπελάς μας ηύρε,
"Όπου δης μεγάλ' αγάπη, πάντεχε μεγάλην έχτρα",
Είδεν ο λωλός τον μεθυσμένον κ' εφοβήθη,
Ρίζιν κι' άναυλο,
Επόμεινε στα κρύα του λουτρού,
"Άνθρωπος χωρίς εντροπήν ό,τι θέλει κάνει",
"Ό,τι κάνει η Πάρος κ' η Ναξά δεν κάνουν τα δώδέκα νησά",
Η μια τα κόβγει κι η άλλη τα ράβγει,
Άλλα στα χείλη κι' άλλα στην καρδιά,
Ο λωλός δουλειάν δεν είχεν η ήραβγεν κι' εξήλωνε,
"Κακόν αγγείον δε λαβώνεται κι αν λαβωθή, πιστσώνεται",
"Όποιος αγαπά εμένα, αγαπά και το σκυλί μου",
"Σωπάστε, κι η Παναγίαπερνα",
Κάμε καλό στου δαιμόνου το χωριό,
Το ίσα και το μάϊνα ντροπήν δεν έχει,
"Το μαντρίν ωσάν χιλιάση, δεν φοβάται πιον τον λύκο",
Από τον καρπόν γνωρίζουν το δέντρο,
Οι καλοί ζευγάδες είν' ελίοι,
"Σκόρδα 'χω την αγάπην σου, κρομμύδια τη φιλιά σου και σαν τα παλιοπάπουτσα έχω την αφεντιά σου",
Ο καιρός δεν καρτερά,
Συ μόνος παροικείς εν Ιερουσαλήμ και ουκ έγνως τα γενόμενα εν αυτή;,
Ήβγεν η πομπή 'ς το δρόμο και περγέλα τις διαβάτες,
"Ποιός το μεγάλο κουτάλι; - Εγώ! - Ποιός την μεγάλη γωνία; - Εγώ. - Ποιός την μεγάλη κουπιά; - Εγώ. - Ποιός το μεγάλο κουπί; - Τ' είπα γώ, ας πή κι άλλος!",
Πάντα πλεύγει σαν το λάδι,
Στα δαχτύλια του τον παίζει,
"Ο Άοστος επλάκωσεν, άκρια του χειμώνα",
Ναν απόξω κόκκινα κι από μέσα κόσκινα,
Όλα γυρεύγει “περί εμού”,
"Μην κάμης μπού, να μη σου κάμουν ού!",
"Πού δουλιά την δουλειά, η δουλειά τον δουλιά",
"Ο λύκος κι' αν εγέρασεν κ' ήλλαξεν το μαλλίν του, μήδε την γνώμην τ' άλλαξε, μήδε την κεφαλήν του",
Από δώδεκ' Αποστόλους και πάλιν ο ένας ήβγεν κακός,
Φρίξον ήλιε!,
"Τα δαχτυλίδια αν ήπεσαν, τα δάχτυλα 'πομείναν",
"Πιά εύκολα κερδεύγει κανείς τα γρόσα, παρά που τα φυλάει",
"Με το θέλημά σου, αφέντη δάσκαλε, να πάω να κατουρήσω;",
Ο σκύλος (λύκος) δεν κάνει παστουρμά,
"Μην περγελάς το γέρο, γιατί και συ θα γεράσης",
Ο λωλός έχει πάντα την καρδιά στο στόμα,
Κατέβη σαν τον Ντούναβη,
Ως σε θέκαν στο κόσκινο,
Καλά τους γονιούς και τα παιδιά,
Καμμιά φορά κ' η λωλάδα είναι καλή,
Σε τρύος δεν δανείζουν μαχαίρι,
Μαλλιά κουβάρια γινήκαν,
"Αντόν μάχουνται δυό, ο άλλος κερδεύγει",
Έχει το δεσμείν και το λύειν,
Του Γενάρη το φεγγάρι παρά λίο να 'ν' ημέρα,
Φτου κι' απ' αρχής,
"Ο ζούτουλας, απ' τη ζουτουλιά τ' άγιασε",
Όπως τον γένν'σε η μάννα τ',
Στου κασίδη το κεφάλι θέλει να μάθη μπερμπεριό,
"Το αίμα νερό δε γίνεται, κι αν γίνη δεν πίνεται",
Τον έπιασε στα πράσα,
Θεός να σε φυλάγη από φτωχό άρχοντα κι' από καινούργιο πραματευτή,
"Δόντια αν δεν είχες, θα βύζανες",
"Όταν χιλιάση το μαντρί, από ψόφο δε φοβάται",
"Όλα τάχ' η Ζαφειρίτσα, μόν' ο φερετζές τής λείπει",
Τ' αρνίθι πίνει νερό κυττάζει και το Θεό,
Ίσια ο μισέ Τζανής ίσια κι' ο λιομπορδόνης,
"Στρώμα πάντα σου ξερό, και λίγο φαγί το δείπνο, κι' άμα ακούς τον πετεινό στο φαγί σου και στον ξύπνο",
"Στη θάλασσα να πάγη, νερό δε θαύρη",
"Καλύτερα Καλογιάννος, παρά Κακογιάννος",
Αντί να τρίζη τ΄αμάξι τρίζ' ο αμαξάς,
Κι' ο πετεινός του γεννάει,
Την τύχη της κουκουβάγιας νάχη,
"Το σέλι δεύγει, ο άμμος μνήσκει",
"Όλ' οι καλοί χωρούνε, ένας κακός δε χωρεί",
Το 'παθε χιώτικα,
Εννιά μετράει κι' ένα κόφτει,
Κι ο στραβός το βλέπει,
Ούτε στό Χάρο τ' θυμιάμα δίνει,
"Τον μαθημένο, γουλιάρη μη τον πης",
"Τεμπέλης, ακαμάτης και φαγάς, άλλο τι δεν έχει, να γενή παπάς",
Με τον καιρό γίνεται η αγουρίδα μέλι,
"Παρά ναχ' η γειτονιά μου κάλλιο νάχουν τα παιδιά μου, παρά νάχουν τα παιδιά μου, κάλλιο νάχ' η αφεντιά μου",
Άφσ' τον να γαυγίζη,
Ούτε τον παπά θα το πω,
Τι σικτίρ πιλάφι,
Σα μαδημένη κότα,
Έχει παρά με την ουρά,
"Έβαλ' ο διάβολος, τη νουρά τ'",
"Όχι πως ήξευρες, πώς ηύρες",
Δουλειές σαν τα μαλλοκέφαλα,
Εβραί'κα παζάρια,
"Μαύρη κότα του σπιτιού, άσπρη μοίρα του σπιτιού",
"Να τρως τα βάσανα, να μη σε τρώνε",
"Μικρά παιδιά, μικρά βάσανα μεγάλα παιδιά, μεγάλα βάσανα",
Από της τρίχας το γιοφύρι πέρασε,
"Θρέψε φίδι τον χειμώνα, να σε φάη το καλοκαίρι",
"Του Απρίλη η βροχή, βρέχει διαμάντια",
"Τετάρτη και Παρακευή τα νύχια σου μην κόψης, την Κυριακή μη ξουρισθής, αν θέλης να προκόψης",
Ο λύκος δε κάμνει παστουρμά,
Από τη μύγα σκιάζεται,
Κ' οι τοίχοι φτιά έχνε,
"Τον έδωσα πρόσωπο, θέλει και αστάρι",
"Το μεγάλο ψάρι, τρώγει το μικρό",
"Όποιος φάγει το μέλι, έχει τη μύγα σο μέτωπο",
Της εφταβυζούς το γιό θα πάρει; Όταν την κόρη ζητούσαν καλοί νέοι και αυτή δεν άρεζε κανένα,
"Όπου πεινα ψωμιά θωρεί, κι' όπου διψά πηγάδια",
Τίναξα τον γιακά μ',
"Όπου του μέλλει να πνιγή, ποτέ του δεν πεθαίνει",
Στόν άγγελο τ' θυμίαμα δέ δίν',
"Μάχαιραν έδωσες, μάχαιραν θα λάβης",
"Κει που δε σε σπέρνουνε, να μη φυτρώνης",
"Άλλαι μέν βουλαί ανιρώπων, άλλα δε θεός κελεύει",
Η μέρα τρέχει σα νερό κ' οι μήνες σα διαβάτες,
Μιά φορά σπάν' η λαγήνα,
Σαν κλειδωμένο σεντούκι,
Το αβγό ψήνεται,
"Απ' την κακοπεσιά δεν είναι πιο χειρότερο, κι' απ' την καλοπεσιά δεν έχει καλύτερο",
"Όπου αγάπη, εκεί Χριστός. Όπου ομόνοια, εκεί ευλογία Θεού",
"Δουλειά σημερινή, μήν κάνης αυρινή",
Ποιός έβγαλε το μάτ' σ'; Ο αδερφός μου. Γι' αυτό είναι τόσο βαθειά,
"Μαζί με το ξερό, καίγεται και το χλωρό",
Η νύχτα γεννά επίσκοπο κι' η αυγή μητροπολίτη,
Το γοργόν και χάρη έχει,
"Νε γάτα πέρασε, νε ζημιά έκαμε",
"Όποιος πειναει, ψωμιά ονειρεύεται (ή θωράει)",
"Τα μεταξωτά βρακιά, θέλνε κι' επιδέξια σκέλια",
Δανεικά είν' τα παξιμάδια,
Να πούμε και του στραβού το δίκιο,
Μουλάρι θα καν;,
Το κακό σκυλί φυλάγει τη μάντρα,
"Μεγάλωσε το γαϊδουράκι, μίκραινε το σαμαράκι",
Άλλος κλαίει τή μοίρα τ' κι' άλλος λαλεί τή λύρα τ',
"Σα δε κλέψ'νε τα χέρια τ', θα κλέψ'νε τα ποδάρια τ'",
"Όπως βρείς, ν΄αρμενίζης τον καιρό",
Την κατσιβέλα έκαμαν βασίλισσα κι αυτή με το καλάθι έτρεχε,
"Ο λύκος όπου φάγει γαϊδούρι, τρία χρόνια πάγει και κυλιέται",
Κατά το Μαστρο Γιάνν' και τα κοπέλλια τ',
"Το απάν' το παρταμέντο, τύχει νοικιασμένο",
"Ο λαιμός ό,τι τον δώσης καταλάει",
Θα με κόψης το νερό από τα πράσσα;,
(Αυτή είναι) βουρβούλακας!,
Νύχ' δεν απόμεινε,
"Όπου δεν πίπτει (ή πείθει) λόγος, πίπτει ράβδος",
"Ηύρε τ' αμάξι, κουράζονται τα πόδια",
Τον καλομαθημένο γουλιάρη μην τον λες,
"Σκαμνιού ποδάρι έσπασε, στον τόπο τσιμισιρένιο",
Να κόψουμε της νύφης το κεφάλι,
"Παπουτσής ξυπόλητος, ράφτης ξεγυμνωμένος",
Πέρσυ ψόφσε ο λαγός και φέτος μύρισε,
Κολοκύθι έφαγες;,
"Όποιος ζυμώνει και πλυθή, δέκα μέρες έμορφος κι όποιος πλύνει, δέκα μέρες άσχημος",
Να μάθ' αφέντης το σκυλλί και το σκυλλί τ' αφέντη,
"Αν δεν έγινα νύφη, απ' τη φράχτη είδα",
"Η αλεπού σαράντα ένα, το αλεπάκι σαράντα δύο.",
Τον πήρε στο λαιμό τ',
Ανακατεύεται σαν τον Οβρηό στο κουμέρκι,
Τι τα θέλεις τα φλουριά με την άσχημη γυναίκα;,
Το βιό παντρεύει κούτσουρα κι' αφίνει μαυρομάτες,
Το πρόβατο ψοφάει στο χωράφι και η ζημία γίνεται στο σπίτι,
Δίνε με τα χέρια σ' και γύρευε με τα πόδια σ',
Σα δουλεύω και πεινώ κάθομαι και τραγουδώ,
Ήτανε το παπί το ηύρε κ' η βροχή,
Να κλαδεύης το Γενάρη να γεμίσ' σα κουκούναρι,
Μόν' ο σπανός δε βγάζει γένεια,
"Πικρή μαντζάνα, πάχνη δε φοβάται",
"Αλησμονιούνται οι φιλιές, ξεχνιούνται κ' οι αγάπες συναπαντιούνται και μιλούν σα ξένοι σα διαβάτες",
Τον έχ' πιασμένο απ' τη μύτη,
"Αν αρτυθώ, να φάγω πέρδικα",
Άναψαν τα σκουτιά τ',
Μαζεύει πασαπόρτια,
Σταύρωνε και σπέρνε,
Από άλογο στο γάϊδαρο,
Τι γυρίζεις σαν το σφοντύλι,
Ο καλός λόγος βγάζει το φίδ'΄από την τρύπα,
Θα βάλω τη σκούπα πίσ' απ' την πόρτα να κλαίγη,
Μάκραιναν οι ποδιές και σκεπάσαν τις πομπές,
"Η φωνή του ζουρνά από κοντά είναι γλυκειά, κι από μακρυά σε ξεκουφαίνει",
"Θα ρωτήσουν και την αλεπου, πόσα αβγά θα βάλνε στην κότα!",
Κολοιός και κολοιός από ένα βαρέλι,
Σχίσθηκε η γη και τον κατάπιε,
Η ψυχή από τον βιό κρατιέται,
Το έβαλε στα πόδια,
Σα βρεμένη γάτα,
Γαιδουρινό πείσμα,
"Μπήκ' ο Δεύτερος, πάγ' ο βδόμαδος",
Τον έδωκε τα παπουτσια στο χέρι,
Σε ξένο μνήμα μη πας  και κλαίς,
"Έβαλε το κεφάλι του, στον τουρβά",
"Τα σκόρδα όσο αριά είναι (φυτεμένα), τόσο χοντρά γίνουνται",
"Όσο μπόϊ τον λείπει, τόσο προκομμένος είναι",
Ο αποδομπιαίος τράγος!,
Σαν κουβάρι μαζεύθηκ' η καρσία μ',
Άφηστον να κουρεύεται,
"Οπόχει κόρη ακριβή, του Μάρτ' ο ήλιος μη τη δη",
"Κάθεται, κάθεται, την καμήλα τσους τη λέγει",
Δεν εχ' χωριό χωρίς μνήματα,
"Την Δευτέρα βάζει πλύση, και την Τρίτη τα στραγγίζει, την Τετράδη τα απλώνει, και την Πέμπτη τα μαζώνει, την Παρασκευή διπλώνει, το Σαββάτο σιδερώνει, την Κυριακή αλλάζει, την Δευτέρα πάλι, μέσ' την ψείρα βράζει",
Οι ακαμάτρες έχ'νε τύχη,
Κάλιο πο μακριά κι αγάπη παρά κοντά κι αμάχη,
Ψωμί θέλ΄ς; Ψωμί θα σε δώσ' ο Θεός,
"Άσπρου ψωμί, άσπρου τυρί κ' ένα άσπρο πίσω",
"Ως που να πάγη το ένα πόδι της, το άλλο θα το φάγη η γάτα",
"Αν έχ'ς φαγί για χάσιμο, γω δεν έχω κοιλιά για χάσιμο",
Το μετάξι θέλει τάξη κι' άνθρωπο να το ξετάση,
Μιά στον πατέρα της χαίρεται και μιά στον άντρα της,
Βγηκ' η πομπή στο δρόμο και πόμπευε τον κόσμο,
Ο ζυγός τον κόφτει,
"Όχι  Γιάννης, μόν' Γιαννάκης",
Με το στόμα τ' πουλιά πιάν',
Μιά μοίρα κρέας πολλές πομπές σκεπάζει,
Να λέμε του στραβού το δίκιο,
"Άλλοι μεν βουλαί ανθρώπων, αλλά δε Θεός κελεύει",
Αμίλητος σαν ψάρι,
Κατά τον καιρό σερ' η Μάρω τον χορό,
Πιάνει μύγες,
Έφαγε κουκκιά,
Γω είπα τον σκύλο μου κι' ο σκύλος την ουρά του,
Η καρδιά μου αίμα στάξει,
"Αξιά τιμή του ποντικού, να μπη στο λάδι ν' αλειφθή",
Κάθεται πάν' στα βελόνια,
"Οι δυό πέτρες βγάζνε το αλεύρι, δεν το βγάζ' η μιά",
Ρίχνει πετριές,
"Νέ παν' απ' τ' αμάξι, νέ κάτ' απ' τ' αμάξι",
"Βρέχει, βρέχει, και χιονίζει και τα μάρμαρα ποτίζει",
Σαν αγιοκέρι έλυωσε,
"Κάνε κόρη το παιδί, αν είσαι κόρη θα φανής",
"Του Γιάννη τα λιλιά τα θέλουμε, τον Γιάννη δεν τον θέλουμε",
Τον έχει γραμμένο στου διαβόλου το κατάστιχο,
"Απ' τον τρέλο και τα παιδιά, μαθαίνετ' η αλήθεια",
Να τρώς όπως σ' αρέσει και να ντύνεσαι όπως σ' αρέσνε,
Πιάσε τον κασιδιάρη απ' τα μαλλιά,
"Έχεις τη μασχιά, δε καίεις τα χέρια σ΄",
"Κάλλιο πο μακριά κι αγάπη, παρά πο κοντά και μάχη",
"Ο αγελάρ'ς ηύρε πολύ βούτυρο, άλειψε και τη σόπα τ'",
Κρύψε με όταν δε με θέλης για να μ' έχης όταν θέλης,
"Ζήσε Μάη, να φας τριφύλι και τον Αύγουστο σταφύλι",
Μιά στο καρφί και δύο στο πέταλο,
Γλήγορος σα τη χελώνα,
Δεν ιδρών' τ' αφτί τ',
"Ήτανε το παπί παχύ, έφαγε και τη βροχή",
Πλέχει πάνω πο το λάδι,
"Το γουρούνι κι' αν τ κόψης, πάλε τη γη σκαλίζει",
"Τι καλόν ή τι τερπνόν, ή το κατοικείν αδελφούς επί ταύτω;",
"Μάη μήνα μη φυτέψεης, Μάη μη σταφανωθής, Πρώτη μέρα μη δουλέψης, Σάββατο μη στολισθής",
"Από τα μάτια δεν είδα διάφορο, θα διώ από τα φρύδια;",
"Από μικρούτσικ' ορφανό, κι' από τα νιάτα χήρα",
"Του Απρίλη η βροχή, κάθε κόμπος και φλουρί",
"Κύτταξέ με μ' ένα μάτι, θα σε κυττάξω με δυό",
"Ξένοι δουλεύουν, ξένοι τρώνε",
"Όσες γωνιές καπνίζ'νε, δε μαγερύ'νε",
Ο πνιγμένος 'πό τα φίδια πιάνεται,
Ξινά με βγήκαν τα γέλια,
Τράβηξε τον κάνονα τ'. Πολλά υπέφερε,
Στα κάρβουνα κάθεται,
"Αν δεν κλάψη το παιδί, η μάννα δεν το δίνει βυζί",
Δυό τσαμπάζηδες σ' ένα σχοινί δε χορεύνε,
Πώς θαρρείς τον άλλονα; Σάν τον εαυτό μ',
"Με τον καλύτερόν σου κάτσε, και νηστικός σήκω",
"Πόταξε κ' η Νιάδα στάρι, κ' η Καβάρνα κριθάρι",
"Όποιος από μάγερας γίνεται ηγούμενος, ξέρει ο ηγούμενος τα το κάμν' ο μάγερας",
"Μη μπιστευθής τον φίλο σου και πη το μυστικό σου, φίλος τον φίλο θα το πη κι' είναι κακό δικό σου",
"Αν δεν πη ο Θεός, φύλλο δεν πέφτει",
Ο τρελλός δε θάχη κουδούνια,
Με τα μοσχοκάρφια σε προσκάλεσαν,
Πήγε μ' ένα διάβολο και γύρισε με δέκα,
Σαν της λύρας το καπάκι,
"Γιάννης πήγε, Γιάννης ήλθε",
"Ράφτε, ξύλωνε, δουλειά μή σε λείπη",
Πέντε μοίραζαν τ' αβγό και δέκα τη σταφίδα,
Σπαθί και κορώνα,
Μια φορά γελιέτ' η αλεπού,
"Θα σε δείξω πόσα ράμματα, έχ' η γούνα σ'",
Τη φωλιά χτίζει το θηλυκό πουλί,
Άς έχ΄ η τάβλα τίποτε κι΄ ας λείπουν τα μασάλια,
"Άσχημος βιός, καλή πούληση",
"Αν πεθάνω εγώ, χορτάρι ας μη φυτρωςη",
"Δεν πουλεί, μον αγοράζει",
Τα εφτά σκοτίδια,
Γάιδαρος,
"Ότι γελάσεις γίνεσαι, δεσπότη μη γελάσγς, δεσπότης δε γίνεσαι",
Έβαλε το εβλογητός,
Εφτάψυχος σαν την γάτα,
Χείλια. Με τα χείλια πόχω σε φιλώ,
"Δώσε με τα χέρια σου, να γυρεύης με τα πόδια σου",
"Όσο πίν' η Μαργιωρίτσα, τόσο διπλοχαιρετάει",
"Άσπρος σκύλος, μαύρος σκύλος, πάλε σκύλος είναι",
"Τον Αράπη κι αν σαπουνίζεις, αδιαφόρετα πασχίζεις",
"Μη σε κομπώσ' ο λέλεγκας, μη σε κομπώσ' ο κούκκος, μη σε κομπώσ' το χελιδόνι και πέσεις και πεθάνεις",
Ο διάβολος έχ' πολλά ποδάρια,
Βουλήθ'κε ο Οβριός να φάγη σφουγγάτο κι κείνο έλαχε Σάββατο,
Τα μαλλιά μου δεν τ' άσπρισα στο μύλο,
Θέλει δέκα (παράδες) για ν' αρχίση και σαράντα για να σωπάση,
Θα βγάλω κέρατο;,
Κουκκιά έφαγε και κουκκιά μαρτυράει,
"Η αστραπή, τον τόπο της θα κάψη",
Τα γράμματα του Θεού δε σβούνε καμμιά φορά,
"Της αλεπούς η προβιά γυρίζει, γυρίζει στον γούναρη θα πάγη",
"Του παπά 'ναι τ' αλώνι, του παπά 'ναι το γαϊδούρι",
"Άσπρος σκύλος στο παζάρι, είν' στο μπαμπακά ζαράρι",
Γλώσσα ψαλίδι,
Με το νου και με τη γνώσ' ηύραν το Θεό καμπόσοι,
"Ρώτ'σαν τον λύκο, γιατί είναι ο λαιμός του χοντρός, και κείνος είπε γιατί κυττάζω μοναχός μου τη δουλειά",
"Με τον ήλιο τα βγάζω, με το ήλιο τα βάζω, τ' έχνε τα έρμα και ψοψούν",
Σαν να τραβούσα τον αραμπά,
Τα μάτια σου δέκα,
Τ' Αυγούστ' οι Δρίμες στα πανιά και του Μαρτίου στα ξύλα,
Σαν πέρδικα περπατεί,
"Από το ράμμα, ως το βελόνι",
"Στην καλή τη μούλα, κρεμούνε πολλά κουδούνια",
"Διές πρόσωπο, πάρε καρδιά",
Άφ' σε τα κόκκαλα,
"Να φοβάσαι τον άνθρωπο, πόχει τον οχθρό του μέσα",
"Σκύλος που δε ξέρει να γαβγίσ', φέρενι τον λύκο συη μάντρα",
Πέθανε (ή τον σκότωσαν) σαν το σκυλλί στ' αμπέλι,
"Η όρνιθα σκαλίζοντας, έβγαλε το μάτι της",
Από χίλια ποτάμια σε φέρνει νερό,
Βάρος στη γη,
"Όποιος γεννηθή στη φυλακή, τη φυλακή γυρεύει",
Τρώγεται με τα ρούχα τ,
Δεν πας να κουρεύεσαι,
Κουκκιά έρριξες;,
"Ας μη με πατούν την ουρά μ', να μη δείχνω τα νύχια μ'",
"Τον Αράπη κι αν σαπουνίζεις, τον κουφό κ' αν τυμπανίζεις",
"Να φας καμιά, να σε φανή ο ουρανός σφοντύλι",
Είναι ο Βενιαμίν,
Σκάν' η πέτρα,
Τον Μάρτη μιά και δυό και τον Απρίλη δέκα,
"Σκύλος που δεν ξέρει να γαβγίση, φέρνει τον λύκο στη μάντρα",
"Θα πεθάνω, με τα μάτια ανοιχτά",
Στην πίττα πάτ'σες,
"Άβουλος νους, διπλούς ο κόπος",
"Το πολύ το Κύρ' ελέησον, το βαριέται κι' ο παπάς",
Ζει και βασιλεύει,
Τον σχαίνομαι σάν τις αμαρτίες μου,
"Με τ΄ αχείλι πόχω, σε φιλώ",
"Ο κακός ο χρόνος περνάει, ο κακός γείτονας δεν περνάει",
Άνοιξε τα μάτια σ' και κάνε τα δέκα,
Δεν έχω ήπατα,
"Τραβάτε με κι ας κλαίγω, και στο δρόμο μερώνω",
Σαν τον σκύλο με τη γάτα,
Τον έκαμε παπά και διάκο,
"Πατέρα, η καμήλα ένα παρά. Άφισ' την, παιδί μ', να φύγη. Αϊ, μπαμπά, μια καμήλα χίλιοι παράδες. Φώναξ' την, παιδί μ', νάλθ', πάρε την",
Ο Μάρτης να μη βρέξη κι' ο Απρίλης να μη ξεκουρασθή,
Μεγάλωσαν οι ποδιές και κρύφθηκαν οι πομπές,
"Βόθσε τον εαύτο σου, να σε βοηθήσ' ο Θεός",
Δε μπήκε στα εγκόσμια,
"Πουλιά με το στόμα να πιάν΄ η γυναίκα, πάλι δεν προφθαίνει",
"Ζουν οι γάτες, ζουν οι σκύλοι, ζη κι ο ποντικός στη τρύπα",
Ξεφτέρι είναι,
"Άπ' τα καλά συναγμένα, πέρν' ο διάβολος τα μισά κι απ' τα κακά, και τον νοικοκύρη μαζύ",
"Χέρι που δεμ πιάσει, τόπος δεν αδειάζει",
Ακριβός θαρρεί κερδαίνει και φύρα και δε το νοιώθει,
Έχει κοράκου γνώση,
Τη νύχτα κάνει μέρα,
Δε βγάζ' πουλιά,
"Καιρός παιδί, καιρός πανί",
"Μπάφτες, μπούφτες",
Είναι παπαγάλος,
Ο κουφός όπως θέλει τα ταιριάζει,
Σαν του μυλωνα την πίττα,
"Βελόνι να ρίξης, δε πέφτει",
"Πήγε να βάλη φρύδια, κ' έβγαλε μάτια",
"Πότε πίττα μέ τυρί, πότε πίττα μοναχή",
Στου αρρώστου το κεφάλι πεθαμμένοι κάθουνταν,
"Δυό καρπούζια, σε μιά μασχάλη, δε κουβαλιούνται",
Τραβώ τον γιακά μ',
"Θα σε στράψω μια, που θα σε πάγη καπνός",
"Ο κριτής λέγει ψέματα, η κοπριά δε λέγει",
Έφαγε τα μαλλοκέφαλά τ',
Άλας και ψωμί φάγαμε μαζύ,
"Αν δης άνθρωπο από σόϊ, και γάϊδαρος να γίνη μην τον καβαλικέψης",
"Της μάννας η καρδιά, είναι σεντούκι κλειδωμένο",
"Αν δε σκοτώσ' ο ἀγιος Θεός, τι θε να πάρ' ο Χάρος",
"Στο σπίτι δεν τον ήθελαν, έφερνε και μουσαφίρη",
"Κάλλιο να ξέρ'ς, παρά νάχ'ς",
Μοναχός ούτε στον Παράδεισο,
Απο της Πόλης τον οφαλό,
Σαν το κλάδεμα του αμπελιού,
Έρμη και σκοτεινή,
"Η κόρη μ' έγνεσ' ενα αδράχτι, - άδραχτος μαλάδραχτος, - η νύφη μ' τέσσερα κουτσόδραχτα",
Κατά τον μάστορη και τα κοπέλλια του,
"Η μύτη του να πέση, δε θα σκύψη να την πάρη",
"Μαλαματένια λεκάνη, αίμα φτύνει",
Αλλοίς σε κείνον που φυλάγει της γειτονιάς το γιόμα,
"Στραβό καράβι, ίσιο ταξίδι",
Το πήρε κατάκαρδα,
Τον έχει γαιδούρι κι άλογο,
"Κάνε με φτωχό και ξένο, να παινιούμαι όπως θέλω",
"Ο γέρος όπου πέθανε, στην ποταμιά θερίζει",
"Άλλος έχει τ' όνομα, κι άλλος έχει τη χάρη",
Βούλιαξαν τα καράβια σ' στη Μαύρη θάλασσα;,
"Με το νού και με τη γνώση, ηύραν το Θεό καμπόσοι",
"Κάτσε κόρη μ', μοίρα έχεις",
Τα φόρτωσε στον πετεινό,
"Αν είσαι και παπάς, με την αράδα σου θα πας.",
Είναι μέλι και γάλα,
Καλό τυρί σε σκυλίσιο τομάρι,
Δεν έχει πρόσωπο να πάγη,
Μεγάλο γιοφύρι έκανε,
"Ο Γενάρης σα βροντήσει, ή τ' αμπάρια θα γεμίση ή τον κόσμο θα μυρίση",
Ο άντρας με τσουβάλι να κουβαλή κ΄ η γυναίκα με το βελόνι να σπαταλή πάλι δεν προκάνει.,
Από κάθε κεφάλι και μια φωνή,
Μουλαριού πείσμα,
Άλλος λέγει το μακρύ του κι άλλος το κοντό του,
"Όποιος δοξάζει το Θεό, νηστικός δε μνήσκει",
Πώς θωρείς τον άλλονε; σαν τον εαυτό σου,
"Τα παλιά όταν μπαλώνης, άδικα το ράμμα χάνεις",
Πήρα τα μάτια μου κ΄ έφυγα,
Κι' ο ένας κακό μπάλωμα κι' ο άλλος κακό βελόνι,
Χορεύει τ' άλογό τ',
Θα πηδήξω μάννα μ'. Θα σε δγιώ παιδί μ',
Πήρε τ' άπλυτά τ',
"Με κουβανητό νερό, μύλος δε γυρνά",
"Έχ΄ ο καιρός γυρίσματα, για να΄ βγούν τα πείσματα",
Θα σε βάλ' τ' αβγό στο στόμα,
"Κάτσε, κόρη, νάβρης μοίρα",
Η πολλή δουλειά τρώγει τον νοικοκύρη,
Τον έχουν από κλώτσο κι από πάτσο,
"Όποιος δεν έχει παιδιά, έχει ένα βάσανο όποιος έχει παιδιά, έχει χίλια βάσανα",
Τον τρώγει το σκουλήκι,
"Ηύρες φαγί, φάγε, ηύρες ξύλο, φύγε",
Που να σε πάρ' η οργή,
Το γαϊδούρι το πρωί το ψόφσε κι' ως το μεσημέρι σκουλήκιασε,
"Σπίτι ασυγύριστο, μουσαφίρη περίμενε",
Νερό και άλας να γενούν,
Το ξύλο βγήκ' απ' τον Παράδεισο,
Έχει μεγάλη γλώσσα,
"Όμοιος στον όμοιο, κουπριά στα λάχανα",
"Η γάτα γεννήθηκε, ποντικό κρατεί",
Ο διάβολος φοβήθηκε τα παιδιά,
"Παιδί και το σκυλί, από μικρό",
"Χίλια καλά να τον κάνης, όλα χαμένα είναι",
"Παλαμίδα σε μυρίζει, ντεΐμεντε να φας κολοιό",
Το αρχοντοξέσπασμα να κλαίτε,
Αμαρτωλός που φύγωμεν,
Πήγε για μαμμή κ' ήλθε στα βαπτίσια,
Ο Θεός σχάθηκε μένα και γω κείνονα,
"Αντί να τρίζη το αμάξι, τρίζ' ο αμαξάς",
"Θέλοντας ο βλάχος και μη θέλοντας ο ζωγράφος, φόρεσε και σύ, Χριστέ, κόκκινα ποδήματα",
Στην αναβροχιά καλό 'ναι το χαλάζι,
Με τ' αβγά μανταλωμένα,
Κουκούτσι γνώση δεν έχει,
"Οπόχει δυό νά χαίρεται, τρία νά καμαρώνη, κι' οπόχει ένα μοναχό (παιδί) νά κλαίγ' , νά μή μερώνη",
Πολλοί θα το διούν και λίγοι θα το καταλάβ'νε,
Θεός να σε φυλάγη από το άδικο,
Στο μύλο σε γέννησ' η μάνα σ',
"Ο καθένας απ΄ τα χείλια πόχει, φιλεί",
Κόπ' κε η καρδιά μου,
Τον ξέγδαρε,
Άπιστος Θωμάς,
Δεν ξέρει τα κακά της μοίρας του,
Απ' τα βουνά φερμένος,
"Ένα κορίτσι ξέκοψες, μιά εκκλησία γκρέμισες",
Άσωστο κ' απλέρωτο,
Έχω την κούτρα καθαρή,
"Όλ' οι καλοί, χωρούνε",
Ακόμη δε βγήκ' απ' τ' αβγό,
Κόπκαν τα ήπατα μ',
"Από του λύκου το στόμα, παίρνεται κόκκαλο",
Έχασε τ' αβγά και τα καλάθια,
Άλλα λογαριάζεις κι' άλλα σ' έρχουνται,
"Ο μουσαφίρης είναι σαν το ψάρι, που την τρίτη μέρα μυρίζει",
Βερεσέ τ' ακούω,
"Μαζευθήτε γνωστικοί, να φάτε του τρελλού τον βιό",
Αυτός έχει το λύσε και δέσε,
Κουκκί ήτανε κι' έσκασε,
Δεν ξέρει να μοιράσ' σε δυο γαϊδάρους μια κόφα άχερο,
Σαν του Βλάχου τα λουτρά,
Ο ένας την μυρίζει κι' ο άλλος την βρωμάει,
"Φύγ' από μένα, διάβολε, και πάνε στον γείτονά μου",
"Σαν πέσνε τα δαχτυλίδια, μνήσκνε τα δάχτυλα",
"Όποιος έχει μαχαίρι, τρώγει πεπόνι",
Το πρωΐ βασίλισσα και το βράδυ κατσιβέλα,
"Άντρας μεσ' στο σπίτι, είν' κούτσουρο",
Ας πάγη και το παλιάμπελο,
Ηύρε χωριό χωρίς σκυλιά και τρέχει χωρίς δεκανίκια,
"Πάρε δικράνια, χώριζε νερό",
Γυρίζει σαν την ανέμη,
"Να ξέρ'ς ο δικός μου νους, που σκαλίζ' και που κοσκινίζ';",
"Διψάς, δε διψάς, γάϊδαρε, πιες και συ αγίασμα",
"το θηλυκό πουλί, στήνει τη φωλιά",
Πείσμα της κατσίκας,
Να πτή τον απήγανο,
Γεννήθηκε με σκέπη,
Έσπασα το κεφάλ' μ',
Θα σβήσ'νε το καντήλι τ',
Στον πάτο ξουρίζ'νε τον γαμπρό,
"Στο νύχ', όχ' στο κρέας",
"Δε σε θέλω, θεριστά, γιατί θερίζεις χαμηλά. Εγώ ξέρω κι αψηλά. Δε σε θέλω κι αψηλά",
Άλλος αρέσει τον παππά κι' άλλος την παππαδιά,
Το στόμα του γαλατίλας μυρίζει,
Σαν της τρελλής τα μαλλιά,
Δουλειές με τις ουρές,
Μάλλιασε η γλώσσα μ',
Άλλα μπρός κι' άλλα πίσω,
"Στου Ανατολίτη το μουλάρι, μαθαίνει να καλλιβώνη",
"Γάλια δούλευε, να έχης τα νιάτα σ'",
"Αλί στον καλομάθητο, ως που να κακομάθη",
Είναι βόδι,
Δάκρυα κροκοδείλου,
Με το μόδι έρχεται και με το δράμι φεύγει,
Τί βρέχ' ο ουρανός και δεντο πίν' η γη;,
"Αν έχης καιρό για χάσιμο, δεν έχω κεφάλι για σπάσιμο",
Τον τρώγ' η μύτη του,
Έσπασα το μυαλό μ',
Στο λαιμό σ' η αμαρτία,
Όλ' οι μήνιδοι να μπουμπουνιόνε μόν' ο Μεγάλος όχι,
Οι γυναίκες έχνε μαλλιά και λίγη γνώση,
"Το νερό κοιμάται, ο εχθρός δεν κοιμάται",
"Όποιος αφίνει τη στεριά, τη θάλασσα γυρεύει, ο διάβολος στη ράχη του, κουκιά τον μαγερεύει",
Θα βάλω τη σκούπα να κλαίγη,
"Όποιος ντρέπεται και δε μιλεί, τρώγ' μόνε πιπερίτσα",
"Ο καιρός τρέχει, και μείς μαζύ του πηγαίνουμε",
"Μια στάμνα νερό, δέ σε δίν'",
"Η σκύλα γεννάει τα κουτάβια της στραβά, γιατί τα γεννάει βιαστικά",
Δέ δίν' δεκάρα,
Κάτσε φρόνιμαα γιατί θα σε τινάξω την γούνα,
Π' αλλού σ' αλλού,
Ό άνδρας μοιάζει τον κολοιό και το κορίτσι μπαρμπούνι,
"Ακόμα δεν τον είδαμε, Γιάννη τον εκράζαμε",
"Ήλθαν τ άγριά΄, να διώξουν τα ήμερα",
"Ποιός ζει, ποιός πεθαίνει",
"Θα σε γελάσω, να πάρω τη σκούφια σ'",
Παραμύθι μύθαρος κ΄η κοιλιά του πίθαρος,
Αυτός κλέφτει και της Παναγιάς τα μάτια,
"Παρηγοριά στον άρρωστο, ως που να βγη η ψυχή του",
"Μήτε την ευχή τ΄, μήτε την οργή τ΄",
Δέν είναι γιά τα δόντια του,
Του κυνηγού ο τέντζερες στις σαράντα μέρες μια φορά βράζει,
"Αυτή η βρύση που ξεράθηκε, θάλθη καιρός να τρέξη",
"Ποιός έχασε τη ντροπή, να την εύρ' αυτός;",
Με τα ρούχα του μαλώνει,
"Ώς που να στεγνώσει το τουλπάνι, τ' αντρόγυνο μονοίαζει",
"Μεγάλη βούκα φάγε, μεγάλο λόγο μη πης",
Δεν έχει χωριό χωρίς μνήματα,
"Παστρικιά Θοδώρα, τα τσαρούχια μέσ' στην πίττα",
Τον κόστισ' η προβειά στα δώδεκα,
"Της γειτόν'σσας η όρνιθα, κούρκα φαίνεται",
"Κάθε μέρα, δεν είναι Πασχαλιά",
"Να σε κάψω, Γιάννη, να σ' αλείψω μύξα να γιάν'ς",
"Όπου πέση το αστροπελέκι, κει καίει",
Δε μ' άφ'σε σάλιο στο στόμα,
Την καμήλα το γαϊδούρι την οδηγεί,
Καλό τ' αστρικό τ',
"Άλλος αρέζει τον παππά, κι άλλος την παπαδιά",
"Σ' όποιο δάσκαλο καθίσης, τέτοια γράμματα θα μάθης",
Θέλει να βγη πο πάνω το λάδι,
Τον έγινε κολλητσίδα,
"Ο βιός μου, στή βιά μ'",
Την πινοκεία τ' θα κόψ';,
Τον τίναξε τη γούνα τ',
Το παλιό φυλάγει το καινούργιο,
"Όλα στον κόσμο γίνουνται, μόνε του σπανού τα γένεια δε γίνουνται",
Από του κατά Λουκά τον καιρό,
Η σιωπή μου προς απάντησίν σου,
Τον έπιασε το τάραμα,
Του κολοβού σκυλιού νουρά κολλάει,
Το μυαλό σου και μια λύρα,
Η μια γκαμήλα της αλληνής τη ζιούμπα δεν την βλέπει,
Βασιλικός στην πόρτα μας κι' εμείς τον πεθυμούμε,
Πάει η γλώσσα του σαν το κάτου λιθάρι του μύλου,
Εσύ θα μας μάθης γράμματα;,
"Ο άσπρος με τον κόκκινο, ο ήλιος με το φεγγάρι, κι΄ ο μάυρος με το κόκκινο η στιά με το τηγάνι",
Ο κακός πότε κρύος πότε ζέστη,
Τριών ημερών μάθημα τριών χρονών ξεμάθημα,
"Αποκλάδιζε, αν θες να δεματιάζης",
"Προτου, Βλάχο, τ' άλογό σου η Μπρού ...",
δέκα Ρουμελιώτικες (απλωσιές) πέντε Μωραϊτικες (διακρίσεις),
Και ο μικρός γάμος τράμπαλα και ο μεγάλος ντανταρούκια,
Όγιος δεν κλεί' πόρτα ή βασιλέας είναι ή σκυλί,
Τον κόμπο που μπορείς να λύσης με τα χέρια μην το λήις με τα δόντια,
"Κεφαλλωνίτης βλάστημος, Ζακυθιανός ρουφιάνος Αγιομαυρίτης κερατάς, Κορφιάτης κατεργάρος",
"Αν είχα τα μυαλά σου, θα είχα και το κονάκι σου",
Ξυλιές στον ξένο γ – κώλο δεν πονούνε,
Τα μυαλά τα σπείρανε κι όσοι προφθάσαν' πήρανε,
Ο προβαζός φυλάει το τράσιτο,
Μακάρι 'σά(ν τον Αύγουστο νά ηταν τη'σι μήνες όλοι,
Ως που να πης απίδι,
Έκατσε ο μουρλός να χέση κ' έπιασε και ξεκωλιάστη,
Θα σου βάλω δόντι,
Το Μάρτη βάλε αργάτη κι άσ' του να ψειρίζεται,
Από τα μικρά μου νύχια,
Ήλθαν τ άγριά να διώξουν τα ήμερα,
Εμπήκε ο Γιώργος στο χωριό κι απάντησε τον Γιάννο,
Αφέντη επρωταπάντησες; κακή ψυχρή σου ημέρα,
Τα δικά σου είναι συκάκια και ζουλιώνται και τα δικά μου είναι καρύδια και βροντάνε,
Είναι στα προζύμια,
Δεν βρέχει ούτε στο ζουμί,
Άφησε το γάμο και πάει για ξύλα,
Ο κόρακας κοράκου μάτι δε βγάνει,
Θέλεις να κάμης τη νύφη να σκάση; πες της να 'ν' κάλα τα πεθερικά της,
Δέν είναι Γιάννης παρά Γιαννάκης,
"Στραβέ, γιατί είν' το μάτι σου βαθειά βγαλμένπ; Γιατί μου τόβγαλε ο δικός",
Γράφε το στο χιόνι,
Οι έννοιες τρώνε τον άνθρωπο,
"Γέρου βρόντο μην ακούς, λόγο ν' ακούς",
Πρόβατο χωρίς μαλλί κι όμορφη χωρίς φιλί,
Κι' ο κόκκορας μας θέλησε αηδόνι να τον πούνε,
Ο κακός είναι κάρβουνο που αναμένο καίει και σβυστό μουψουρώνει,
Ότι μικρομάθαινε δεν το γεροντοτάφηνε,
"Κουφού καμπάνα κι' αν βαρής, στραβόν κι' α θυμιατίζης και μεθυσμένον κι' αν κερνάς, ούλα χαμένα τάχης",
Τ' αντρός η ξυλιά είναι φειδιού δαγκιά,
Η ρουφιάνα πρώτα ήταν πουτάνα,
Ο Αύγουστος για τα πανιά κι΄ο Μάρτις  για τα ξύλα,
Άντρας μου το ζώ ... το ζώνει το σπαθί,
"Κατά μάνα, κατά κύρη, ήκαμαν και γυιο Ζαφείρη",
Σαν θα λείψουν τα πιπέρια μου θα δω τα μεγειριά σου,
Από Μαρτιού πουκάμισο κι' απ' Αύγουστο σιεγκούνα,
Όπου είχα το θάρρος κύρα τον χάρο μου,
Την έθρεψε με κουκουνάρι,
Με τ' αρνάρισμα και το ξύλο γίνεται βελόνι,
Το σκυλί κι αν παχύνη δεν το τρώνε,
Υπάρχει πείνα και των γονέων,
"Δεν τιμάν τα μαύρα γένεια, μα τιμάν τα μαύρα γίδια",
Θέλει η γριά και παίζει ο γέρος,
Ξένο καρβέλι δικό σου μαχαίρι,
Από 'γκρεμό σε βράχο,
Αυγερινός κι η πούλια αδειάζουν τα σακκούλια,
Κάλλιο λόγια 'ς το χωράφι πάρα μάγγανα 'ς τ' αλώνι,
Λαχτάρα του που δεν έχει νύχια να ξυστή,
"Κι αν ρωτάς και για Γιάννη ό,τι ξύλοκόψης κάνει",
Αλλού τα κακαρίσματα κι αλλού γεννάει η κόττα,
Όπου φτύσυν πολλοί γίνεται ποτάμι,
Ο πεθαμένος δεν ξαναγυρίζη,
Ούτε διάκο σ' είδαμε ούτε πρωτοσύγγελο και δεσπότης έγινες;,
Ας βγη τόνα μάτι το δικό μου και τα δυό του εχτρός μου,
Άδικος άνθρωπος παρηγοριά της χήρας,
Που πάει όρκος,
Και τα βαρειά απάνω της κι τ' αλαφριά δικά της,
Το' βαλε τα δυό του σ'ένα παπούτσι,
Έγινε η μάχη του Γκριτζιοβ – αλή,
Έχει τα μάτια του τέσσερα,
Αντσάτος ο πλαντσάτος κι ο τσιούλος ο γεμάτος,
Ούλο μου το ντέρτι τ' ανδρός μου ο θάνατος,
Όσο μένει η πίττα τόσο και καλός μουσαφίρης την τρώει,
Αρονάρον και αρουνάρου,
"Οπούχε τα πολλά έκλαιγε κι' οπούχε και τα λίγα, κι' όπου δεν είχε τίποτε καθόταν κι' ετραγούδαγε",
"Καλή ο βρόντος, αλλά ο βρόμος;",
"Λύκο είδες, πρώτος σε είδε",
Ξύει τα νύχια του για καυγά,
Και τι 'ναι ο κόσμος; Τι εστί;,
Απ' γουρουνίσιο ασκί δεν πίνεις κρασί,
Και τον παρά και στου καρά,
Τη βλέπεις αυτή τη σιγαλοπαππαδίτσα;,
Κάνι ο κώλος σου γι' αυγά τα φτερά σου για πουλιά και μ΄αυγά και μη πουλιά,
Όποιος αγαπάει τον άσο πάει σπίτι του χωρίς ράσο,
Ο κώλος είνι κόλαση και το μουνί πηγάδι και όποιος κόλο δε γαμεί στραβός πάει στου Άδη,
Τα κόβει,
"Μάϊς άβρεχος, μούστος άμετρος",
Τον έψαλε τον εξάψαλμον,
Κάποιον επόμπευαν κι' εκείνος δεν ήξερε,
Δεν ζεσταίνει γωνιά,
Αντάμα κουβεντιάζουμε κι χώρια κούμε,
Ούλ' η έννοια μ' τ' αντρός μ' ο θάνατος,
Δέντρο που λυγίζη δεν κόβεται,
Αχ πατέρα μου ξεβράκωτε,
Χαρά ΄ς τον που γνωρίζει μαλλί γυαλί και σίδερο,
Κάθε πράμα στον καιρό του κι ο κολοιός τον Αύγουστο,
Εκείνος βγαίνει σαν το λάδι αποπάνου στο νερό,
Σαν το σπάρο στα κάρβουνα,
Την καβαλλίκευσαν στο γαιδούρι,
Τώρα μπουχώνη το μουστάκι του,
"Μιά κρύο, μιά χλίο",
Ο παπάς τρώει την προσφορά κ΄η γυναίκα το ύψωμο και του φιλεί κ' το χέρι,
Ανάμεσα σε πολλούς θάνατος δε λογάται,
"Δεν τα φταίς εσύ, τα φταίει του βαρελιού ο πίρος",
Ο κασσιδιάρις δεν το παίζει το κωλοσκούφι,
Ούτ' γω ότι πα' κουκιά ούτε σύ δεργατικά,
Τον σούρνει από τη μύτη,
Άλλα είναι τ' άλλα κι' άλλαο της Παρασκευής το γάλα,
Εδώ βουνό κι εκεί γκρεμός κι' όπου κι' άν πάω βράχος,
"Όποιος χαλάει την Παρασκευή, νηστεύει το Σαββάτο",
Από την γλώσσαν αρχινάει το σκουλήκι,
Ούτε εφέτο θα κάνουμς Λαμπρή ούτε του χρόνου Πάσκα,
Μήτι το διάβολο ν΄απαντήσεις μήτε το σταυρό σου να κάνης,
Με το νου πλουταίν' η κόρη με τον ύπνο γ' η ακαμάτρα,
"Εμακρύναν οι ποδιές σου, σκεπαστήκαν οι πομπές σου",
Γεννιώνται αδελφοί και πεθαίνουνε οχτροί,
Τους τόκαμε καπότο,
Να ρίξης λιθάρι πίσω σου,
Δεν έχει Θεού νισάφι,
Είναι 'ς το μήνα της,
Ευχή γονιού αγόραζε και στο βουνό περπάτες και του κυρού σου ως που να ζητή λόγια πάντα κράτει,
"Οπόχει γρόσια στην μπαλάσκα, όπου θέλει κάνει πάσκα",
Μας έβαλε τα γυαλιά,
"Εργάζου και πορεύου, λέει ο Θεός",
Ο θεός οπ' αγαπάει παιδεύει,
Ούτε στον ήλιο ούτε στον άνεμο,
Παλαιά παντιέρα τιμή του καπετάνιου,
Περά τόσους δικούς καλύτερα τόσους ποντικούς,
"Ο λόγος έχει αντίλογο, τ' αντίλογο την πίκρα",
"Όσοι φορούν μαχαίρι, δεν είναι ούλοι μαγέροι",
Και το μεταξωτό βρακί θέλ' επιδέξιο κώλο,
"Έχω κούτσουρα, να βγάλω σφήνες",
Μη μου γαμής το λόγο,
"Η καλύτερη ζωή είναι μπούκα, κούπα, τρούπα και τσιγάρο",
Πως πάν οι στραβοί στον Άδη; ο ένας κοντά 'ς τον άλλονε,
Επέρυσι εκάη κι' εφέτος εβρόμησεν,
Μήτ' εσύ παπά στα Φώτα μήτ'εγώ στον Αγιασμό σου,
Η αλπού είχε εργατιά κ' εκείνη ετσαγγουρολόγε,
Χορταίνει ο Άδης κόκκαλα,
"Δό' μ' τσιτσί, να λιλί",
"Καρός πανιά, καιρός παιδιά",
"Χίλιοι ανθρώποι, χίλια λόγια",
Τον πάτησε το μαύρο βόϊδι,
Κάλλιο που 'ν' τηνε παρά είν' τηνε,
Ο Γιάννης ως τα σαράντα δεν έβαλε βρακί κι τώρα μας γυρεύει βρακοζώνα,
Κολλάει και του κολοβού σκυλιού νορά,
Του εσώθη το πετρέλαιο,
Μόδεσες τη γλώσσα,
Δε του κάθεται κουνούπι,
Μεγάλα καράβια μεγάλες φουρτούνες,
Αχαμνό αρνί παχειά νουρά,
Κι' έτσι χήρα κακομοίρα κ' έτσι κακοπαντρεμένη,
Θέλ' η γριά και παίζ' ο γέρος,
Η μάνα θα βαρέση κ' θα πονέση,
Η νύφη όταν γεννηθή της πεθεράς θα μοιάση,
Κάλλια μια κοκκινάδα πάρα δέκα κιτρινάδες,
Ανάθεμά σε Ζαχαριά με το ζακόνι πόχεις κάθε βδομάδα πόλεμο κάθε μήνα γυναίκα,
Σε τούτον – ν – κόσμο λύση ποτέ δεν απολείπη,
Από πίσω βρίζουν κ' τον βασιλέα,
Πήρε μπάλα,
Από μωρό κι από λωλό μαθαίνεις την αλήθεια,
Κώπελος κωπέλι θέλει,
"Τα πίσω απίδια 'χουν ουρές, τα πάρα πίσω κόμπους",
"Δανειστής, καλοπλήρωσε, να σε ξαναδανείσω",
Κλωτσάν τ' άτια; Αλλοίμονο από τα γαϊδούρια,
"Κόρη ασ' τον Άγιο Φλώρο, μη μας τον κουνάς τον κώλο, άφ' τον νάρθη ο καιρός του, και κουνιέται μοναχός του",
Ο λύκος το σκυλί που δαγκώνει το καταλαβαίνει από την βαβεξιά,
Στραβά πηγαίνεις κάβουρα θα ιδώ την προκοπή σου,
Όσον το καλό μου και το ριζικό μου,
Αυτό το σκυλί κλεφτό τρώει,
Δε χρωστάει να κάνη καλό,
Έβαλε τον κόπανο να κλάψη,
(Επέρασε) ζωή και κόττα,
Έχει μια γλώσσα μιαν πιθαμή,
Με το νου πλουταίν' η κόρη με το νου κ' η ακαμάτρα,
"Το σείσιμο, το κούνημα κι' η λίμα στην καλύβα",
"Κωσταντινιά τον άντρα σου βαλ' τον στο ζεμπίλι και κρέμασ' τον ψηλά ψηλά, να μη τον φαν οι ψύλλοι",
Άλλοι πεθυμούν τα γένεια κι' άλλος τα μασούν και φτυούνε,
Καρφί δεν του καίγεται!,
"Πόλι εφτά μαχαλάδες, εφτά και το καστρί κι η ρίγανη παραπανίσια",
"Όσα ξέρ' ο νοικοκύρις, δεν τα ξέρ' ο μουσαφίρης",
Εφάγαμε ψωμί κι άλας,
Έκανε κι η ψείρα κόλο κι' έχεσε τον κόσμον όλο,
Γαιδουρινό μούτσουνο αφεντική ζωή,
Μην κλαις τον καβαλάρη που κρέμονται τα πόδια του,
Είναι σαν το νυνί,
Άφ' τα κείνα πούξερες και πίασ' ελείνα πούβρες,
Θά σου δείξω εγώ τί εστί βερύκουκο,
"Ότι κι αν βαρής του βωδιού, στο πετσί του βαρείς",
Στου Πύργου τη Μαγούλα εκατοίκησαν τα ζώα ούλα,
Δεν του ήρθε ο νοικοκύρης,
Στενό σακκί χαρά φτωχού,
"Σαν το μπόϊ μου ηύρα, μα όχι και σαν τη γνώμη μου",
Ούτε ο σκύλος τρώει άχυουραούτε τ' άλογο τ' αφήνει,
"Δός κί εμένα, μπάρπα",
Ανάθεμα γονέους γονέους μανάδες και πατέρες που δεν διαλέγουν τους γαπρούς καθώς τις δυχατέρες,
Η κοιλιά μου γουργουρίζει,
Έκαν η κόττα το αυγό και το κορκολέται,
Μα τί; Αυτός έχει το κέρατο;,
"Τραγούδησε και συ αρκούδι, στου αετού, τη ράχι",
Πέντε μέτρα κι ένα κόψε,
Βάρει με αντρούλη μου κ' εγώ ξέρω τι κάμω,
Όποιος θέλει να παινειέται μόνος του κατηγορειέται,
Αρτσιβούρτσι τόλεγαν και ξερόψωμα έτρωγαν,
"Εδώ σε θέλω κάβουρα να πηδάς στα κάρβουνα, σαν πηδάς τον ποταμό, είντα χάρη σούχω γω;",
Πόθεν είσαι νοικοκύρι ; όθε κι΄ η γυναίκα μου,
"Ο λόγος σου με χόρτασε και το φαΐ σου, φάτο",
Ή φύσα ή ρούφα. Και τα δυο μαζί δε γίνουνται,
δέκα Παλουμπαίοι έντεκα καπεταναίοι,
Καμαρώνει σαν τη νύφη τη Δευτέρα,
Ο κόμπος θα λυθή,
Δε νογάη τα τρία κακά της μοίρας του,
Ο τσουκαλάς όπου θέλει κολλά το λαήνι,
Τ' αδειανό τουφέκι σκιάζει δύο,
"Όσα σου δώση ο διάβολος, τα παίρνει απάνω προίκι",
"Εξυλοφάντισε τ' άντι, χαρά στον ανυφάντη",
Από ρόιδο βγαίνει αγκάθι κι' απ' αγκάθι βγαίνει ρόιδο,
"Του λύκου η τρίχα αλλάζει, η γνώμη όχι",
Από Νοτιά νερό κι' από Σορόκο χιόνι (να περιμένης),
Ούτε 'φέτος έχομε Λαμπρή ούτε του χρόνου Πάσχα,
Κάμης λάβης κοιλία μη σε πονέση,
Κλαίει σαν χήρα γυναίκα,
Κρύβεται πίσω από το δάχτυλό του,
Η πεθερά κι' α ευ ζάχαρι ναναι πικρή είναι,
Όσο κάθεται (ή αναμένει) η πίττα τόσο καλύτερος φίλος τήν τρώει,
"Της αδελφής η καρδιά βράζει σαν το τσουκάλι, του αδελφού σαν τον τέντζερη",
Ο χρόνος πάει κι' έρχεται κι' η Κυριακή δεν έρχεται,
Του πήρα για βασιλικό και βγήκε τσικουκνίδα,
Κάτσε γύρευε και Νικολόκαρτέρει,
Πάει η γλώσσα του αρβάλι,
"Όποιος είναι απ' όξω από το χορό, πολλά τραγούδια ξέρει",
Για πές αλεύρι  - Το τάδε σε γυρεύει,
"Δικό σου νύχι, δικό μου κεφάλι",
"Ό,τι έχω ατός μου, το λέ' τ' αντρός μου",
Τα τόσα άρματα ποτέ δεν κάνουν παλληκάρι,
"Όποιο δάχτυλο να κόψης, τον ίδιο πόνο θα' χης",
Δός μου αγέρα καί μέτρα μίλια,
Η γριά κότα έχει το ζουμί!,
Της αβανιάς το γέννημα σε ποντισμένο μύλο  επί συκοφαντίας,
Βαρείτε με να κλαίω κι αν κλαίω τί σας κάνω;,
"Όποιος θέλει το καλό μου, με κάνει και κλαίω, κι όποιος θέλει το κακό μου, με κάνει και γελάω",
Τό βερσιγέ κρασί μεθάει δύο φορές,
Έρημος κόσμος στον' Άϊ -Γεώργη,
"Ο άντρας μες 'στο σπίτι, ο διάβολος στην πόρτα",
Του γεωργού η δουλειά στ' αλώνι φαίνεται,
Τι σου φταίω 'γώ; Έτσι μου 'πανε να 'πώ,
Ο κόσμος τό'χει βούτσινο κι' εμείς κρυφό καμάρι,
"Τόπε σ' Ανατόλη, 'ς Δύση",
Κλείω το μάτι,
Δεν περνά η μπογιά σου ιδώ,
"Μη θες να γίνης κεφάλι, αφού είσαι το ποδάρι",
"Αλλού με ξεις καλόγερε, κι αλλού με τρώει καϊμένε",
Δε βλέπει μύτη,
Ξένο βιός καλολογάριαστο,
Ο κατακαϋμένε άνθρωπε τι γίνεσαι όταν πίνης και τι σου κάνει το κρασί και συ δεν το αφήνεις,
Έμεινε ξερός κι΄ αδρέπανος,
Ξένος κι απόξενος,
Ο κλέφτης φυλάει τον νοικοκύρη,
"Ο πρώτος καφές αξίζει μια δεκάρα, ο δεύτερος μια λίρα κι ο τρίτος μια κλωτσιά",
Το γαιδούρι ενώ γκαρίζει το κεφάλι του τσακίζει,
Τον ποντισμένο τον καιρό τον Μάϊ μήνα βρέχει,
Η καλή καρδιά τρώει τα καλά φαγιά,
Στολίστηκε η γριά κι απόμεινε,
Ο γάτος όταν νιαουρίζει για γαμήσι τριγυρίζει,
Το θηλυκό στα σπάργανα κι' η προίκα στη κασσελλα,
Τον εκαβαλλίκεψε το ντορή,
Του έσβυσε το καντήλι,
Ασαράντηγο παιδί κι' αλεύκαντο πανί μια τιμή έχουν,
Τον εχθρό σου να τον καταραστής από ζω σε ζω κι΄όσο γίνεται σε γυναίκα,
Κι' η κακή παντρειά χηρειά κι' η κακή δωρεά πετριά,
Το πλήρωσα το κερί της εκκλησίας,
Αμαρτίες έχομε,
Κλαίν' οι μαύρες και οι παντρεμένες κλαίν' και οι φουφουδιάνες,
Ανάστασε τον αγαθό να πη το μυστικό του,
Δεν αγγελίζει άνθρωπο,
Κρατείτε το λαγό να κατουρήση η σκύλα,
Το σκατό του παξιμάδι το κάμει,
όποιος φκειάνει τάφου αλλουνού γίνεται δικός του,
Αλί από τον Αλή που έχασε το γάϊδαρο και πηλαλεί,
"Καιρός πουλεί τα κάστανα, καιρός τα 'ξαγοράζη",
"Γαμπρό σε κάνω, πολυζώη δεν σε κάνω",
Για κείνο στα μάτια πρωτορρίχνουν χώμα,
"Κεραμίδι έπεσε, κακού κεφάλι έσπασε",
Δυό σπασμένοι νικάν τον αντρειωμένονε,
Άμα η γυναίκα αρχίση την δουλεία της δεν θα την αφήση,
Τα περνάει ούλ' από τη λαίμη,
Μυγιάγγιαχτος,
Ως και τ' αηδόνι που λαλεί χνα παντρευτή γυρεύει,
"Γεια σου, γέρο. Κοκκιά σπέρνω",
Κύριε ελέησον παπαδιά πέντε μήνους δυο παιδιά κι' άλλα τόσα στην κοιλιά,
"Άμα είσαι άτυχος, πάτνα άτύχης θάσαι",
Κάτσι κόττα μου στ' αυγά σου και κλωσσού μέσ τα πουλιά σου,
Θα ρίξω λιθάρι πίσω σου,
Έρριξε μαύρο λιθάρι,
Αυτός έχει αρχίδια,
"Της όμορφης δος της ριζικό, μα η γ' άσκημη βαστά το στο έμπα της στο έβγα της στη φτέρνα της αποκάτω",
Κάποιον πομπεύονε στη ρώγα και ρώταγε αν τό μαθε η μάνα του,
Άπλωσε τη γλώσσα της μια πιθαμή,
Παίρνω τη θάλασσα κρασί τη γης για ψωμοτύρι,
"Σφάζει ο γείτονας το βόϊδι, κράτησε και συ το πόδι",
"Τον καιρόν όπως τον εύρω έτσι και τον αρμενίζω, γιατ΄έμαθα στα βάσανα κι δεν βαρυκαρδίζω",
Έκλαιε τα μποιρινά της,
Επετάχτ' η γριά από την κοφίνα,
Η ευκή σου και το λινόξυλο,
Δεν ξέρει ούθε παν τα τέσσερα σημεία του ορίζοντα,
Ο πολύ καλός είναι γάϊδαρος,
"Τον λύκον εκουρέυανε, πούθε παν τα πρόβατα",
Ο καθένας τη -μ – πορδή του μοσχοκάρυδο την κάνει,
Τον αγοράζει κι΄τον πουλάει,
Θα του φάη το κεφάλι,
Όπου μικρομάθαινε δεν εγεροντάφηνε,
"Εδώ λαθεύουν καλόγριες, απέ παπαδιές, άμε γύρευε",
Αν δεν θολώση δεν θα ξαστερείση,
Από Θεό και γείτονα δεν μπορείς να κρυφτής,
"Τα ξένα θέλουν φρόνιμα, θέλουν ταπεινοσύνη, θέλουν τα μάτια χαμηλά, το στόμα τσυπωμένο, θέλουν λαγού περπατησιά, να περπατούν στον κόσμο",
"Κοίτα ούγια πάρε παννί και τα μάννα πάρε παιδί, άνυρωπο από ανθρώπους και σκυλί από μαντρί",
Κατά μάνα κατά κύρι έκαμαν και γυιο Ζαφείρη,
Τους αληλούϊσε,
Ο αχαμνός λόγος και ο κάλπικος παράς μένουν στο νοικοκύρη,
Αγίασμα ζώχω,
Έγιν' τ' Ανάστα ο Θεός,
Όποιος γυρίζει μυρίζει,
Τι κουμάσι είναι!,
Κι' εγώ κακά χερόβολα κι' συ κακά δεμάτια,
"Ο ζουρλός δουλειά δεν έχει, το βρακί του λεί και δένει",
"Κεραμίδι όποιος, κακού κεφαλή έσπασε",
Δεν με κόφτει,
Η γυναίκα και το άτι θέλυον άξιο καβαλλάρι,
"Η γυναίκα έχει τρεις πέτσες · η μία κόβεται όταν παντρεύεται, η δεύτερη όταν γεννάη και η τρίτη όταν τα φτειάνει με άλλον",
Το κέντισμα 'ναι γλέντισμα κι η ρόκα 'ναι σιργιάνι και ο μαγγούφης αργαλειός είναι σκλαβιά μεγάλη,
"Κοιμήσου, χαϊδεμένη μου κι' η μοίρα σου δουλεύει",
Ο κασσιδιάρης δεν το παίζει το κλωτσοσκούφι,
Εμουτζουρώθ΄ η γύφτισα,
Μου κάνει τον μώκο,
Ας ξαναγίνω νύφη και βλέπεις πως προσκυνάω,
Και με τ' αρνιά κουρεύεται με τα κατσίκα παίζει,
Απολπισμένο κάτεργο σ' ένα βαθύ λιμνιώνα,
Ο παπάς παραγγέλνοντας κρίματα δεν έχει,
"Άπατα, λάπατα, κουκιά μαγειρεμένα",
Άι – Λουκά σπείρε τα κουκιά,
Πάρε τα βρεμένα σου!,
Όποιος τρώει το πρωί και παντρεύεται μικρός έχει διαφορά,
"Κόκκινα γένεια και μάτια γαλανά καρδιά του Ιούδα, ψυχή του Σατανά",
Ο εκ βρίσκει χαίρεται κι' ο εκ γνωρίζει παίρνει,
Μουλάρι ποιός σε 'γέννησε; -Τ' άλογο είν' ο θειός μου,
Έμαθα να βελονιάζω και γαμώ το μάστορή μου,
"Πάρ' τον ένα, βάρ' τον άλλον",
"Ο ξένος αναπεύει, αλλά δεν θαραπεύει",
Τόρριξε έξω,
Μάϊς πεντεδείλινος και πάλι δείλι θέλει,
"Πέσε, πέσε, κάτι θα μείνη",
Ξένος πόνος μακρινός βρόντος,
Τον εκοπάνησα για τα καλά,
"Ό,τι κάνης σ' αυτούς είναι μυστήριο",
Έγινε Τούρκος (άμα τ' άκουσε),
Το κουφό αυτί κάνει φονικό,
Έμσ΄αγκάθι έμσ' αφορμή εις αφορμής προς ίριδα,
"Χίλια βλάγγα, χίλια άσπρα, ένα βλάγγο, χίλια άσπρα",
Τον έκανα να πη το Πάτερ ημών εννιά φορές απ' έξω,
Αγράμματος καλόγερος γαϊδούρι με τη σέλλα,
Ο ζουρλός είδε τον μεθυσμένο κι΄ έφυγε,
"Αν είχες γνώσι, θάχες και γρόσι",
"Τα παιδιά με λένε Χρόνη, οι Γέροι Πολυχρόνη",
Δε βλέπει τη μύτη του από το μεθύσι,
Έγιναν γενεές δεκατέσσερες,
Ποιος έχει το μέλι στα δάχτυλά του και δε το γλύφει,
"Στο καλό (ή καλό νάχης), γιατί στο παλαιό καράβι, έβαλες καινούργιο κατάρτι",
Το πάει το γράμμα,
"Λυπημένου χείλι γελάει, αρρώστου δεν γελάει",
Για μένα την κοπαδαριά κάνει τα μεσημέρια,
Καλότυχη Ροξάνη,
Βλάχο και λαγό βάρ' τον στο σταυρό,
"Γελάς, αγά μου; Με κακά γελάς",
Ο πύργος δε λιγάει ούτ' Αλής δεν προσκυναει,
Ο Θεός επήρε το χέρι του,
"Κοντή γυναίκα πέρδικα, ψηλή ξεκαπινίστρα, ψηλός άντρας Έλληνας, κοντός πομπή και γάτα",
Βάρ' τη νέα με το καλάμι και τη γριά με το ματσούκι,
Κοντά στα ξερά ξύλα καιγόνται και τα χλωρά,
Θα ρίξω μαύρο λιθάρι πίσω σου,
Το δέντρο (ο φίλος),
Θα το πετάξη το καρύδι,
Πηγάδι θε ν' ανοίξουμε;,
Ο παπάς πρώτα τα γένεια του βλογάει,
Παπάς παπά δε θέλει,
Τί ρίχνει ο Θεός κι δεν το βαστάει η γης;,
Και τα καλά πρεπούμενα και τα κακά δεχούμενα,
Ούλοι κλαίν τον πόνο τους κι ο μυλωνάς τ' αυλάκι,
"Σιγά, σιγά κοτουλα μου κι εγώ σε μαγερεύω",
"Εφτά χωριά 'χει η Πόλη, εφτά και το Καστρί η ρίγανη κι' η θρουμπή 'ναι παραπανιστή",
Όποιος δεν θάψη (οικείον του) δεν πονεί,
Όποιο δάχτυλο κι' αν κόψης σου πονεί,
"Αν έτσι βρέχη, ποτέ μην πάψη",
"Τον κώλο, τ' βάνης μάγερα σκατά θα μαγερέψη",
"Το φαεί να μένη γιά την άλλ' ημέρα, η δουλειά όχι",
Βαράει το σαμάρι ν' ακούση το γαϊδούρι,
"Κάλλιο χέρι που κρατεί, παρά χέρι που καρτερεί",
Μαλώνει με τα ρούχα του,
"Με τον ήλιο τα βγάζουμε, με τον ήλιο τα μπάζουμε, τι έχουν τα έρημα και ψοφάνε;",
Είναι αγιάκαρη,
Βάλτο ρίγανη!,
Έγινε τ' Ανάστα ο Κύριος,
Δεν αφήκαν ξυλολίθι,
Ήταν και πεντάμορφη ήρθε κι όταν έβρεξε,
Ούλοι κλαίν' τον πόνο τους κι ο μυλωνάς τη δέση,
"Θε μου, δε μ' έκανες τρελλό, να με φοβούνται όλοι",
Να κλέψης νάναι μάλαμα ναρπάξης ναν ασήμι αν αρτυθής σαρακοστή να φας αρνίσιο κρέας,
Όποιος κυνηγάει πολλούς λαγούς κανένα δεν πιάνει,
Βόηθα Χριστέ και Παναγιά να κλεψει το δισκοπότηρο,
Εγώ που τρίβω ξεύρω,
Ήλιος κρητικός καθάρια τραμουντάνα,
Λείπει τό λάδι καί τό μέλι πώς νά γέν' η τηγανίτα,
Μη βλαστημάς τον καβαλλάρη που κρέμονται τα πόδια του,
"Ο Θεός είναι ψηλά, φέρεται όμως και καλά!",
Ο πάρα καλός είναι γάϊδαρος,
Γένηκε το γένηκε,
Η στσύλλ' απ' τή διασύνη της κλανει στραβά τα κουτάβια της,
Δεν ξέρεις πουθι κρατεί η σκούφια του,
Ο άνθρωπος είναι τ' άνθι του κόσμου,
Σ' αυτόν τον κόσμο δεν βρίσκεις δίκαιο,
Ψόφια γίδα νουρά κορδωμένη,
Έφαγαν το κρέας και μας άφησαν τα κόκκαλα,
Η αρρώστια κι η αρχοντιά γνωρίζονται από τα μακρυνά,
"Μπεκιαρλίκι, μασκαραλίκι",
Αδελφός του Γιαννάκη είν΄ο Παρασκευάς,
"Όσα σπίτια καπνίζουν, ούλα κούτσουρα 'χουν;",
"Η γουρούνα γάλι γάλι και τα  γουρουνόπουλα πιλαλώντας, μαζί το βράδυ θα πάνε στο χωριό",
Εγίνηκαν σαν του λαγού τα παιδιά,
Ήρθε να μας δείξη το μπόϊ του,
Πρόσωπο κιτρινιασμένο μυαλό διαστρεμμένο,
Αντάμα δεν μονοιάζομε κι η χωρισιά κακή 'ναι,
"Όσο νους μου στο χωράφι, τόσο να βρεθούν τα βόιδα",
Είδα 'γω γέρο παπά κι' έθαφτε μικρά παιδιά,
"Αν πεινας και δεν νυστάζης, όσο θέλεις κουασυλώσου",
"Τον αδερφό σου αγάπα τον, το μερτικό του μην τ΄αγαπάς",
Σε περναει από τη θάλασσα δίχως να βραχή,
Από το σιγαλό ποτάμι να σκιάζεσαι,
"Ίσως να κάνω το θέλημα του Σατανα, αλλά δεν τόχτισα κ' εκκλησιά (ή άναψα κερί)",
Αλάργα από το γκώλο μου κι ας είνα' στον αδερφό μου,
"Γαμπρέ μου, τρέχει η μύτη σου – Τρέχει από το χειμώνα – Την ξέραμε κι' από το καλοκαίρι",
Ο καλός καλό δεν βλέπει,
Βάλε κόσκινο μποστά σου,
Στους μουρλούς δεν κρεμάνι κουδούνια,
Έπεσαν οι λείξες του,
"Όπ' ακούς πολλά κεράσια, βάστα και μικρά καλάθια",
Η αλουπού είχε αργατιά κι' εκείνη ακριδολόγαγε,
"Άγιε Νικόλα, βοήθα – Σείσε και συ το χέρι σου",
Αν άκουγ' ο Θεός τον κόρακα γαϊδούρι δε θα μείνη!,
Πότισε τα κρομμύδια,
"Καινούριο το κόσκινο, ψηλά το κρεμούνε",
Η γριά κι αν ομορφίζεται δεν γίνεται κωπέλλα,
"Τα μετράω λείπουνε, τα ξαναμετράου δυο 'ναι",
Αλοί που τό 'χει η κούτρα του να κατεβάζη ψείρες,
Άχνα μη βγάνεις από το στόμα σου,
Όποιος έχει μυίγα στο σκιάδι του σκιάζεται,
"Το αίμα νερό δε γίνεται και αν γίνεται, δεν πίνεται",
Κάν' η κουρούνα θάματα να φέγουν τα δαιμόνια,
Τα νεάτα είναι νεάτα,
Ο Θεός να σε φυλάει από τ' άδικο,
Τον κουρεύει,
Μωρέ άσπρου δουλεία να μην κάνη το κοιλιόρεμα,
Εί τ διαβόλου σκάλτσα,
"Η αλεπού 'χε εργατιά, κι εκείνη ακριδολόγαγε",
"Δε μ' έφαγε η μοναξιά, μ' έφαγε η παραθάρια",
"Γάλι – γάλι, να πας μακριά",
Κάποτε θα πιάση και το δικό μου λαγωνικό λαγό,
Μαζεύει γράμματα,
"Αϊ – Γιάννης και νερό, όπ΄Αγιολιάς και ράχη",
"Εδούλεψε στα νεατά του, νάχη στα γερατειά του",
Όπου λείετι η καρδιά μιλεί τι γλώσσα,
Είν' καλά μη σ' εύρη!,
Όταν θα δης τ' αυτί σου χωρίς γυαλί τότε θα παντρευτής,
Πικρός που είν' ο θάνατος γλυκός ο πάνω κόσμος,
Δεν καταπιάνεται ούτε από μισιακό μετάξι,
Του κυνηγού το σπίτι έρημο και του ψαρά πεντέρημο,
Τόν πήραν μέ τά λεμόνια (ή αυγά),
"Αν σ' αρίσ' μπαρμπά Λάμπρο, ξαναπέρασ' απ' την Άντρο",
Είπε κ' έγινε,
Άρα κατάρα καλά άχε το,
Το σκυλάκι σου και το παιδάκι σου όπως το μάθης,
Την μια ημέρα Πάσκα και την άλλη Χάσκα,
Άλλο δεν σκάει ο διάβολος παρ' όταν γράφει ο γάτος,
Θ' ανέβη η γαιδούρα 'ς τηγ καρυά,
Μικρό κώλο δεν έδειρες μεγάλος δε φοβάται,
"Τρεις τα Γέννα, τρείς τα Φώτα και έξι την Ανάστασι",
Έκοψε το λαιμό του με μια τσατάρα,
Νά 'ναι κουκιά κι ας μη βράζουνε,
Ο θεός να σε φυλάη απ άδικο κι από κακή γυναίκα,
Έναν έναν παίρνει ο Χάρος,
Στον ποντισμένο τόπο το Μάϊ μήνα βρέχει,
Το βουβάλι κι αν ξεπίση σε βόϊδιο μπαχρί θα πέση,
Ανέβ' η γαιδούρα 'ς την καρυά,
"Ούστ, τ' ακούς γαϊδαράκο μου; έχουμε και μισιακάτουρα",
Κ' έτσι χήρα κακομοίρα κ' έτσι κακοπαντρεμένη,
"Αμαρτία εξομολογημένη, αμαρτία ούκ εστίν",
Του καμε τά πλευρά του μαλακά σάν τήν κοιλιά του,
Κάθε πέρσι και καλλίτερα,
Απ' τα πολλά γράμματα τώχασε,
Αυτός είναι του λύκου και του μαχαιριού,
Αναγλείφεται για να γείνη δεσπότης,
Το δανεικό σκλαβώνει τον άνθρωπο,
Ο 'μπροστινός γίνεται γιοφύρι τού πισινού,
Αφέντης είν' ο Θεός,
"Όσο μεγαλώνει το δέντρο, τόσο μεγαλώνει κι' ο ίσκιος του",
"Όποιος παραθαργιέται στο βρακί, χέζει το ΄πουκάμισο!",
Οι κακοί ζουν πολλά χρόνια για της αμαρτίας του κόσμου,
Με το ζόρι το λαγωνικό δεμ πιάνει λαγό,
"Αν δεν 'μιλή ο τράγος μας, 'μιλούν τα κέρατά του",
Βογκάει ο δαρμένος! Ποιος τον ακούει!,
"Ο μουρλός και τ' άσπρο άλογο, από ένα μίλι φαίνονται",
Έκαμε τον άμισακο κουνάρι,
Αυτοί είναι του διαόλου και της λίχνης,
Το σηκώτι σου είναι σαν της πέρδικας,
Το γαιδούρι δεν το ρωτάν όταν το σαμαρώνουν!,
Σ' ὀλα τα καλά ο Θεός είναι μέσα,
Εν άλλοις πταίομεν και εν άλλοις απολαμβάνομεν,
Του έγεινε στα καλά – καθούμενα,
"Η γουρούνα αφ' ότους έκαμε παιδιά, δεν εχόρτασε σκατά!",
Ο λόγς είναι συμβόλαιο,
"Όπ' ακούς μεγάλον τρύγος, βάσταγε μικρό καλάθι!",
Περισσότερα είναι τ' άδικα απ' τα δίκαια,
Αυτός είναι παιδί του πατέρα του!,
Μου εμπήκε πολύ στο ρουθούνι!,
Τα μεγάλα κάτεργα έχουν και μεγάλα κίντυνα,
Ο Παπουτσής ποτέ δε φορεί μπαλωμένα παπουτσα!,
"Σαράντα πέντε Γιάννιδες, ενού κοκκόρου γνώση!",
"Τό λεμόνι είναι ραγιάς, όσο τό στίβεις βγάνει",
Κοπανίζει νερό στο χαβάνι!,
"Το πουλί στο κλουβί, αν δεν κηλαϊδή από χαρά, κηλαϊδά απ' τη σκάση του!",
Και με τα χίλια βάσανα πάλ' η ζωή γλυκειά 'ναι,
Αυτά είναι κολοκύθια με τη ρίγανη!,
"Εσύ στη μιά ράχη κ' εγώ στην άλλη, έλα να κρυφοκουβεντιάσουμε!",
"Αν σε ΄φαου 'γω η γ - 'Οχίτσα, 'τοίμασε πολλά βοτάνια. Αν σε φάη ο γιός μ' αστρίτης, το ξινάρι και το φτυάρι",
Πλέκω σκαλτσούνι,
"Αν δεν εγονάτιζε η γκαμήλα, δεν θα την εφορτώνανε",
Μη φοβάσαι τόσο το νόμο όσο το δικαστή,
Το δρυμί ξύδι τ' αγγειό του χαλάει!,
Όποιος πίνει βερεσέ μεθάει δυό φορές,
Όποιος καρτερεί (υπομένει) δε χάνει!,
"Άμα βγάλης απ΄ τη γυναίκα τη γλώσσα, δε μένει τίποτ΄ από δαύτην",
Φόλο έβαλες; αυγά θα μάσης,
"Κοντό σου τύχη, φόρεστο, μακρύ κωλόσουρέ το!",
Τον τραβούν από τη μύτη,
Δεν έχεις στασιό να κάτσης χάμου!,
Πάντα θα ΄ξημερώση κι αν δεν λαλήση ο κόκκορας,
Η κατάρα καταρωτά και πηγαίνει,
Μην τον γλυκαίνης γιατί θα σου κολληθή στη ράχη,
"Οχτρού σου να μην ΄μπιστευτής στα λόγια που σου λέει, μήτε ποτέ της γυναικός που σου μιλέι και κλαίει !",
"Θυμός του χωργιάτη, ζημιά του πουγγιού του",
"Τη δουλειά μήν την αφήνης γι' αύριο, τή μπουκιά σου άστηνε σάν θέλης",
"Σώχω χάρι, κάβουρα, να πηδάς στα κάρβουνα!",
"Μωρέ, κραμπί τόσπειρε το σπίτι του!",
Πως παν' αράπη τα παιδιά σου; Όσο παν κι' όσο μαυρίζουν,
"Όσο αργιά τα σκόρδα ή τα πράσα, τόσο χοντραίνουν",
Η πείνα βγάνει μάτια,
Πίνει ως που να βρη τομ πάτο (του ποτηριού),
Σαν κάθεσαι στη θέσι σου κανείς δε σε σηκώνει,
Καπετάνιος χωρίς σπαθί!,
Κάποιον επομπεύανε στο παζάρι! Τάχα ναν τα μάθανε στο σπίτι του;!,
Σε παληό χωργιό καινούργιο αντέτι (έθιμον) δε γίνεται,
Η 'μισή ντροπή 'δική σου κ' η μίση 'δική μας,
Κάθε πράγμα στογ καιρό του κι' ο κολιός τον Αύγουστο!,
"Με το φονιά κοιμήσου, με τογ κλέφτη ποτέ!",
"Φέγα από την οργή μου, λέει ο Θεός",
Η τρούπα μεγάλη και το 'μπάλωμα μικρό,
Έπεσε στο κρέας 'σαν το όρνειο!,
"Σαν σου έρθη ένα καλό, πάντεχε και άλλο!",
"Το μέλι είναι γλυκό, μα η τιμή του είναι πικρή!",
Τι 'φελάν τα γράμματα χωρίς τη γνώσι!,
Περναει 'σαν το σκυλί στον άλυσο!,
"Όποιος αποφεύγει τή δόξα, την τραβάει κατόπιν του",
Με ξένη τσέπη εύκολα πλερόνεις!,
Εν τη παλάμη και ούτω βοήσωμεν!,
Αυτός έχει μπουρί αράπικο,
Θα μας τημ περάσουν στενή την ούγια,
Η πουτάνα το γεβέντισμα για πανηγύρι τόχει,
Αυτός είναι γερό κόκκαλο,
"Καιρός πουλεί τα λάχανα, καιρός τα παραπούλια!",
Πάει η γλώσσα του σαν του κακονύχτη τον κώλο,
"Το γαρ πολύ της θλίψεως, γεννά παραφροσύνην!",
Κόττα χήνα το Γιννάρη και παπί τον Αλωνάρη,
Είναι καλός ράφτης; Ρούπι και βελονιά!,
"Δείρτε με κι ας κλαίου, κι αν κλαίου τι σας κάνω!",
Στην αμαρτωλών τη χώρα άδικος κριτής καθίζει,
"Αν θα ζυμώσεις την αυγή, από βραδύς κοσκίνα!",
Του 'ξεράθηκ' η κολοκύθα,
Άλλοι σπέρνουν και θερίζουν κι' άλλοι τρων' και μαγαρίζουν,
Μη ζητάς τώρα κατουρημένες κι ακατούρηγες αγγουρόφλουδες,
"Ο διάβολος, όταν γεράση, γίνεται καλόγερος",
"Αρφανά παιδιά, χωργιού κοπέλια",
Η μεγάλαις λύπαις είναι άφωναις,
"Ει ο οφθαλμός σου σκανδαλίζει σε, έβκαλε αυτόν!",
"Από τους άλλους φυλάγεσαι, απ΄ τη γυναίκα σου και τους δούλους σου δε φυλάγεσαι !",
Ο αράπης γνωρίζεται από το πρόσωπο,
Εκ του καρπού το δέντρο γνωσθήσεται και ο άνθρωπος εξ των έργων του,
Ξέρει ο τσοπάνης τι έχει το τράστο του,
Αυτός έπεσε σε μετάνοια!,
"Όποιος κρίνει καλά, διαλέγει καλά!",
"Όποιος ζητάει, βρίσκει",
Τα κοράκια και τα κακά έρχονται μαζωμένα!,
Απ' αυτόν δε θέλω ούτ' ελκαίς ούτε λάδι,
Ο Οβριός όταν ξεπέφτη τα παλιά κατάστιχα γυρεύει,
Αυτός είναι αγγείο άπλυτο ή αγάνωτο!,
Του είπε όσα σερνει το σάρωμα,
Αυτός έπιασε τη γάτα από τα νύχια,
"Σαν αναζητάς τα ξένα, μέτρα πρώτα τα δικά σου",
Εκάθησε απάνω 'ς τη νουρά του,
Εμπήκε σαν ο σκύλος στ' άτρυγο!,
Φτηνά την εγλύτωσε!,
"Του σκυλιού 'που δε βαβίζει, ρίχτου ένα κόκκαλο να παραμερίση!",
Ο Θεός να σε φυλάη από καινούργιον πραματευτή κι' από παληά πουτάνα!,
Η πείνα κάστρα καταλά και χώραις παραδίνει,
"Το έκαμαν ανάθεμα, του δείνα",
Το χόρτο 'που αναγελάς στημ πόρτασου φυτρώνει,
"Όποιος κρατεί τηγ κλωστή, κρατεί και το κουβάρι",
Βρές δουλειά να βρής βασίλειο!,
Πουτάνας κώλος δε γεράει!,
"Από κακού σπίτι όταν βγαίνης, τίναξε και τη σκόνη απ' τα παπούτσια σου!",
Τον ποντισμένον τον καιρό το Μάη το μήνα βρέχει,
Μην αμελής για να μη σε αμελούν,
Μ' ένα λουλούδι καλοκαίρι δέ γίνεται!,
Βουλιάζομε σα θαλασσόξυλο,
Καλώς την την Παρασκευή που φέρνει το Σαββάτο,
"Σείσου να σε σείσω, λέει ο Θεός!",
Έφυγε 'σα ζεματισμένος σκύλος,
"Αυτά εγεινόσαντε τω καιρώ εκείνω, όχι τω καιρώ τούτω!",
Ήρθε στην τουρλα του Σαββάτου!,
Τον έβαλαν στα λόγια,
Φτάνουν στο γέρο τα γεράματα,
Έχει φουρτούνα στηγ καρδιά,
Κάμε καλό στογ κακόν για να 'χης κακό!,
Το σίδερο θέλει ζεστό ναν το βαρέσης,
Δε ταγιαντώ δυό πράματα! Φτώχια και γεροντάματα,
Ο 'δικός μου ο παπάς 'πέθανε; Παπάς μην απομείνη,
Αυτός κόβει των σκυλιών κλαρί,
Τον έρριξε απ' τη φωτιά στα κάρβουνα!,
"Νύφη και πεθερά, η δυό στρίγκλαις του σπιτιού!",
Καϋμό που το ΄χει η γύφτισσα που ΄μουντζουρώθ΄ η μύτη της !,
Αυτός έρχεται σε λογαριασμό!,
Η κλειδωμένη πόρτα πολλά κακά 'μποδάει!,
Πίσσα έδωκες; κατράμ' επήρες!,
"Αυτός, έγεινε άκουσμα, (η αυτή)",
Χαρά κ' το κακό σίντ άρχεται μοναχό του,
Σ' εγύρευα στον ουρανό και σ' ηύρηκα στη γη,
"Η πλίθα λέει: “Φύλαξε με από νερό, να σε φυλάξω από σεισμό!”",
Παλαμύδα σου μυρίζει; Ντεϊμεντέ να φας κοληό!,
Το γουρουνακι σου και το παιδάκι σου όπως το μάθης κάνει!,
Τώρα επιάσαν τα προζύμια!,
Θα σου το φάω τα κόλλυβά σου,
Ο λόγος σου μ' εχόρτασε και το ψωμί σου φα το,
"Άγγελος την μορφήν, διάβολος την ψυχήν!",
"Ας το κακό, να μην ξανάρθη!",
Δουλειά αγγάργια δέ γίνεται!,
Τα πικρά λόγια φουσκόνουν και μαζί σε φαρμακόνουν,
"Απ' του διαβόλου την αυλή, μητ' ερίφι, μητ' αρνί",
Η απάτη πέρνει κάστρα,
Το μυστικό σου φύλαγε και κλείγε τηγ καρδιά σου,
Κι όποιος δε θέλει τη ζωή πρέπει τρελλός για να είναι!,
Αυτό είναι αλλουνού παπά 'Βαγγέλιο!,
"Όπως στα νιάτα του δε συνάζει, στα γέρατά του ψωργιάζει!",
"Όποιος ζεί μέ τήν ελπίδα, ψοφάει τής πείνας!",
Άλλα τα λεγόμενα κι άλλα τα βλεπόμενα!,
Εγύρισε 'γύρισε κι' έπεσε κι' αυτός στη λούμπα,
Αυτός είναι του αρπάσαι και του ξεσχίσαι,
Τούτ' η γη με τα χορτάργια τρώει νησίς και παληκάργια!,
"Όταν συ επήγαινες, εγώ εγύριζα",
Ώμορφο είν' εκείνο που αρέσει!,
"Ο γάρ θάνατός σου, ζωή μου!",
Τον έρριξαν απ' τη Σκύλλα στη Χάρυβδι!,
Αδειανό σακκί δε στέκει και γιομάτο δε λιγάει,
Των αχρείων η γιορτή λίγο μόνον διαρκεί,
"Σαν δέρνοντ' οι μαγέροι, καίγεται το φαΐ",
Η νύχτα κάθε σκούφια είναι καλή!,
Έχει το ντζιντάνι σου;,
"Η γάτα 'σαν δε μπόρεσε να φάη τα ψάργια, τα 'φτυγε, φτ-φτ-φτ",
Τα βουνά από μακρυά φαίνουντ΄ίσα,
Αυτά τα 'ξέρω προτού να μου τα ειπής,
Τον ξερογλείφει σαν τη γάτα τα γατιά της,
"Μεργιάτε, μή σάς κουντρίξη τό βόϊδι",
Δεν έβλεπε τη μύτη του απ' το μεθύσι,
Κάνουν ΄σαν τους γύφτους ΄που κλέβουν τα σίδερα !,
Το φαϊ το πάτησε στ' αλάτι !,
Ο καιρός εσκουντουφλιασε!,
Βαστάει τημ πείνα σαν τη ξεροχελώνα,
Αυτός είναι για το κούτσουρο!,
Πετάγεται σαν τημ πορδή απ' τα τσάντσαλα,
Οι καιροί δεν καρτερούν!,
Ο εαυτόν εντρεπόμενος και τους άλλους εντρέπεται!,
Όποιος γίνεται πρόβατο (αγαθός) τον τρώει ο λύκος!,
Ότι λέει ο παπάς να κάνης κι΄ότι κάνει να μηγ κάνης!,
"Πέντε μήνους εν αδράχτι, πότε τόνεσα η πλατώνα",
"Τη λαμπρή χορεύ' ο κόσμος και ο λύκος, 'σαν δεν έχει!",
Αυτός χωρίζ' αντρόγενο. Είναι αντρογενοχωρίστρης!,
Δεν είδε Θεού πρόσωπο!,
Το προγόν' είναι περόνι και τ' ανεψείδι απονεψίδι,
Πουλειέται η γκαμήλα εν άσπρο! Αμ πον τ' άσπρο;,
"Κλώτσα, νύφη, τα κανάτια, για να γείνουνε κομμάτια",
Αυτός είναι μερμηγκοφωληά!,
Τον οσμίζεται σα ζαγάρι,
Αυτός ηύρε το μάστορή του,
Του τυχερού γεννά και ο κόκοράς του,
Αυτός επήρε το κουμουλόκαστρο,
Αυτός γδέρνει τη γίδα με το στουρνάρι!,
Ακόμη δε μπορεί να δέση το βρακί του και θέλει και παντρειά!,
"Αν δε βλέπης τον ήλιο, δεν ζεσταίνεσαι!",
Η δουλειαίς μας πάνε πρύμα,
Ο Μανόλης με τα λόγια φτειάν' ανώγεια και κατώγεια,
"Και το μέλι το πολύ, φέρνει κοψίματα!",
Αυτός άνοιξε δουλειαίς με φούνταις,
Άλλο να λές κι άλλο να κάνεις,
Ξέρει γράμματα μα δεν έχει σπίτι να τα βάλη,
Κανείς δέ ζεί μέ αέρα!,
Αυτός είναι σκάλτσα του διαβόλου,
Ο μουρλός τον βουρλισμένον 'σαν τα 'μάτια του τον έχει,
Όταν έχης κοιλιά αμπάρι κανένας δε θα σε πάρη χαμπάρι,
Ο έμπορος πού κοιμάται δέν κερδίζει,
"Δος μου, Κυρά, τον άντρα σου και συ κράτει τογ κόπανο",
Περπατεί ο λύκος με τημ προβατίνα,
Τομ 'πήραν με της πέτραις,
Το θανατό μου εκαρτέραγα όχι αυτό που έπαθα,
Μ' ένα σμπάρο δυό τρυγώνια!,
"Όπου ο γάιδαρος, εκει και το σαμάρι του",
"Με το νου πλουταίν' η κόρη, με τον ύπνο ηγακαμάτρα!",
"Ο Σοφοκλής εσθίει όψον τω οικέτι αρέσκονται, ο δε Ευριπίδης ότι αυτώ αρέσκει!",
Τον κάρφωσε με τα δόντια,
Εκεί έγεινε το Ανάστα ο Θεός,
"Καλλίτερα άδεια τσέπη, παρά άδειο κεφάλι",
"Το σκυλί που δε βαβίζει, ρίχτου ένα κόκκαλο να παραμερίση!",
Οι Θιακοί (Ιθακήσιοι) κύραν τη θεότητα με το νου,
"Στην αναβροχιά, καλό 'ν' και το χαλάζι",
Χουρσούζης έφαγε αυγό κ' αλείφτηκ' ως τις πλάταις.,
Αν θέλης πλούτη και τιμή μην κοιμάσαι την αυγή,
Πνέει τα ολοίσθια,
Οι δυό τον ένα πείθουν τον κ' οι τρείς καταπονούν τον!,
"Στημ πομπή τ' ακτου, γάμει και συ χελώνα!",
Ταύτα είπεν ο καράς κ' ετίναξε τα πέταλα!,
Ο θυμός του περνάει όσο να ειπής το α. β.,
Με το νου πλουταίνει η κόρη με τον ύπνο η γ' ακαμάτα!,
Αυτός είναι κεφάλι αγύριγο!,
Του κακού ανθρώπου και του κακού σκύλου να φοβάσαι περισσότερο τη σιωπή παρά τη φωνή!,
Είδες δόξα την αυγή; Ευρέ λιμάνι το βράδυ,
Κλείδωσε πρώτα την πόρτα σου και ύστερα κοιμήσου ξένοιαστα!,
Σαν τέτοια ώρα να 'ξυπνάς και πάλε να νυστάζης!,
Ο νοικοκύρης είναι προβλεφτής!,
"Ξέρεις να κλέψης; Ξέρω, Ξέρεις να κρύψης; Δεν ηξέρω. Ούτε να κλέψης ξέρεις",
Τον έφαγ' η γούλη του,
Συναναστρέφου με τους καλλίτερους σου!,
"Όταν θές να σε θυμούνται, άργησε να σε θωρούνε",
Η γυναίκα άμα παντρευτή και το μουλάρι άμα σαμαρωθή φαίνονται οι πληγές τους,
Αυτός δεμ πατάει σε σάπια τάβλα,
"Όσο βαρύνει ένας άνθρωπος, δεν βαρύνει ούλος ο κόσμος",
"Επήγε στον πάτο, σαν αφεντικό βολίμι",
Φύγετε τους σημειωμένους ίνα μη σημειωθήτε!,
"Το χωριάτη δεν τον φτάνει μονό το σκοινί, το θέλει διπλό",
"Αλησμόνα το κακό, να μη ματάρθη!",
Του παιδιού μου το παιδί δυο φοραίς το γέννησα!,
Κ΄ η προβατίνα μαλλί γυρεύει από μένα !,
Η γάτα που νιαουρίζει δεν είναι καλός κυνηγός,
Ξέρει ο γούμενος τι κάν' ο κελλάρης,
"Έβγα όξω και πομπέψου, έμπα μέσα και πορέψου!",
Λέει λόγια του αέρος!,
"Όποιος θέλει μουλάρι χωρίς ελάττωμα, ας περπατάει πεζός",
Έχε το μυαλό σου μεσ' στο καύκαλό σου,
Μήν το κάνης δουλειά κι αυτό!,
"Σαν σου τύχ' πειρασμός, πέρασε τον μ' αγιασμό",
"Ταύτα έλεγιν η νόνα, που είχε νουν πολλών καυκάλων “φεύγε πόρται των μεγάλων, να μη χάση το πουγγί σου, την τιμή σου, και μαζί και τη ζωή σου",
Κοντά στο μουσαφίρη καλοπερνάει κι' ο νοικοκύρης,
Έχει ακριβά τα λόγια του,
Κάποιος σου 'γνεψε!,
"Ως που να γείνη του άρχοντα η καρδιά, βγαίνει του φτωχού η ψυχή",
Το ράσο δεγ κάνει τογ καλόγερο,
Έπρεπε μπρού βλάχο τάλογό σου,
Πές μου μέ ποιόν συναναστρέφεσαι γιά νά σού ειπώ ποιός είσαι!,
Ετράβηξε μαζύ του ένα διάβολο και μισόν,
"Όταν κοιμάτ' ο γυιόκας μας, ψωμί δε μας γυρεύει!",
"Όταν κανείς σκοντάψη, ούλοι τύφλα του λένε!",
"Μοναχός σου πάλευε, ποτέ κακό μην πάθης",
Επήρε τον παρά του ΄πίσω!,
Μαλώνουμε γειτόνισσα; Κ' εγώ στ' ατσάλι στέκω,
Καλή καρδιά κ' εμπρός!,
Είπε και εγένετο!,
Θεέ μου σύ πρέπει να γίνεις πραματευτής που ξέρεις τα μέλλοντα,
Το γέλοιο χάνει την τιμή κι ο ύπνος το βασίλειο κι αυτό το κοντοδείλινο χάνει μεγάλο δείπνο,
Ηύρε το βεμιστή για τοις παπαφίγκοις,
Εσώθηκε το καντήλι του!,
Πάρα σήκωσε τη μύτη,
"Ό,τι λέει δεν 'ξελέει!",
"Όπου γέρος, κακό σκάνταλο κι' όπου γρηά κακή βουλή",
Τρώει τ' αλεύρια σαν το βρικόλακα,
"Το διαμάντι και στα σκατά να πέση, πάλε διαμάντι είναι",
Αύριο κλαίνε,
"Γελάει που κλάνει, μα δεν του πιάνει!",
"Κλέφτης άπιαστος, καθάργιος νοικοκύρης!",
"Η πουλεια βασιλεύοντας και πίσω παραγγέλνοντας. Μήτε τσοπάνης στο βουνό, μήτε γιωργός στους κάμπους",
"Η γελάδα, άμα την αρμέξουνε, δένει μια κλωτσά στην καρδάρα και χύνει το γάλα",
Το πρώτο λάθος μάθημα και δάσκαλος για τ' άλλα,
Είναι ζημιάρα,
"Με ξένα χέργια, φείδια πιάνε!",
Απ' όσα βλέπεις να πιστεύης τα μισά,
"Άκουγε και μη μιλής, να περνάς χρυσή ζωή",
Θα χέση ο διάολος μέσα στη γούρνα,
Αυτός είναι τσόχα του διαβόλου!,
Είναι της κακής ώρας γέννημα,
Του σπασε τα παΐδια,
Αυτός διαβάζει βουλωμένα γράμματα,
Κόκκορας εις την αυλή μου και λαλήση μη λαλήση!,
Αυτός τώχει δίπορτο και στη μάννα και στην πεθερά!,
Η πραμάτια θέλει 'μάτια!,
"Εκείνο που ξέρεις εσύ ξυπνητός, το ξέρω γω όταν κοιμάμαι",
"Όποιος έκαμε την αμαρτίαν, περιμένει την μετάνοιαν",
Κλαίει 'σα φώκια!,
"Ούλ΄είμαστ΄αδέρφια, όξω από της τσέπαις μας!",
Ο κακός κακά λογαργιάζει πάντοτε,
Τ' άη Λίως γυρίζ' η μέρ αλλιώς,
Πάει κι έρχεται σα φτωχός συμπέθερος,
Είδε ο μουρλός τον μεθυσμένο κ' έφυγε,
Πετάει με τους αέρες,
Συργιανάει η προβατίνα με το λύκο,
Όπου δε σε σπέρνουν να μη φυτρώνης,
Θα σου φάου το ΄μάτι!,
"Κάλλιο λάχανα με γέλοια, πάρα πέρδικα με γκρύνια !",
Αυτός έχει τους καπνούς του,
Από μυλωνάς δεσπότης κι από δήμαρχος κλητήρας!,
Το αίμα νερό δεν γίνεται κι' αν γείνη δεν πίνεται,
Να 'πλουτούσαν οι κλέφταις θα πλουτούσαν κ' οι ποντικοί!,
Κατά μάννα κατά κύρη κατά γιο και διχατέρα,
Σιγά τον πολυέλαιο να μη σβυστουν τα φώτα!,
Του έπαιξαν ένα παιγνίδι!,
Η χελώνα λέει το βόϊδι αργοκίνητο!,
"Στον ερωτευμένον μόνον η καρδιά δουλεύει, ο νους κοιμάται",
Παπάς παραγγέλοντας αμαρτίαν ουκ έχει!,
"Ο φρόνιμος τημ πίκρα του, παρηγοργιά την έχει!",
Αυτός έχει ανοιχτή την απαλάμη!,
Του εμέτρησε τά πλευρά,
Η ημέρα έχει 'μάτια και η νύχτα έχει αυτιά!,
"Όσο να ξυστή ο σκύλος, έφυγ΄ ο λαγός",
Αν δεν φτάσης μημ πεζεύεις!,
Φαΐ απ' το σπίτι σου και σύντροφο απ' τη γειτονιά σου,
Οι Σοπωτινοί έχουν τη δικονομία 'ς το καπτομάνικο ή 'ς το τράστο,
Του έψαλε τον άμπακο,
"Το δεξί σου πόδι νύφι, (όταν πρωτομπαίνη στο σπίτι του γαμπρού). Τόσο που θα κάτσω 'γώ ή το δεξί ή το ζερβί, το ίδιο κάνει! (προσωρινή διαμονή)",
Το 'να χώμα κλέβει τ' άλλο,
"Κι αν ρωτήσης και για Γιάννη ό,τι ξύλο νάχης κάνη",
"Έκαμε τα αδύνατα, δυνατά!",
Τη σακκούλα μου την έχω σε καλή μερΓια δεμένη,
Νοικοκύρης είσας; Πετιμέζι τρως!,
"Ο παπάς είν' απ' την Πάρο, δεν είν' από την Τήνο!",
Έχει γνώμη μουλαρίσα η κεφάλι μουλαργιού,
Βλέπε ούγια και πέρνε πανί! Βλέπε μάννα και πέρνε παιδί,
Των πολλών τη γνώμη άκουγε και τη δική σου βάστα,
"Πολλοί έγειναν δυστυχείς, κάμνοντας άλλους ευτυχείς",
Ο δοξομανής είναι σκληρός και άδικος,
Δεν πρέπει γρίβο άλογο σε πράσινο λειβάδι. Δεν πρέπει κόρη ανύπαντρη κοντά σε παληκάρι,
Να είστε μάρτυρες πλατάνοι που μας πήρε το ποτάμι!,
"Όποιος ανακατώνεται σε πολλά, 'λίγα βγάνει πέρα",
"Όσο μπόϊ του λείπει, τόσους διαβόλους έχει μέσα του",
Αυτός έχει δυνατή πέννα!,
Ασταύρωτο κορίτσι,
Του 'πετάχτηκ' ο λόγος!,
"Το γαιδούρι δεν το καλούν στο γάμο ούτε για να χορέψη, ούτε για να τραγουδήση, αλλά για να κουβαλήση ή νερό ή ξύλα",
Αλλού κόβουν τα λάχανα κι' αλλού τα φτιάνουν πήττα,
Τομ πήρε το σκοτάδι,
Είπ' ο γάϊδαρος τον πετεινό κεφάλα!,
"Όταν 'μιλάνε για πολέμους, τα ψέμματα δίνουν και πέρνουν!",
"Όποιος έχει πολλούς αφεντάδες, μένει νηστικός",
Παιδεύετε τους ατάκτους ινα μη υπεραίρωνται!,
Σε σκλαβώνει με τα λόγια του!,
Με τα μάγια κλειούν τα 'μάτια,
"Σύντομος λογαριασμός, μεγάλη φιλία",
Επήγε απ' τημ πίσσα στο κατράμι!,
Καλλίτερα να λυγίζης παρά να σπάς,
Τον θρέφει σα μαρτίνι,
Καρδιά καθαρά και πάτα ς' την αγία Τράπεζα και πάρ' το καντήλι,
"Αγάπη ξανανεωμένη, λάχανα ξαναβρασμένα",
Με τα λόγια του μ' έβαλε στον τάφο!,
Έγιναν ούλα μέλι και γάλα,
Ως πού να φέρη ο Θεός τ' αλεύρι επήρ' ο διάβολος τ' αλάτι!,
Σαν δεν έχ' η γάτα στην κοιλιά της για τούτο νιαουρίζει,
Πάει στον ανέμου,
Ο τσουκαλάς κολλάει το χέρι της τσουκάλας όπου θέλει,
Αυτός 'ξιμολογάει δεσπότη!,
Έσουρε το πόδι της!,
Είδε το τάφο της μητριάς και κλαίει με μαύρα δάκρυα,
"Κουφού καμπάνα κι' αν βαρής, στραβόν κι' αν θυμιατίζης και μεθυσμένον κι' αν κερνάς ούλα χαϊμένα τα χεις",
Να μη σε πιάση ΄μάτι,
"Αν δε λυέτ' ο κόμπος με τα χέργια, λυέται με τα δόντια",
Στο γάμο σου θα χορεύω με τονα πόδι,
"Όπου πηδάει η γίδα, πηδάει κι η κατσικάδα",
Είναι πουλί άπιαστο,
Ή μέλι στη γλώσσα ή χρήματα στο χέρι!,
"Αν σπείρης αγκάθια, θα θερίσης τριβόλια!",
Άλλος τρώει κι άλλος αναγλύφεται,
Ο άνθρωπος τιμάει τον τόπο και όχι ο τόπος τον άνθρωπο,
Του ρούφηξε το αίμα του σαν αβδέλλα !,
Ούτε γιά κουραδόκαστρο δεν είμαι εγώ!,
Τον εμυρίστηκαν τα σκυλιά και του ρίχτηκαν!,
"Ο ατυχής και στα ρόδα να πέση, σπάει τη μύτη του",
Έφευγ' αμολόητος,
"Εσύ μ' εγλύκανες, εσύ μ' επίκρανες",
Στη γλώσσα έχει ζάχαρη και στην καρδιά φαρμάκι!,
Η δουλειά θέλει στρωμένον κώλο,
Τι να κάμουν εννιά ψωμιά στον άρρωστο και δέκα στη λεχώνα,
Του 'βγαλε το λάδι του!,
Δεν είπε ούτε γρυ,
Θα σου δείξω πως το τρίβουν το πιπέρι!,
"Ένα σμπάρο, δυό τριγώνια!",
Άφησε με να σ' αφήσω!,
Απόμεινε ένας κούκκος,
Εκατό ξυλιαίς σε ξένογ κώλο δε πονάνε!,
Εκατό ξυλιές σε ξένη ράχη δεμ πονούν,
Τώκαμι κούτσουρο!,
"Γειά μου, πλούτη μου!",
"Πολλοί τον πλούτον εμίσησαν, την δέ δόξαν ουδείς!",
Ανύπανδρος προξενητής για λόγου του φροντίζει,
"Ώς που να ιδή η αλ'πού τα φερμάνια της , επήγε το τομάρι της στο παζάρι",
"Μάρτη μην αλαφρόνεσαι, Απρίλ' αγάλι – αγάλια",
Δεν κάθεται μυίγα στο κάφυρό του,
Περπατά με τηγ καπότα στον νώμο,
Δανεικά τ' αλεύρια!,
"Από κακή ζωή, κάλλιο θάνατος",
Τον επιάσανε σαν αλευρωμένου ποντικό,
"Κοιμάται κι ανειργιάζεται, βλέπει κι αρρεβωνιάζεται",
"Αδικιάς σπειρί κι αν σπείρης, κι αν φυτρώση δε σταχιάζει",
"Στο καράβι, ο θάνατος απ΄ τη ζωή απέχει τέσσερα δάχτυλα",
Και το μέλι κόρον έχει!,
Αυτός αξίζει κούκκου κεφάλι!,
"Το κατσίκι έχει τη νουρά ψηλά και όταν πνιγή, τελευταία θα πνιγή η νουά του",
Αλλού το σμπάρο κι' αλλού η ζημιά!,
Πολλές φορές πάει η κολοκύθα 'ς τ' βρύσ' αλλά καμνιά φορά πάει και δε γυρίζει,
"Όποιος δεγ' 'ξέρει να ειπή όχι, δεν είναι άνθρωπος!",
Άσκημη λαμπρή όταν δε βρέχη κι' ο φτωχός όταν δεν έχη,
Γλυκό που 'ναι το γάλα!Και που το είδες; Το είδ' ο μπάρμπας μου στο Μωριά που το 'πιν ένας άλλος,
Αυτός εγλέντησε τογ καιρό του,
Σε μικρή βρύση πίνει κανείς εύκολα,
Τον έρριξε στο Θεό,
Είναι άδης ανεχόρταγος,
Στους κακούς να είσαι τρίσκακος!,
Τογ κρατεί από τη μύτη,
Ο λαίμαργος ανοίγει τον τάφο του με τα δόντια του!,
Είν' δανεικά τ'αλεύρια,
Τον έσφιξε το παπουτσι!,
Άφησε να σε δείρουνε και ύστερα να κλάψης,
Άφησε τα κώλα εν τη ερήμω,
Μάτια μου και τι σου πιάνει το βρακί και το φουστάνι,
Δεν το χω που θα περάσ' ο ποντικός απ' τα γένεια μου αλλά θα κάμη καντεμί,
Δύνατος ο Θεός εν τοίς όσιοις αυτού!,
Για ξέναις δουλειαίς μη σε κόφτει!,
"Κάλλιο μια ημέρα κόκκορης, πάρα δέκα ημέραις κόττα",
"Οπ' έχη μοίρα στο χαρτί, τσεκούρι δεν τα κόβει!",
Απ' ότι εφοβόμουν δεν εγλύτωσα,
Εσηκωθήκανε τα πόδια να βαρέσουνε το κεφάλι,
Αυτός μου έγινε ραβδί του κεφαλιού μου!,
Αυτός ούτε ρωτάει αν ζούμε ή πεθαίνουμε,
Αξιν' η κολοκύθα κ' εμάκρυν' η νουρά της !,
Η προσταγή σου λάχανα κι' ο ορισμός σ' αγγούργια!,
Κόβει το μυαλό του σα γύφτικο σκεπάρνι,
Μημ πολυκορδόνεσαι και ξέρω τη γενειά σου,
Εμείς ΄μιλάμε ή γαϊδούργια κλάνουνε,
Τον κόκκινο Μάϊ θα ιδής ποδεμή,
"Όπως εργάζεσαι, αμοίβεσαι",
Όπου 'βρίσκει χαίρεται κι όπου γνωρίζει πέρνει!,
Τόμ πονεί το δόντι γιά την ...,
Γιατί φορτώνεις αργά ; Γιατί βιάζομαι!,
"Πάει ο καιρός πουλάκι μου πούλαιγα γω για σένα, τώρα καθώς κατάντησα κλάψε και συ για μένα",
Βρωμούν τα βρώμια κι ας είν' και κουπωμένα,
Χαρά στη δυστυχία πώρχεται μοναχή!,
"Κόρη μου! Όσο είσ' ανύπαντρη, πολύ φυσά' η ποδιά σου! Να 'παντρευτής, να γκαστρωθής να ιδώ την καταντιά σου!",
Το λιθάρι που κουνιέται δε μαλλιάζει,
Πολυλογάς κ' ερημοσπίτης,
Έχει κεφάλι μουλαρίσο,
Δουλεύει για τον επιούσιον άρτον,
"Ήρθε το καλοκαιράκι; Στρίβ' ο γέρος το μουστάκι, κι' όταν έρθη ο Χειμώνας, πάει ο γέρος βλαστημώντας",
Του τη βάρεσαν τηγ καμπάνα από πρώτα,
"Κάλλιο να βγη το μάτι σου, πάρα τ' όνομά σου",
Επέρασεν αβρόχοις ποσί!,
Αυτή μαγιεύει και τ' άστρα,
Είναι σαν τ' αυγό στα δυο λιθάρια,
"Απ' αστραπή κι από βροντή, από βροχή και χιόνι, από καμπουρη και σπανό, ο Θεός να σε γλυτώνη!",
"Όταν σε βλέπω, νύφη, σε συλλογάμε!",
Ξέρ΄ ο βλάχος τ΄ είν΄ το σφουγγάτο;,
"Εκεί π' ολπίζαμε νά 'ξεχειμάσουμε, έπεσε τό χιόνι καί μάς πλάκωσε!",
Το ζουμί ζημιό δεν κάνει όσο φας και τ' άλλο χύσ' το,
Αυτός κοιμάται μ' ανοιχτά τα 'μάτια!,
"Τι ήθελες, τι ΄γύρευες, χίλιων γροσών μαχαίρι;",
Τομ παιδέυ' η μοίρα του!,
Έπεσε στημ παγίδα!,
Απ' τα 'μάτια του φωτιά κι από το στόμα του μέλι,
Άναβε το λυχναρι σου προτου σ' εύρη νύχτα!,
"Ό,τι λάμπει δεν είναι χρυσάφι",
"Όποιος γελάει με τον άλλονε, γελάει με τα μούτρα του",
Κρύβε λόγια!,
Γιάννης κερνάει και Γιάννης πίνει!,
"Ο λόγος στην αράδα του, χίλια τσεκίνια αξίζει",
"Ο άδικος κριτής, η μαστιγά του τοση",
"Α 'φουρκίσουν τσου μαστόρους, άδικα θα σε κρεμάσουν",
Πριχού σφραγίσουν (να ρίξουν) η συκαις μετράει τα γούρμα ο γέρος,
Άγουρα δεν πέφτουνε κι΄αν τα ρίξης δε φελούν,
"Οπού εβαρέθω τη ζωή, θάνατο δε φοβάται",
Όπου βλέπεις πολύ αγάπη κάντεχε μεγάλη αμάχη,
Να κρατή την πλάκα του!,
Ο περσυνός δεν είσ' εφέτος,
Τα που τ' αρέσουν θυμάεται ναν τονε πάρτης σκλάβο,
Τι μου λες δα μάννα που επαντρεύτηκα; Τι να πω κοπέλαμ' καλορίζικη!,
"Τ' αμέτρητα δεν κλέφτονται, όξ' αν τα πάρουν ούλα",
Ξέρει ο σκύλος τ' είν' Τετράδη!,
Έκαστος εκ των ιδίων έργων ή δοξασθήσεται ή αισχηνθήσεται,
"Μακρύ κοντό σου εκόπηκε, μακρύ κωλόσυρέ το",
"Ο καλενάρχος γούμενος, και ο καντηλαναύτης πρωτοσύγγελος!",
"Άλλο είν το 'χουμε στ' αρμάρι, κι' άλ βρίσκεις στο κελάρι",
"Άφσ΄ τονε το μεθυσμένον, και μοναχός γκρεμίζεται",
"Αλλοιά στον ορφανό, και ας είν' και με μουστάκι",
"Πρώτος που θαν την πρωτομυριστή, είν' εκείος που θαν τη ρίξη",
Ξέρει ο Θεός ποιό δέντρο θα ξεράνη,
Που να πας ξεβράκωτος,
"Πως αλλιώς πετό τι μια, πάρα με τον κόπο μου",
"Οπώκαμε ότι ημπόρεσε, επλέρωσε το νόμο",
Τ' ήταν τ' είναι κι οπ' ορίζει εκείνος είναι,
"Θα προσκυνάη τσού δούλους, όποιος θε να κάμη τον αφέντη",
"Ακαμάτρα νειά μποχλιάμπο, μαγκοφιά του που του λάχη",
Αλίμονον στον ασεβή και οπού σιμά του στέκει,
Ξένα χέρια για τα φίδια!,
Λόγο δεν ανάσσανε,
Γρόσα όσα θες είναι μόνε που τα θάφτηνε,
"Τα θέλ' η παππαδιά, μόν' παππάς τι λέει",
Πολλά τα λεν κι α ιδούμ' α μας δικάνε!,
Αλλοιώς θα βγης για διακονιά κι αλλοιώτικα για δανεικά,
Άφσ' τον και το άρρωστο να βοηθηθή από λόγου του,
Ο άτυχος και στα μπαμπάκια γκρεμισθή θα βγάλω το λαιμό του,
Ξεύρει η κλώσσα πως πατεί τα πουλιά της,
"Ο νοικοκύρης μονάχα, μπόρ' α χαρίζη",
Ναν και να μην είν' τι τονε θες τον άνδρα,
Άλλο είν' η θωριά κι άλλο είν' η καρδιά,
"Ο καφές θέλει καλός, χαρισός, καυτός και καθιστός",
"Όποιος δε θέλει ν' αγοράση γάιδαρο, να μην περηφανεύεται όπως του πονούν κ' πλάταις του!",
"Τι έχεις γέρο και χορεύεις, δε μ' αφινούν οι δαιμόνοι",
"Τι αφήνει ξέρει, τι θα βρή (ο) άνθρωπος δεν ξέρει!",
Εξεγυμνώθη το χωριό για ένα σκουλί λινάρι,
Αντάμικα εις του αμέργου,
"Από του ζουρλού το γάμο, μόνο οι λυπημένοι λείπουνε",
"Ρίγανη καλή ει, μα θε και λάδι",
Αβράχας ποδ,
"Αστάχυα πεσωμένα, αμπάρια γεμισμένα",
"Ο καλός, θαν' το χωρίζη το κακό απ' τον κακόνε",
"Τι άλλο να μου κάμουνε, όξ' α με σκοτώσουνε",
Α δεν τα 'λεγες γυναίκα δεν εγενόνταν βούκανο,
"Όποιος καή με το πιλάφι, φυσά και τη διαγούρτη",
Τα παιδόπουλα και τα γουρουνόπουλα τρων και δε χορταίνουνε,
"Α δεν εμοιάζανε, δεν εσυμπεθερεύανε",
Ο πεντεδέκας τα 'σκωσε,
"Θαν το λέη ο νόμος, όχι το πε ο Κωσταντάκης",
Λες που (τι) δε μιλά εκουφάθη,
Εγλυκάθη η γραία στα σύκα κι' όλ' ημέρα τ' αναζητά,
"Όνειρο είδε η Μαρηγώ, και το 'πήρε για γαμπρό",
"Άλλος ανάβει τη φωτιά, κι' άλλος την ανεμίζει",
"Προκομμένος και κακόποιος, κάλλια ναν κουτός και τίμιος",
Το διάφορο ξυπνά τον ναύτη,
Σούριξέ του ο βλάχος δε σ' ακούει,
Τα γαρ κρυφώ γενόμενα,
Ούλα δεν του δίκαζων και με τα μισά περνάει,
Όποιος ανακατώνεται με τα σκύβαλα τόνε κοτσηλούν η κότταις,
"Λες τα που εχαθήκανε, κι' ούλα ο λύκος τα 'φαγε",
"Θαν του δόσης και καιρό τ' ανδρώσου (του δούλου, του ζώου) ν΄ ανασσάνη",
Καθένας την πορδή του μοσκοκάρυδο την έχει,
Τι θα πή καλός αφέντης!,
Αρετή την λέν τη στρίγλα,
Απ' τσ' αφφελαχτούς στ' αγκάθια,
"Αν είχαμε μυαλό, δεν εζουρλαινόμαστε",
"Τ' είν' ο αφέντης τ' είν ο σκλάβος, γδύστους και τσου δυο να μάθης",
Όξ απ΄άδικο....κι'  απ΄την κακήν την ώρα,
Πώς να σωθούν τα γράμματα που δεν τσου βρίσεις  άκρη,
"Πούλειο ειν' η ανεμυαλιά του του κακόγλωσσου, παρά η κακία του (η κακοσύνη του)",
"Τ' απ' όξου, απ' όξου δεν τα νοιώθη ο βλάχος",
Τα γραμμένα ξέγραφ' του,
Εκατό μίλλια ένα ψωμί κι' εκατό ψωμιά ένα μίλι,
Τι πουλειό δικό μου από τον κόπο μου,
"Άλλος δεν είν που να φχαριστειέται και στο τίποτε, οξ' απ' τον περήφανο",
Ξέρει τι και ρώτησ' τον!,
"Κόρακας τον έσπειρε, κουρούνα τον εγέννησε",
Άλλαις είν' η ατιμίαις,
"Τα μικρά δεν ήθελες, τα μεγάλα ηύρηκες",
Ρίτα ίσα πας καλλίτερα,
Τ' άσπρα είν' η ψυχή του πλούσου,
"Θυμόσου, και γνοιαζόσουνε",
Τι σαν τ' ανακάτωσες αι χόρτα είν΄και χωρίζονται,
Προκομένος είν' εκείνος που δουλεύει,
Όπως σε βλέπουνε έτσι σε στοχάζονται οι ανθρώποι,
"Τα κόπια μου μόν επήρανε, και μερδικό μου τάζουν",
Τα λε' η καρδιά σου ΄χαρου τα,
"Και ορτός τετράποδο, και πεσμένος ζώο (φαίνεται)",
"Αν του πής μιανής πως είν' αγγαστρωμένη δεν το ντρέπεται και αν την ερωτήσης πως είν' πώκαμε, σε βρίζει",
"Αγάπη, τ' είν' που λέει ο Θεός!",
Πόσοι νεκροί που στέκονται στ' αρρώστου το κρεββάτι,
Οπου το πρώτο μου παπουτσι!,
Μάτια οπού δεν βλέπονται γλήγορα αλησμονιώνται,
Αλλ' απλώνεις 'αλλα μαζώνεις άλλ' βάνεις και μουσκιώνεις,
Όποιος δεν εγεννήθηκε εκείνος δεν πεθαίνει,
"Να 'χε μη γεννηθώ, κι' ας ήθε διακονεύω",
"Ν' αποκοιμηθή μπορεί το δίκηο, μα να χαθή δε χάνεται",
"Ανοιχτό το σπίτι, καλλύτερα φυλάγεται",
Σε μαδά και σε γδαίρνει να μη χάση το πετσί σου,
Θα ματαντίωσε που άργει. Εκειός που αργεί εματαντίωσε,
Απ' εμπρός γαϊδουρίζει κι' απ' οπίσω παπαδίζει,
"Τα καλά του Γιάννη ναίσκει, με το Γιάννη κι' όχι κι όσκαι",
"Την πόρτα του είκλησας, και το στόμα του κόσμου, θε μπορ' αν τα κλείσης!",
"Πρώτη έγνοια του μωρού, δεύτερη του παλαβού",
Α' δεν ορίζη ο 'γούμενος ποιος διάολος ειν' που ορίζει!,
Οι κρυφοί οι πόνοι σφάζουνε,
"Οι σκύλοι και οι σερσέλοι, μπαίνουν ανερώτητα",
Τ' ανακατερά χαλούν τη συντροφιά,
"Τη χαιλά μου αφέντη, κι ούλα τ' άλλα πάρτα!",
"Πουλειε τα 'λριβά, μα μη σκαρσοζυγιάζης",
Τα ειρωνικά του διάκου!,
"Ξέρεις τ' είναι ναν τον ξέρης, κ' ναν τόνε βλες δεσπότη",
"Άνδρας είσαι, φόβον έχεις, κι όθεν πάς, κλωτζιές μαζώνει",
Ξεφλούδιστα να ιδής τι μένη,
Ο προσφυρίτης πάει καλά που ζή μεσ' στο καρύκι του,
Άλλο είντα ιδής να πής κιάλλο να λές τι λένε,
"Θειός και θειά μ' ανάθρεψαν, φλόγα φωτιά που μ' έκαψε!",
Ούχι τα πάντα τοις πάσιν,
"Σα όλες α θα μιλούμε, ει δε μη ας χορέψωμε",
"Ο θεός ορφανά κάνει, μα δύστυχα δεν κάνει (άμοιρα)",
Πολεμάει ο Σατανας να φέρη και το διάλο στα νερά του,
Ούλα νάποδα είν' τ' αφύσκα,
"Αγάπη που πάει κ' έρχεται, δεν τηνε λέν' αγάπη",
"Νεια και νειος, και πας ρωτώντας",
"Αμπόνετον τον κουφό, καί μην του συντυχαίνεις",
Θέλει (ο) ένας θέλουν ούλοι κι α θα πάρη,
Άμαθος από παλάτι είδε φούρνο κι εθαμάχθη,
Α δεν επεθαίνανε κ' οι άνθρωποι!,
"Αν βους κι' αν τα πης, ανύπαντρος παππάς, δεν κάνει",
Οι αρχόντοι είν' για να τρώνε,
"Να 'καναν τα κέρατα ίσκτο, που ήθελ' α βρης το πρόσκλιο!",
"Να σαλτάρης να διαβής, κι' απέ να πέσης μέσα!",
"Ο παντοτινός, παντοτινούς δε 'θέλη",
"Α' δεν τον αποφασιζ' ο κριτής, δεν τον εκρέμα ο μπόγιας",
Να 'σου τα χρωστάει ο Θεός για να στα δώση,
Τα θες να κάμης νηστικός τα κάνεις μεθυσμένος,
"Τα λόγια λόγια είναι, μα να μη φας να ιδούμε",
Από τη λαλιά σου περδικά μου σ' εγνωρίσαμε,
"Αμίλητος ζουρλός, φρόνιμος κερνάτε",
Κτύπα την κοιλιά να βαρής τάντερα,
"Άδικα λες του Θεού να κάμη , όντας τον παρακαλής να σε σχορέση με χωρίς να μετανοιώσης",
Τη δεκατιά ο δραγάτης την πλερώνει,
Πρώτα του Κουμάντουλου,
"Όποιος έχει και δεν εξοδεύει, μουντάτς τον αν κακοπορεύη",
"Τα χέρια του μιανού μπορείς, μα το μυαλό του δε μπορείς ναν' του το δείης",
"Ξένο ψωμί, γιομάτο πριολίθι",
Ο άνδρας τη φυλάει τη γναίκα,
Χαρά στονε που ξαφνισθή και τ' άρματα του πιάση,
"Πόνος του δοντιού, τρελλαμός του κεφαλιού",
"Τ' άντερακαλαναρχούνε, κι αδειανή η κοιλιά μας ψέλνει",
"Αποκκάτου βγάνει ο πύρος, κι απού πάνου αδειάζει η κάδη",
"Οπού κι αν το βρω το πράμμα μου, απλόνω και το πέρνω",
"Α΄ δεν είχε, ετσώπαινε",
"Οποίος δεν ορίζει το σπήτι του, μήτε και το πουκααμησό του δεν ορίζει",
Του νουνού μας το νονό κι' εμείς νονό τον έχουμε,
"Και μισό που ναν, καλό είν' μπροστά στ' ολότελα",
Τα βρώματα τη κοιλία,
"Ξέρει η γναίκα, σήντας θέλη, και σε βάνει εκεί στο δρόμο",
"Ο πεινασμένος, ότι εύρη τρώει",
Το λάδι σου έχε το για το λύχνο σου,
Που ρωμιοί που ρούμελι!,
Ναν τσου κλαίς εκεινούς οπού τα ξυούν τα κέρατά τους,
"Οπώχει παππά στο σπίτι του, έχει ζευγάρι βοΐδια",
Ίδες μη που τον περιφρονείς πας και τον προσκυνήσης,
"Από τσ' αρχαίς του νοεμβρειού τος όλον τον γεννάρη, οι δυό ένας γένονται, και ο μοναχός κουβάρι",
Άβρετα κ' η ρούγαις ρένε (λένε),
"Ακλουθόντως κάλλετω, κ' έτσι δε σκοτιζόμαστε",
Άβγαλτη κ' η ρούγαις λένε!,
Δέσ' τονε ναν τον κρεμάσω,
"Θελόντας ο βλάχος και μη θέλοντας ο ζωγράφος, βάστα και συ Χριστέ, κόκκινα παπούτσα!",
Όσο σώνει το κρεββάτι άπλωνε το πόδι σου,
"Αν δεν σ' ήξευρα κυρά θάλασσα, κολύμπου σ' έπαιρνα",
"Ξένα τρω', για δαύτο δε χορταίνει",
"Νόμος για τ' ανήλικα, νόμος και για ταις γυναίκαις",
"Ο μήνας, τα καρτερή ακόμα",
"Άλλο λέγει ο λόγος, κι άλλο είν' το νόημά του",
"Όποιος σκάφτει λάκκο γιά τον άλλονε, ο ίδιος πέφτει μέσα",
"Τα γινήκαν, δεν τα πιάνει ο νόμος",
Εξενόστισέ μου η κόρη σαν τ' Αγούστου το πεπόνι,
Όψιμος ηος με κύρι δε θερίζη,
"Λύκον που άρπαξε και πάει, δεν του πιάνου η κατάραις",
Να κάμη ο Θεός το ελεός του,
Του παπά η κοιλιά κοφίνι και τρελλός οπου του δίνει,
Ονειρεύτηκ' η ακαμάτρα πως τση έκαηκε η λεκάνη,
"Την κακή την τύχη, η δουλιά τή διώχτει",
Τι θα πη νερό (τι αξίζη το νερό) τον που διψάει ρώτα,
Ν' απεικάσης για να νοήσης,
Σε περναει από τα μεσοδάκτυλά του,
"Να βλέπω και να μη μιλώ, έτσι ζουρλένετ' ο άνθρωπος",
"Αν πεινάση ο ακαμάτης, ψυχοπόνεα δεν έχει",
"Ο οβριός το' ψότου, τόνε φκκέται, να ζημιωθή την πρώτη την πραμμάτεια που να κάμη",
"Α δεν του βανε ο Χριστός με τσου μεγάλους, δεν τον πιάνανε οι μικροί ναν τον κρεμάσουν",
Τ' άσπρα είναι καλοί δούλοι και κακοί αφεντάδες,
Λόγια είν' αγέρας είναι,
Άλλα λογιάζει ο γάϊδαρος κι' άλλα ο γαϊδουριάρης,
"Άνθρωπος κρεμάει αθρώπους, και μου λές δαγκούν οι σκύλοι!",
"Όποιος κάνει συντροφιά με γάιδαρο, θα δέχεται και λές κλωτζιές του",
"Α' δεν τα 'λεες, κι' α' δεν τα 'λεα, δεν εγένονταν βούκοινο",
Ομικρό κ΄είετό ξερό,
"Πούλειο φαίνεται όμορφο άντας κλαίςι, πάρ' η άντας γελά η γυναίκα",
Έμαθες να μου ζητάς κι' έμαθα να μην σου δίνω,
"Ας μάθη ως τόσο γράμματα, και τι θα γένη βλέπομε!",
"Οσ' όπου ν' ανεβοκατέβη η χαντσάρα που θα να σου κόψη το κεφάλι, δεκοχτό φοραίς ο Θεός μπορή να σε γλυτώση",
"Οθ' επήδα η γίδα, πηδάει και το κατσίκι της",
Άλλαις η ανάγκαις του χωριού κι' άλλαις του γιαννη η όρεξαις,
Οι ανθρώσ΄ειν' που τσου φκιάνουν τσου διαόλους,
"Οποίος σπέρνει βάσανα, αγγούσαις θα θερίση",
"Από τέτοιαις κολοκυθιαίς, μήτε κολοκυθόσπορος",
Από λόγο σε λόγο,
"Και τα ξέρεις και τα ξέρω, τις η χρεία ναν τα πούμε",
"Αφέντης και να σκιάζεται, αφέντης τσερλισμένος",
Που καιρός για κέντημα!,
Αδικείς με βααλέτε,
Θήλειαχε και κρέμαέ,
"Να με δουλεύεις γάϊδαρε, κ' εγώ σε σαμαρώνω",
"Έχει τ' αντρόγενο χολή, έχουν τ' αδέλφι' αμάχη",
Τα διακονευτά λιγοστάρια είν' κ' εκειά,
Νερό απ' κάτου απ' τ' άχερο!,
"Θηλυκά, ξενογεννά",
"Πρώτη σου έγνοια, τ΄ειν που κάνει ο χθρός σου",
Της καλής μάνας το παιδί το πρώτο είναι θηλυκό,
Τα ΄χει ο παππάς στην πλάτη του η ράχη του τα ξέρει,
Δεν τον επαντρεύαν (οι Οβραίοι το Χριστό) μον' τον εσταυρώνανε,
Να ΄χες μάτια να ΄βλεπες κι΄ αυτιά να ακουρμενόσουσα,
"Ά δεν αλείψης τσού τροχούς, η άμαξα δεν τρέχει",
Να γυρίζει τ' άσπρα κι ούλα αρτένονται,
Λαός νερό κ' εκειό κουρκουτιασμένο,
"Αν ελλείπαν οι φτωχοί, ετέλειοναν κ' οι πλούσοι",
"Όποιος μικρός παντρεύεται, κάνει παιδιά και αδέρφια",
Όψιμος υιος με κύρη δεν θερίζει,
"Καί ολπίζω, καί απολπίζομαι, κουβέντα είν δυό λογιώνε",
"Να σε ιδώ το Μάϊ με κάππα, και το θεριστή με γούνα",
Ο νους του ανθρώπου τα γεννάη ούλα,
"Τρεις Κεριώτες, δυο κουβέντες",
Όσο σγαρλά η κόττα την κοπριά τόσο πολύ βρωμίζει,
Που να πάς για να βρής άκρη,
Άλλος δαγκά κι' άλλος μασσά κι' άλλος τα καταπίνει,
Και τα καταγιόνται και τα Δερνουν τα παιδιά τους οι γοννείς μ' άλλος ναν τους τα κατηφρονέση δεν το υποφέρνουν,
"Ο κόσμος ειν ένα δενδρί, κ' εμείς είμαστ' ο ανθός του, κι ο χάρος ειν ο τρυγητής που κοβι τον καρπό του",
"Αναμερισμένος, κατηφωρονεμένος",
"Τι Θεό λατρεύει, δεν ιξέρει",
Μαλάζει τα (τα τρώει) κ' τα σκένεται και πάλι τα ρεμπεύεται,
"Ναν τα μάθης ναν τα δείχτης κι' αλλουνούνε, όχι ναν τα ξέρης μοναχός σου!",
"Όξου, λένε του σκυλιώνε!...και η γατοσουλιώνε τούτου!",
"Αν ο αφέντης αποφάσισε να σε κρεμάση, δε γλυτώνεις, οξού κι αν προφτάσης, ναν τον πνίξης",
Να' κλαιγες τη μοίρα σου!,
Ο Θεός κατά το νόμο λέει (να κάνομαι),
"Ο μπερδέσης φκιάνει λόγια, και με δαύτα κομπολόγια",
Άσπρη κόττα στην αυλή σου και γεννήση μη γεννήση,
Όποιος πάει κι Όποιος μείνει!,
"Ο Γηώργος και τ' αρχίδια του, δυό ζευγάρια ούλοι τους!",
"Πόσοι και πόσες νηστικοί, και κλαίνε τσου χορτάτους!",
Ο καθένας μοναχός του θα να βρή το γιατρικό του,
"Τα λες να μην ξελές, κι' ότι άλλο θέλεις πες (λέγε)",
"Ο γαμπρός στη θάλασσα, και τα πουκάμισ' άρραφτα!",
"Ξερό ψωμί του νηστικού, του φαίνεται σφογγάτο",
"Ποτέ σου μην του πης του αρχόντου, αφέντη με πεινάη",
Ζώντας του όποιος δίνει πράγμα θέλει τρεις με την κοπάνα,
"Παρά η μάμα μου, κάλιο η μάνα μου",
"Όθε γύρω σκόνταμα, και όπου πατήσω λάκκος",
"Αλλού με τρίβεις Μάρω μου, και αλλού με σφάζει ο πόνος",
Γενέρης και καψένεις κάπως θώθις μάννεσαι,
"Α' δεν περσέψη το κακό, δεν πάνει",
Ο ακαμάτης είναι χειρότερος από τον κλέφτη,
Ξέρει ο Θεός τι χρειάζεται και στέλνει,
"Ο άνδρας μου να είναι καλά, κι' άλλο κακό μην πάθουν",
"Τα επαραγανώσαμε, και δεν περνούν για μαύρα",
Ο Μανώλης κ΄η Μαρία ο παππάς κι΄η παππαδιά εξ αυγά τρία καθένας,
Ας όγε ο γαμπρός κ' εμούσκλωνε η νύφη,
Να σου πη ο παππάς στ' αυτί κι' ο διάκος στο κεφάλι!,
Τα 'χαν τα μαλλιά τ' απόχτησαν οι κότσοι,
Και το όχι που να σ' πή ο αφέντης πρόφασες που βρίση,
"Ο γάιδαρος κουβαλεί το στάρι, και του δίνουνε και τρώει τ' άχτρα",
Λέει και μαρτυρά η γλώσσα τα δε βάνεις με το νού σου,
Λάγος που αργεί μαλί μαζώνει,
Άλλο είν' ο στραβός κι άλλο είναι που δε βλέπει,
Α δεν κάτσ' η πέτρα δε μαλιάζει,
"Νοικιασμένο, ρημασμένο σπίτι!",
"Και του βασιλιά τη γνώμη, γνώμη θαν την πεις κ' εκείνη",
"Πουλεί όποιος μιλά, κ' εκειός που ακού αγοράζει",
Ομπρός ποδιάσου εκόντηνε καί πίσω κακραίνει,
Τα ξεφτυλίδια τσ' η άχαρη ποτέ της δεν τα δίπλωσε,
"Όποιος μπροστά πλερώνει, στερνα (αργά) το μετανοιώνει",
Τ' άρματα σου και εις του κάπου,
Λάδι θέλουν τα κουκιά κι όσο βάλλης θέλουν κι α' τόσο πα',
Να ρωτήσης τον παππά να σ' πη τ' είν' ο δεσπότης,
Να ήτονε όλες οι πίκρες σαν του αντρός μου ο θάνατος,
"Τι μισά, τι λείπουμε",
"Τίμιος και παλικάρι, και χαρά στην που τον πάρη",
Τί σού λείπει κατσηδιάρη; μαργαριταρένια σκούφια,
Λέει και κομπάζεται ά λέη αλήθεια μάντηζε,
Μάρτης ο πενταλείδινος και πάλι αποβλεπάρης,
Λέει να κάμη και να ράνη μα τα λέει και τα ξεχάνει,
"Να 'χε πάρης άχερα, παρά πουν για πέταμα",
Ποταμέ μου να μη σ' έξερα,
"Όπως ξέρει, έτσι θάν τα καθαρίση τα μαρούλια ο γάϊδαρος",
"Πολλοί κι ούλ' ανωφέλετοι, να μην ήταν κανένας",
"Ανύπαντρος βασιλικός όπου κι αν πάη μυρίζει, και παντρεμένος γάϊδαρος, όπου και αν πάη γκαρίζει",
Νερομένο το κρασί! Κάλλιο νερό μονάτο,
"Θέλει ξούρισμα ο δεσπότης, που δεν ξέρει να ξουρίζη. Θα ξέρη να ξουρίζη ο δεσπότης για ν' αξίζη",
"Τα πουλεί, σαν και τα κληρονόμησε",
"Ασ΄ φαμ΄ απόψε τιώχουμε, κι έχει ο θεός για τ΄ αύριο",
"Α θ' α διαβής, σουρίζοντας",
Τι άλλο είν' η ζήλια παρά φτινός!,
Αλλουνού παππά βαγγέλειο,
Λογάριαζε την κάθε αυγή για ύστερη σου μέρα,
"Αδελφός τον αδελφό τονε σφάζει, μα δεν τονε προδίνει",
Μοιραστικό ψωμί αναπαΐμένα μάγουλα,
Του κλέπτη και του δυναστή καθ' ένας του χρωστάει,
Εμπρός στα κάλλη πόνος δεν είναι,
"Που με κουτσόνε περπατεί, μαθαίνει και κουτσαίνει!",
"Να 'θε μη γεννηθώ, κι' ας ήθε διακονεύω",
Να διορίζης σπήτι σου!,
"Αν κάμης και καλό παιδί, το πράγμα τι το θέλεις; Κι' αν κάμης και κακό παιδί, το πράγμα τι το θέλεις",
"Μουρή κιτρινιασμένη, καρδιά διεστραμμένη",
"Άρχοντας και διάολος, αδέλφια διδιμάρια .... μιανής κοιλιάς γεννήματα",
"Α' δεν πεθάνη ο άνθρωπος, αναπαψι δε βρίσκει",
"Και τ' αυτιά του ναν του κόψης του γαιδάρου, γάιδαρος κουτσάυτης μένει",
"Τα 'χαν τα μαλλιά που τα 'χαν, α η κατσήδαις τ' αποχτήσαν",
"Ξοδιάζοντας, θα μπάζης",
"Τ' αφύσκο, παντ΄αφύσκο είναι",
"Α δε ητοίμασας, θα πη: μασκαρά που εσώριαζες!",
Ο Άδης ο ανεχόρταγος,
"Κάλλιον ξηρόν ψωμί με ειρήνην, παρά πλούσιον με ασυμφωνίαν",
"Από κάτου απ' άλλους, πάντα κακά βρίσκεσαι",
"Ο αδελφός, αδελφό, πολεμ'αν' τονε γελάση",
Όπως σου λάχ΄ η γυναίκα,
Αλλού ο παππάς κι' αλλού τα ράσσα του,
Ξέρει ο γάτος και σγαντζόνεται,
"Λίγο γύρευε, να πέρνης απ' ολούθενε",
Άγγιαξε το μαχαίρι στο κόκκαλο,
Ο καφές θα ναν καυτός καλός κ' κατακαθισμένος,
"Και ταμπούρλα θές, κυρά μου; Να και την ανιάκαρά μου",
"Οπ' έχει έγνοια έχει την, κι η γειτονιά κοιμάται",
"Α' σμίξω σ' αγκόνας με τη μήτη, κάν' η πεθερά και η νύφη",
"Αν αρρωστήση ο δούλος σου, πατός κουτσοχεριάζεται!",
"Ξένος νύχτα και να βρέχη, πως του λες να πάη καλιά του",
"Άφισε το γάμο του,να πάη καλιούρτα",
"Άλλω είν' τ' άλλω, κι' άλλο μιά παρασκευή το γάλα!",
"Α δεν τα 'θελε, δεν τα 'ξυε!",
Οσούθε και αν έρτη το καλό καλώς το,
Λάμπουν κ' η κωλοφωτιαίς μα κειας δεν είν' αστέρια,
Ο κόσμος συντελεύεται κι' η γρία ξεροσφουγγίζεται,
"Αν κάνη ο νειός το γέροντα τον πέρνουν για κουτόνε, και αν κάνει ο γέροντας το νειόν τον πέρνουν για ζουρλόνε",
Από τ' Άϊ Δημήτρην ως τ' Άϊ Νέστωρος,
Που καλό ο κακόγλωσσος,
"Από το μέρμυγγα πετσί, και από τη μύγα ξύγγι",
"Όπως ξέρει, έτσι τα παστεύει τα μαρούλια ο γάϊδαρος",
Θες τη γυναίκα ν' την ορίζης κότταε τη και τη βρίζης,
"Να μη σε ιδούνε τα παιδιά σου πως (να) μεθάς, να μη σ' ακούσουνε πως βλαστημάς, να μη σε καταλάβουνε πως θέλεις ν' απατήσης",
"Που χαρά, σ' αρχόντου σπήτι",
Τα δάκρυα είναι παργοριά μα όχι γειατριά,
"Ξήλωνε, μα ράφτε κηολα",
"Γλυκό είν το γάλα, έλεγε ο πάππους μου, που το έλεγε μια θειά του",
Το Μάϊ ρώτα να σου πη πότε είν' που θ' αλαφρώσης,
"Ο βρωμούσης, πάντα ζέχνει",
Θέλοντας κανένας δε δαγκάει τη γλώσσα του!,
"Ά δε γκρέαξη ο γκρινιάρης, κάλλια ΄χει να πεθάνη",
Άφσ' τα μάγια 'ς τα ξόρκια κ' επάν' το τσαπί να ζήσης,
"Λέει κ' η μάρω (αλεπου) λέει κι ο λύκος, μα να ιδής τι λέει κι ο ίσκιος (ο δοιμένας)",
"Ποιοί ειν που ειν αφεντάδες,και που οι δούλοι τσου, τσ' ορίζης",
"Τ' αυτιά σου μπουμπουνίζουνε, η τύχη σου δουλεύει",
Όπως τα 'βραμ έτσι πάμε!,
"Τη μάννα μου πουλώ, για όσο μου 'δώσαν το μισό! (το διπλό)",
"Έβαλ' ο άβρακος βρακί, τό βαλε κ' εχέστηκε",
Η γυναίκαις μ' άφικαν το φαγί το μούστωσα το κρασί μ' εκύριεψε,
Λέμε πώφυγ΄ο καιρός!,
"Ξεκουλιαίς, κουριαίς και πάθκα!",
"Όμοια ούλους, περσότερο σκοτίζεσαι",
"Τα μουντά, κι ά βρωμεύουν δε φαίνεται!",
Αλήθεια δεν είν' άλλη παρά μια,
Προσκύν' αν έχεις άδικο,
Όπως ειν' α 'θαν τονε χαρής τον κόσμο,
"Πολλές φορές πέφτει το λαϊνι στο πηγάδι, πάει και μιά και δεν γυρίζει",
"Οποίος δεν ιξέρει, κράζει (ρωτάει) κι' άλλονε",
Οι μήνες πάνε κ έρχονταν μα οι χρόνοι δε γυρίζονε!,
Ο κάματος τη φτώχεια τήνε πνίγει,
"Α' δεν κάτση η πέτρα, δε μαλλιάζει",
"Ξένη γυναίκα εκύτταζες, ως εκεί και σώνει σου",
Ιδές μήν καθώς πάθης τ' αναγέλας,
Ο λόγος του δυό δε γένονται,
"Αν' το παινευτής, το μισό καλό σου πάη χαμένο",
Ο καθείς το κάλλειο του γυρεύει,
"Όποιος λέει και δε σώνει, θα να πη και κουταμάραις",
"Ο ξένος πρώτα, κ' ύστερα ο νοικοκύρης",
Ναν τονε φυσήσης πέφτει,
"Ξένος γάτος είν', και μπαίνει από τον καπνοδόχο",
"Να σου δείξω δάσκαλέ μου, πως διαβάζουν τ' αλφαβήτα!",
Αφσ΄ την την φιλιά του γυρεψούλι,
"Ναν το κυττάζης πάντα, κι' απ' την ανάποδιο",
Μια γης ούλους μας τρώγει,
"Που σ' είδε και σ' αγάπησε, κλωνά να μην 'ποτάξη",
Νά λείψουν τά πιπέρια μου νά ιδώ τά μαγερειά σου,
Άνρωπος ωσεί χόρτος αι ημ΄ραι άστον,
"Άγιασαν οι μαχαιροκλέφταις, και πουλούν σκουρολεπίδες",
Έγινε ο ήλιος σκοτεινός και το φεγγάρι μαύρο,
"Ανίσως τον Γεννάρη ιδής πολύ χορτάρι, όσο ημπορείς σιτάρι, φύλαττε εις τ' αμπάρι",
"Και ο γάιδαρος, σαν τονε παραμάσουν κ' ξυλιαίς ή φεύγει κ' εκείνος τση κλοτσιαίς",
Πες το πες το το κοπέλι την κυρά κάνει και θέλει,
Θάν τι ρίξεις γιά να ιδής άν τρέχη τ' άλογό σου,
"Όσο το σγαρλίζουμε, διάφορο δεν βρίσκουμε",
Θα βρούν ίσκιο να σταλλήσουν,
Πολέμα δα με δίχως βόλια!,
"Όπ' εγελάστη δυο φοραίς, μούνταις και φάσκελά του",
Άλλος χάσκει κι' άλλος μεταλαβαίνει,
"Ομοίος τον ομοίον αγαπά, κι η κοπριά το λάχανο",
Από την αυγή ως το γιόμα κάνει τζι απογήματα,
"Τ' είν ο πλούσος τι ο φτωχός, βγάλ' τα ξένα, ναν το ιδής",
Θα βρης την πόρτα του σπητιού κι απέ να πης θε να μπω!,
Τά δόντια δέ' μαλιάζουνε,
"Και την κάππ' ά σου γυρέψη ο αφέντης δός του την, για να μη σε γδύση και σ' αφίση ολόζορκους",
Οξ' αν τ' λάχη ανθρωπινό άλλο κρηάς δεν τρώει,
Οι λωλοί λουλούδεα θέλουν,
"Αγαπημένο ανδρόγυνο, ο Θεός είναι μ' εδαύτους",
Α΄ δεν τση πέσουν ούλα τση τα δόντια την όρεξη δεν τηνε χάνει η γυναίκα,
"Τ' απίδι αν πέση, απουκάτου από την απιδιά πάντα θα πέση",
"Α δεν ήταν κ' οι κουτοί, τι αξίζαν κ' οι έξυπνοι!",
Ξέρει ο άρχος τ' είν' η αγάπη,
Όποτε μ' εδάνεισες τό είδες που σ' επλέρωσα,
"Τα προικιά μου, η μοίρα μου",
"Τα μυαλά χαλάει ο Θεός, το βιος δεν το χαλάει",
"Α θα ζυμώσης το ταχύ, από βραδύς τ' ανάπιασμα",
Μ' αρέσει να με μελετούν κι ας με κακολογούνε σένιο είν' που με στοχάζονται σένιο που με φτονούνε,
Αν είχε μούτρα δεν εμασκαρώνοντανε,
"Τα ξέρει ο διάκος κι ο δεσπότης, ο δεσπότης μοναχός του δεν τα ξέρει",
Γάϊδαρον εκρύβαμε και τ' αυτιά του εφαίνονταν,
"Θα 'χης δώδεκα μυαλά, για να σου μείνη το 'να",
Τίμια ναν η όμορφη αν ην κουτή ξεπέφτει,
"Όπως πρέπει θ΄αρχινήσης, ει δε μη ποτέ δε σώνεις",
"Να στήσης σπήτι, να σε πούμε νοικοκύρη",
"Απ' την αθάλω στη γωνιά, κια πί την στιά στη στάχτη",
Τα κλωσσάει με το νου του και τα βγάνει (ούλα) πουλακίδαις,
"Ξύπνα θα ΄να πη ασηκώσου, δε ΄θα πη ξεντολογειό σου",
"Αφύσκα είναι, άδικα είναι",
Ο πλούσιος είναι κάρβουνο,
"Εξ' απ' το κουτσουροκέφαλό του, άλλον ο μουρλός δε θε ν' ακούση",
"Όπου είναι πολλοί, ούλα στο κλειδί!",
"Λες και γιατί βρίσκονται σε κάθε τόπο και πεντ' έξη πομπεμέναις, πως ειν ούλαις άτιμαις ή λυσασμέναις!",
"Καί τό μπόδισμα, έν' αβάσκαμα είν' κ' εκείνο",
Να νογάς και να βλογάς σε θέλω δεσποτά μου!,
Θές δε θές το γείτονα θαν τον καλημερίσης,
"Ο βρικόλακας, τη γεννιά του πρώτο τρώει κι απέ τα γένεια του",
"Να σε ντύσω, μα να μη με ξεγυμνώσης!",
"Α θα κάμης θα πάθεις, κάμετα και μη μιλείς",
Κουμπάρε εκφιάστηκε ο καιρός απά σ' οχτώ θα ιδούμε,
Όλα τα δάκτυλα δεν είναι όμοια,
Από πρίμη ως πλώρη ας πάη!,
Α δεν είχαν κ' οι αρχόντοι αγγούσες,
Η αγάπη σου έχει πλάτο αλλά μάκρο δεν έχει,
Δε σου απόσωνει το καλό οξ' αν το λησμονήσης,
"Άλλοτα στο κουτσογαϊδουρο, που ναν κουτσός κι ο αφέντης του!",
"Θυμωμένος και μουρλός, την ίδια χάριν έχουνε",
"Πρώτη γυναίκα, πρώτη αγάπη !",
"Άνδρας που να λείπη, κουμπάρο πέστονε",
Άλλο είν' το λέω κι άκουε κι άλλο το σου λέω ν' ακούσης,
Τα πολλά τα γέλια θα φέρουν και τα κλάματα,
"Πρώτη ραβδιά στο κούτελο, και δεύτερη στα μπράτσα (στα χέρια), η τρίτη κ' η ακλουθηναίς, όπου μπορέσης βάρει (χτύπα)",
Νόμος είν' θα ναν' για όλους,
"Να με παν, κ' εγώ το θέλω, μα όχι να με κωλοσέρνουν",
"Τ' άσπρα μιλούν, τ' άσπρα γελούν και τ' άσπρα ξανανοιώνουν",
Όποιος χάση το πράμμα του χάνει και την ψυχή του,
"Άξιος είναι να δουλέψη, άξιος έιν' να βασιλέψη",
Νάν τα ιδής εγύρευες; τώρα πούρταν χάρουντα,
Άφσ' τον πηλό και πάρ' τη λάσπη,
Που να βρης ντορό του αητού που επέταξε,
"Κριτής, βαρύ το φόρτωμα",
Τα μαλιά είναι μάλιασι (ον),
Τρία σακκιά αμπελόφυλα τρία τσαμπιά σταφύλια,
"Αν τονέ γλυτώσης απ' τη φούρκα, σε κρεμμά ο αχάριστος",
Με το γνέφι πάει ο αγέρας,
"Πρόβλεψε ποιού είν' η έγνοια, πρόβλεψε κι τη πρώτη μέρ",
"Ά δεν εγονάτιζε η γκαμήλα, δεν την εφορτώνανε",
Η καλή ημέρα από την αυγή δείχνει,
Τά δόντια βοηθούν τή χώνεψι,
"Α δεν κάτσω εγώ, δε σκώνεται κανένας",
Πολλοί αναγκάζουν το ζουρλόν να χέση το βρακί του κι' απέ του λένε κάτσε φάτα,
Όταν κοιμούνται οι καλορρίζικοι δειπνούν οι κακορρίζικοι,
"Από τον γάμον έρχεσαι, πολλά είσαι πεινασμένος",
Ξεύρεις να κρύψης; Κλέψε. Δεν ξεύρεις να κρύψης; Κάθου κι αναπαύου,
"Λόγια, παργοριαίς, που α λείψουν δεν αποζητειόνται",
Οι ποντικοί επερσεψανε; Στο σπήτι μέσα είν' οι κλέφταις,
"Απέχω, ν' απέχουν κ' οι άλλοι",
Θεία δίκη!,
"Α δε φυλάς τη γυναίκα σου, τι άλλο θα φυλάξης !",
Δεν είναι μιανής λογής οι ατιμίαις,
Τα φταιξήματα εκείνης που αδικοβγαίνει είναι,
"Οποίος κοιλιέται στην κροπιά, τον κοτσιλούν κ' η κότταις",
Όποιος έχει κουτάλι δεν καίει το χέρι του,
"Να μην ξελέμ' α 'θες, εκείνα πούπαμε",
Του χωριάτη το σκοινί μονό δεν φθάνει μα διπλό φθάνει και περσεύει,
Λιχουδιάρης κι ακριβός κ' στ' δυό τους ανεχόρταγαν,
Το απελπισμένο μου παιδί κληρονόμος θα γενή,
Καμάτρας χέρια δρώνουνε τσαί γληγορούς ποδάρια,
Σ το μύλο αδράχτια και 'ς τον ποταμό κομμάτια,
"Να τρέξω θέλω, μάννα μου. Να σε ιδώ θέλω, γιοκά μου",
Νά ταν να κάμνανε ούλες οι μύγες μέλι θά χαμε κι εμείς ένα κουβέλι,
Το ψέμα είναι αλάτι της αλήθειας,
Κι αλεστικό μη πάρετε,
Άλλα τα μάτια τ'ς πέρδικας κι' άλλα της κουκουβάγιας,
Όταν αγιαστούν τα νερά ησυχάζ' ο καιρός,
Για την Άη Άννα είσαι!,
Ώμορφε μου και καλέ μου τι να φάμε βράδυ,
Καλό στον άγιο του θεού τσάι τον οχτρό της πίττας,
Είχε δόντι,
Πάρε κόρη από σόϊ και σκυλί από μαντρί,
"Του γέρου βλάχου το τυρί,τυροπιτάρια θα γενή – Κείνο που κράσσει την αυγή τσαι φέρνει την ημέρα 'ς του γερό βλάχου τον τουρβά ψηλά είναι κρεμασμένο",
Του ζευγίτη η πομπή στο αλώνι φαίνεται,
"Τσει που θα με φάη η αλωπού, κάλλιο να με φάη ο λύκος",
Όταν βρέξει τ' Άη Λιά πούλια τα βόια και σύρε για μελίσσα,
"Μικρά 'ναι τα παιδάκια μικρά τα βασανακια, μεγαλώνουν τα παιδάκια, μεγαλώνουν τα βασανακια",
Η α' σημη έχει ριζικό κι' η ακαμάτρα μοίρα,
Άλλαξε ο Μανωλιός κι' έβαλε τα ρούχ' αλλοιώς,
Από τις εννιά Μαρτιού είν' η άδεια του φιδιού,
Το 'κοψε δίπλα,
Χαρά στονε που πέθανε ένα Σαββάτο βράδυ και Κυριακή ξημέρωμα να πήγαινε στον Άδη,
Η στάνη κάνει το σκυλί κι η παραστιά κάνει τη γυναίκα,
Καθάριος ουρανός αστραπές δε φουβάτι,
Γονιού ευχή αγόραζε και στο βουνό κατοίκα,
"Αλί π' τε δέρν' εκατό, τσαι δεν τε δέρν' ο νους του",
"Μεγάλο καράβι, μεγάλα καρφία",
Θα σ' αλατίσου,
Ένας ήθελε ν' το δή κι άλλος ν΄τ΄ακούση,
Καινούργιο κοσινάτσι μου και που να σε κρεμάσου και σαν παλιώσης ύστερις και που να σε πετάξου,
Τ' Αντριά αντριεύ' ο καιρός,
Οι μισοί ψυχομαχάνε και οι μισοί καυλομαχάνε,
"Μεγαλώνουν τα παιδιά μας, μεγαλώνουν τα δεινα μας",
Τα καλά παιδιά είνε βιος,
Το πήρες σκ'λί μαλλί,
Α στα π' κι στ' αλεύρι,
Αν είχε άντρα τσαί παιδιά θα ντα 'φην έρημα,
Σαν είσαι κι παπάς μΙ τ'ν αραδίτσα σ',
Άρμεγε λαγούς και κούρευε χελώνες,
Το επήρε αλά κάππα,
Κόσμος καίιτι γριά ξηροχτενίζεται,
"Έβηξ' (έκλασ') η νύφη, σκόλασ΄ ο γάμος",
Ο δούλος δουλειά δεν έχει το βρακί του λεί και δενει,
Λύκος τσ' αν εγέρασε τσ' άλλαξε το πετσίν του μηδέ την γνώμην του άλλαξε μηδέ την τσεφαλή του,
Τον έστειλαν για μαμή κι ήρθε στα βαφτίσια,
Πρώτα θα δής το γείτονα κ' ύστερα τον ήλιο,
"Όποιος παιδιά και τσάνταλα, το γάμο τί γυρεύει;",
"Μάρτης παλουκοκάφτης, Απρίλης τιναχτοκαλαθίτης",
Άνθρούπους άμα γηράσ' διάουλους θα γιλάσ',
Η κοπριά και το νερό κάνει το λάχανο χοντρό,
Ο μπροστινός ανοίγει τά μάτια τού πισινού,
Δεν θα κάνουνε κουκκούλια μαζί,
Όποιος δε θέλ' να πάη στου μύλου πέντι μέρις κουσκινάει,
"Σαν ακούς Μαριά και Γιάννη, βάλε ψάρια στο τηγάνι",
Αλιάς τονε που πλακώνει η πλάκα,
Κλαίγε το νιο που δέρνεται το γέρο που τσοιμάται,
Τουν εβάναμε 'ς τα καπούλια και μας βγάν κι του σαμάρ,
"Το αίμα νερό δεν γένεται, τσ' ά' γενή δεν πίνεται",
Όπου τα έχει έχει τα κι' όπου τα βόσει τρώει τα,
Όπου φτύσουνε πολλοί ποτάμι κατιβάζει,
Τί να κάμη ο κρύος του παγωμένου,
Τσάντζαλα μάντζαλα κούφια καρύδια,
Α! Θα μπούμε στο κοφίνι ή στην κοφίνα,
Με της μάννας σου τ' αδράχτι μην παίζης,
Άνθρωπο από σόϊ και σκυλί από μαντρα!,
Πέντε μέτρα ε' κοψε,
Τηνε πήρανε χέρι ποδάρι,
Στην ανυδριά καλό 'ν' τσαι το χαλάζι,
Ποιός σε ρωτάει για νίματα και λες έξη κουβάρια;,
Πείνα μάτια δεν έχ',
"Πεθθερά καμπάνα έχεις, κι' αντραδερφή σημαντήρι",
"Πέντε μήνες έξη χρόνια έφκειαξα μιά βρακοζώνα, πέντε μήνες εξ' αδράχτια",
Η καλή ημέρα πό το πρωί φαίνετ',
Ο γέρος καίγεται κι η γριά ξεροχτενίζεται,
Σπίτι παλιό απ' τον καιρό που γεννήθηκαν οι καβούροι,
"Τσαι μεν' τσαί του παιδιού μου, τσ' άντρας μου στην πόρτα στέτσει",
Άπιαστος κλέφτς καθάριος νκοκύρς,
Αλλοί που το 'χ' η κούτρα του να κατεβάζη ψέρες,
Πότι γίνκι του κουλοκύθ κι στράβουσι κι λιμός τ,
"Κόρακας, κοράκου μάτι δε βγέλλει",
Ποληό βορειά αρμένιζε και νότο παλληκάρι,
Ποίος σου έβγαλε το μάτι; - Ο αδερφός μου. - Γι' αυτό είναι βγαλμένο βαθιά,
"Στα είκοσι γαρούφαλο, και στα τριάντα βιόλα, εις τα σαράντα κρυό νερό και στα πενήντα μόλα",
"Σ' αγαπώ να μ' αγαπάς, σε κερνώ να με κερνάς",
Πάρ' τουνε στου γάμου σου να σου πή κι τ' χρόν',
Τ' αγκάθθια του καλοτσαιριού μαρούλια είν' του χειμώνα,
"Θρέψε λύκο το χειμώνα, να σε φάη το καλοτσαίρι",
Όποιος πήρε χίλια πρόβατα και κακναδού γεναίκα τα χίλια πρόβατα ψοφούν κ' η κακναδού του μένει,
"Άσχημη στην κούνια, όμορφη στη ρούγα, όμορφη στην κούνια, άσχημη στη ρούγα",
Άκληρος και σπαγγοραμένος,
Από τρελλό κι από μικρό παίρεις καθάρια αλήθεια,
"Μη πιάσης φίλο μυλωνά, ψαρά και μακελλάρη, γιατ' όποιον πιάσης απ' τους τρεις κ' οι τρεις είναι γαϊδάροι",
Μήτε ο Μάρτης καλοκαίρι μήτε ο Αύγουστος χειμώνας,
Κάθ' ένας το κορμάκι του για κυπαρίσσι το έχει,
Βρε παγανιά στάσανε,
Εγώ μιλάω του σκύλλου μου κι' ο σκύλλος της ουράς του,
Κάνει κάνει και τ΄ αμπέλια ξέφραγα,
Στου Κουτρούλη το γάμο,
Κύττα με με τόνα να σε κυττάξω με τα δυό,
"Μήτε πεθερά μητέρα, μήτε νύφη θυγατέρα",
"Σαράντα φάε σαράντα πιε, σαράντα κόψε φύτεψε",
Αφρίζ δεν αφρίζ γω θα ντου φάου,
"Τι είναι ο κάβουρας, τι είναι η μαγερειά του",
"Άγουστε τραπεζοφόρε, να 'σουν δυό φορές το χρόνο",
Άκουσε γέροντα βουλή τσαι παιδεμένου γνώση,
"Του φτωχού το σκοινί μονό δέ φτάνει, διπλό περισσεύγει",
Μελίστη η γριά στα σύκα κι όλη μέτα τα αναχητά,
Σ΄αγαπάου σαν το φίδι στον κόρφο,
"Κόττα το Γενάρη, κόκκορος τον Αλωνάρη",
Ποστασες γέρο; Βγάνε ρόβ,
Μαλώνουμε γειτόνισσα; Κι εγώ στα νύχια στέκω,
"Πότε γέν' η κολοκύθθα, πότε στράβωτσε ο λαιμός της",
Ποσοί νεκροί που κάθονται 'ς τ' αρρώστου το κεφάλι,
Άνθρωπο 'που σπίτ' κι σκ'λιπου μάντρι,
Καλή μέρα φαίνιτι 'π' του ταχυό,
"Καθαρός ουρανός, ούτ' αστραπή, ούτε βροντή φοβάται",
Δε ετάν π' το φαϊ γαϊδαρος το ψωμί μούνι δε δεν κι πουλοϊα τ κόζιμ,
"Για σένα τα λέου πεθθερά, για να τ' ακούη η νύφη",
Πειότερα αρνιά 'ς το μακελειό παρά παλιοπροβάτες,
Μάτια δεν έχει δάκρυα ΄πό που θα βγούνε;,
Ο καιρός πουλεί τα λάχανα κι ο χειμώνας τ΄αγοράζει,
"Τήρα, κόρη μ' τον άντρα σου και κάνε το τζαλμά σου",
Άγια μου Μαρίνα δόσ' μου σύκα και σταφύλι κάπου κι ανάρια να βρεθή,
"Ο Μάρτης είναι κάφτης, γδάρτης και παλουκοκάφτης",
Πειότερο ψωμί τρώγεται με το μέλι παρά με το ξύδι,
"Λύκος το μαλλί αλλάζει, κεφάλι δεν αλλάζει",
Σαμ πιθάνου γ\ω φούρνος μηγ καπνίγ,
Κάλλιο άντρα μ' ένα μάτι παρά μ' ένα πόδι,
Θέλει κι ο μούτσος μας καφέ!,
"Άρρητα ρήματα, κουκκιά μαγερεμένα",
"Ό,τι κάμης λάβης κ' ένα παρά πάνου",
Άρες μ' άρες κουκουνάρες,
Ο βλάχος κι' αν αγιάση σκατένια δόξα θάχη,
Η πείνα χώρες πολεμεί και κάτρα παραδίνει,
Κάμε καλό του λαγού να σηκωθή να φύγη,
"Λάδι κορφάτο, κρασί μεσάτο, μέλι πατάτο",
Τι σε μέλει βρε κασίδη για το ξένο αργασίδι,
Όντας λέπ σκύλα του λαγό χέζιτι κι κατρουέτι,
Απόχτησε ο κασίδης μαλλιά και δεν ξέρει τι να κάνη,
Σακκουλοφόριε τσαί μη – γ – καμαροτρέμεσαι!,
"Αλάργα η βροντή, κοντά η βροχή",
Τ' Αγιά Μαρίνας σύκο και τ' Άη Λιά σταφύλι και τ' Άγιου Παντελεήμονα να πας με το κοφίνι,
Πέρας' απ' το τρίχινο γεφύρι,
Η σκύλλα πο τη βιάση της κάνει τα κουτάβια της στραβά,
Το βρώμιο κρέας και και σκύλοι δεν το τρών,
Όποιος κνυγάει δυό λαγούς δε πιάν κανένα,
"Έμαθ' η μάννα μου και κάνει τα ψωμιά μικρά, έμαθα και εγώ καιτρώγω δυό δυό",
Τό ρριξε κουμπούρ',
"Τα σκόρδα, όσω αναργεύουν, τόσο παχαίνουν",
"Ούλα τα δέντρα 'ναι, τσαί τα κλαριά 'ναι τσ' άνθρωπος 'πό τον άθρωπο μεγάλη διαφορά 'ναι",
Λίγα λόγια και δεμένα για να τα χης κερδεμένα,
Του λύκου τουνε λέπουμι τουν τούρο γυρεύουμι,
"Γυναίκα, ντουφέκι, άλογο ποτέ σου μη δανείσης",
Κάθι αγκούτσα για λόγου τ'ς τραβάει,
"Πετάει τα λεφτά, 'πως πετάει ο πετεινός τ' αυγά",
Μαύρη ράγα μαύρη κάππα,
"Πουτάνας κόρη πάρε, πουτάνας αγγονή μη παίρης",
"Κατακαημένος άθρωπος ατός τσ' απατός του κάμνει κάκο του λόγου, που δεν το κάμν' ο οχτρός του",
Πειότερ' αρνιά στο μακελλειό πάρα παλαιοπροβατίνες,
Ποιός είδε πράσιν' άλογο τσαι δάσκαλο με γνώση,
Κάμει ντ διόλ καλό να βρης του πλ' ας σ,
Κτύπα την τσεφαλή σου ς το τοίχο και φεύγα,
Το πρόσωπο του αθρώπου είναι σπαθί,
Του' θέλ βριμένο το καψμάδ,
Είδες γέρο παλαβό; Είναι κι' απ' τα νιάτα του,
"Άι Γιώργη Σκυριανέ, άι Νικόλα ψαριανέ, Ταξιάρχη Παναρμιώτη και αι Γιάννη Κρανιδιώτη",
"Στριψ΄έρημε δράχταρε, σκοτεινέ σοντύλαρε, την πομπή που μού 'καμες κά στον Άγιο Θόδωρο κάτου στο μπηχτομούνι",
Πίτα που δεν τρως τι σε μέλει κι' αν καή,
Κάθε κλαράτσι έχει τον ήσσιο του,
Αλλού βροντούνε τα νερά κι' αλλού αλέθ' ο μύλος,
Καθάρια πίττα κάθεται καλόν αφέντη περιμένει,
"Τα ρούχα κάνου όμορφο, τ' άρμα τ' ανδρειωμένο",
Μάης ο πενταφάγουτος τσαι πάλι πεινασμένος,
Βαίν κ' η κουσκνού τουν άντρα τς μι τς πραματευτάδις,
"Ξένα θερίζεις, τραγουσάς κακό χχειμώνα το μ περνάς",
Κοίτα με με το να μάτ να σε κ'ταξου μι τα δυό,
Κίνησε ο Οβραίος να πάη 'ς το πανεγύρι και έτυχε μέρα Σάββατο,
"Άντρα μου, αντρούλλη μου, αν ηξέρου π' άλλον άντρα χωραΐτη, Μωραΐτη, μαραγκό τσαί καλαφάτη τσ' άλλος δεκοχτώ νομάτους, αν ηξέρου π' άλλον άντρα να με κάψη το κουρκούτι",
Καλά τσαι σώνει,
Μακρυά κι αγαπημένοι παρά κοντά και χωρισμένοι,
Σάν τά όρνια στού λαίσιου,
Ο Απρίλης πρίσσει πρόβατα τσαί Μάης τα γελάδια τσ' ο Θεριστής παλιόβοδια τσ' Αύγουστος παληκάρια,
"Όπου δεν είδε παλάτι, είδε φούρνο τσαί θάμαξε",
Άρα μάρα τσαί κατσή καμάρα,
Όποιος κοπελλομάθει δύσκολα τα παρατάει,
Στίς εννιά του μακαρίτη άλλος μπαίνει μέσ' στό σπίτι,
Ζη και ζέει,
"Άθρωπο λείπεις, καρδιά δεν είξερεις",
"Εψές πέθαν' ο άντρας μου, προχτές ο γάϊδαρός μου σήμερο πάει τσ' ο χοιούρος μου τσαί ποιόν να πρωτοκλάψω, ας κλάψω 'γω το γάιδαρο που πήγαινα στο μύλο τσ' άντρας μ' ας τρώη χούματα τσ' εγώ τρώου το χοιούρο",
Αλιάς τονε που' λείπει πό τό γάμο του,
"Ό,τι σειέτι δε σειέτι",
Το βραδινό μαγέρεμα το ξαναζεσταμένο έτσι 'ναι τσαί τ' αντρόγυνο το ματαπαντρεμένο,
Κρεμμύδ' κι' αλάτι,
Όπου τα κοπελλομάθη δεν τα γεροντοξεχάνει,
Τον έκανε παστό,
Και συ κακά χερόβολα κ' εγώ κακά λημάρνα,
Γύφτικου σπίτ΄ καίτι κι προυκουπή γυρεύς,
Σα δεν ουντίσνι δε σμυθεριάζνι,
Ήρτανε τα άγρια να διώξουνε τα ήμερα,
"Τα σου λέει ο παπάς να κάνης, και τα κάνει να μη κάνης",
"Ζήσε μαυρέ μου, να φας το Μάη τριφύλλι και τον Άγουστο σταφύλι",
Όποιος πναει κουμμάτια νειρεύιτι,
Όπου γύφτοι και χαρές και ο Κουτρούλης μάγερας,
"Κόκκινα γένεια, μάτια γαλανά, ψυχή διαβόλου, κορμί του σατανά",
Τα νιάτα! Τα τρώει η γάτα,
Μουγκός γεννιέται,
Σ' αγαπάου σαν το χιόνι στον κόρφο,
Ποιός σούβγαλε το μάτι; Ο αδερφός μου. Γι' αυτό σου τόβγαλε τόσο βαθειά,
"Όποιος προβατεί σιγά-σιγά, παγαίνει τσ' όποιος διάξεται ξομένει",
Μου έσουξε τα δέντρα με τα φύλλα,
Πιότερα τα έξοδα του γάμου πάρα τα προκιά της νύφης,
Δεν εφανήσανε σαν της λαμπρής τ' αυγά,
Κρεμάκανε τ' αυτιά του,
"Με το νού και με τη γνώση, βρήκαν τον Θεό καμπόσοι",
"Της αγιάς Μαρίνας σύκο τ' άι Τσηρύκου φάε καρύδι, τ' άι Λιά φάει σταφύλι, πάρε τσαί στο πανηγύρι",
Κατέ τον άγουρο και το γαϊτάνι,
"Τ' αρνί α δε μπελάξη, γάλας δεν τρώει",
Αλί που τόχει η κούτρα του να κατεβάζη ψείρα,
Σ' αγάπη αδιαφόρευτη μη ρίχνης το σεβδά σου,
Σκοινί τα κρεμαστής δε σου δίνουν!,
Όποιος ανακατεύγεται με τα πίτουρα τον τρων οι κόττες,
"Το παιδί που θέλει να φάη ξύλο, παίζει με της μάνας του το δράχτι",
Λάου λάου πάει,
Όποιος δεν έχει μυαλό έχει πόδια,
Έχεις ένα τσεκούρι να μου δώσης; Τι έπαθαν τα τσεκούρια!,
Πεθαμένο μη με δης και ζουντανό όπως θέλεις,
Αν πάη ο Μάρτης βροχιανός τσ' ο Μάρτης μία τσαι φίνα αξίζει το λαφόπουλο μαζί με τη λαφίνα,
Ρήξε μια πέτρα στην ελιά κ' εγώ καταλαβαίνω πλιά,
"Όποιος προβατεί με μέτρα, ε φφοβάται ούτε την πέτρα",
Ο κόσμος τό χει τούμπανο και μείς κρυφό καμάρι,
"Καινούριο κοσκινάκι μου, και που να σε κρεμάσω και σαν παλιώσης, κόσκινο, που θε να σε πετάξω",
Παγαίνει κατέ πάνω κόρδα κόρδα,
Άλλα μου λεν τα χείλη σου τσ' άλλα μου λεν οι φίλοι σου,
Απ' Αύγουστο χειμώνα κι' από Απρίλη καλοκαίρι,
"Διάλεξα, διάλεξα στην κοπριά κατάντησα",
Τα λόγια χαλάν τ' ανώϊα,
Αναθεμα που δούλευε τα τρία τα Σαββάτα τα δυο τα ψυχοσάββατα και τ' άλλο τ' Άγι Θοδώρου,
"Όποιος πειναει για να πλουτήση, μόν' η πείνα θα του μείνη",
Αυτός είναι αντίκα του Λεβάντ',
"Όσο ο νος μου 'ς το ζευγάρι, τόσα βόδια να πομείνουν",
Πότε σ' έψαξα καλέμ κι δε σε βρήκα ντούρτα,
Γιέντι ου γύφτους βασιλιάς ;,
Πάρε γονιού ευκή κι ανέβα στο βουνό,
Το καϊμένο το κρασί την κραδιά μου τήνε σει,
Άγιος που δε θαυματουργάει δε δοξάζεται,
Αγκάθια ΄χει στον κώλο,
Έμαθε γδυτός κι ντρέπιτι ντμένος,
Το περίσσο χαλάει το ίσο,
Άνεμος σαββατιανός τη Δευτέρα γαΐδαρος,
"Ακάλεστος μουσαφίρης, καθάριος νοικοκύρης",
Η αγιά Βαρβάρα 'μίλησε κι' ο Σάββας απεκρίθη ο αγιό Νικόλας έφτασε με τα χιόνια φορτωμένος ή θα βρέξη ή θα χιονίση ή τα πρόβατα θα σταλίση,
"Αν απαντήσης αγά, δεσπότη, γάιδαρο καί γουρούνι, πώς χαιρετίσεις αυτούς; Ώρα καλή, αγά μου, μετάνοια, δεσπότη μου, γιά σου και συ γουρούνι, γάιδαρε",
Είν' αποκαής,
Τ'ν έκαμα σαν αρφανό κατσίκι,
Καλύτερα θεού οργή παρά γονιού καταρά,
Ο κουτσός με τόνα πόδι δώνει μια και πάει στη Πόλη,
"Με το δικό σου φαε πιε, αλισβερίσι μην κάμνης",
Όποιος δεν επέρασε τη νύχτα με φεγγάρι τσαί την αυγή με τη δροσιά τον κόσμο δεν εχάρη,
Τ' ακριβού το βιός σε χαροκόπου χέρι,
Η κότα σκαλιθρίζοντας βγέλλει τα μάτια της,
Του βαίνει του σ'τάρ' στου κουλουκύθ',
"Δευτέρα, Τρίτη στο χορό Τετάρτη στο βοτάνι",
Πρώϊμο πουλί πάντα πρώϊμα λαλεί,
Κόψε το χέρι σου και βγαίκα έξω να βρης γιατριά,
Όμοιος τουν όμοιον κ' η κουπριά 'ς τα λάχανα,
Τα μεταξουτά βρακιά θέλουν πεδέξξα σκέλια,
"Ο άντρας μου στα τσάγαλα, εγώ στα τσαγαλίσματα",
Μη φυτρώνεις κει που δε σε σπέρνουνε,
"Εμάθ' η γριά στα σύκα, όλ' ήμερα τ' ανεζήτα",
Θέλει κι ο δούλος μας καφέ να πάει με τα γίδια,
"Α Μαρία, σκατά το πλάκα",
Στον ήλιο λάσπ' δεν κολά,
Ποιός σόβγανε του μάτ; Αδερφός σου. Γι΄αυτό είναι έτσι βαθιά,
Αλλού τ' όνειρο τσ' αλλού το θάμα,
"Έτσι το φέρνουν οι καιροί, το φέρνουνε κ΄οι χρόνοι, να παιξ΄ο λύκος με τ΄αρνί κι ο μπούφος με τ΄αηδόνι",
"Ό,τ' είπαμε νερό κι αλάτι να γένουνε",
"Μουλάρι, ποιός είν' ο πατέρας σου; Τ' άλογο 'ν' ο μπάρμπας μου",
"Όπως τα βρήκαμε, θα τ' αφήσωμε",
Πήρε νύγ που δηυτέρα,
Για τσεράσσα ήρταμε ή για τροχαντήρα;,
Η πίκρα κόβει γόνατα κ' οι λογισμοί γερνούνε,
"Άμα σε πιάσ' ο βάτος, αίμα θα σου βγάλη",
Άγις Νικόλα βοήθα με- κούνα και συ τα χέρια σου,
"Τ' αμπέλι θελ' αμπελουργό, τσ' ο τσήπος θέλει τσηπουργό",
Αν κάμης καλά παιδιά τα ρούχα τι τα θέλεις κι' αν κάμης κακά παιδιά τα ρούχα τι τα θέλεις,
Ανασκουμπώνετ' ο γαμπρός κι η νύφη καμαρώνει,
Απρίλης θρέφει τ' άλογα τσ' ο Μάης τ' αγελάδια τσ' ο θεριστής παλιόβοιδα τα κάνει παλληκάρια,
Κακό βλήτο,
Το έξυπνο πουλί πιάνεται πο τα τέσσερα,
Η κασίδα στην κορφή και τριαντάφυλλο στ' αυτί,
Οπού χε τα πολλά κλαιγε τα λίγα μοιρολόγα κι' οπού δεν είχε ολότελα καθέταν και τραγούδα,
Άντρα θέλει η καρδιά μου τώρα στα γεράματά μου για να ιδού στην αγκαλιά μου,
Άντρα θέλου 'γω το βράδι τσ' ας μην έχη ο λύχνος λάδι,
Πέντε μέρες βρέχ' ο Θεός και έξι το παλιόσπιτο,
Ο Θεός να σε φυλάη από πτωχό άρχοντα κι από άρχοντα κασίδη,
Ο πουνέντης κι ο γαρμπής να φυσήξη και να ιδής,
Στάλα στάλα γεμίζει η σουβάλα,
Το αίμας νερό δε γίνεται,
Άλλος έχασκε (έχαξε) κι' άλλος εμετάλαβε,
Γης μαδγιάμ,
Άσπρη κάτασπρη δε φελά μόν να μελαχροινίζη να ντόχη τσαί η όψη της να ροδοκοκκινίζη. Άσπρη κάτασπρη δε φελά χωρίς το κοτσινάδι σαν το ψωμί τ' ανάλατο ας τιν' τσαί σιμιγδάλι,
"Τα μαύρα νέφη του βοριά, τα κόκκινα του νότου κι αυτά τα καταμέλανα του σκύλου του σορόκου",
Δεν έχουμε βάρκα θέλουμε και καϊκι!,
"Όταν κλέβουνε, μην κλέβεις, κι όταν διαλαλούν, μη φοβάσαι",
Κκιά λέπς κκιά μαρτράς,
Κάλλιο 'νους παρά νοικοκυρά παρά χίλιου γροσού δούλα,
"Σιγά, σιγά θα πιάσ' και μένα η σκύλα μου λαγό",
Σκύλα 'π' τή βιά τς κάν τά κτάβια στραβά,
Το παχιό αρνί έχει τον παρά του μέσα,
Που την είχε μέσ' τ' αυγό!,
Της Πεπαντής εχιόνιτσε κατά παντου εφάνη οι μύλοι αργοί οι δούλοι αργοί τσαι τα γαϊδούρια σκόλη,
"Κροτσίδα επαντρεύτηκε, κροτσίδα πήρε άντρα και τα Μισιροσκόλιδα κάθονται 'ς το σεντούκι",
Έφτιι ο γαϊδαρος δέρνανε το σαμάρ,
Αλιάς το νιο που δέρνεται το γέρο που τσοιμάται,
"Κόψε ξύλο κάν' Αντώνη κι από πλάτανο Μανώλη κι αν ρωτάς και δια το Γιάννη, ό,τι ξύλο κόψης, κάνει, μόν' ο μελεός δεν κάνει",
Αλλού καλόγηρος τσ' αλλού τα ράσα του,
Σαν την κόττα στη ντριστέλλα!,
"Πρώιμο πλι, πρώιμα λαλεί",
Πως ήτανε τ' αστέρια του ουρανού να τα τσιμπάνε οι κόττες,
Τί να το κάμης το αργυρό λεγένι και να φτής φαρμάκι μέσα,
Το ξέρει ή το 'μαθε κι ο κουφός βασιλιάς,
Όποιος βιάζεται ξωμένει,
"Μα τ' άστρου, μα του ουρανού, μα το λαμπρό φεγγάρι, η νύφη με την πεθερά οικοκυριό δεν κάνει",
Ντουνιά μ' Κυπαρισσία μ'!,
Κύλιτσε ο τσέτζερης και βρήκε το καπάτσι,
Έχ' αναγκ' του 'σκλι π τα σταφύλια,
Μυλωνάς τ' μυλωνά καλό δε θέλ',
Θέλει κι ο μούτσος κι η χελώνα κοινωνιά,
Αγάπαε η Μάρω το χορό κ εύρητσε άντρα χορευτή,
Παρηγοριά 'ς τουν άρρουστο ώστε να βγη ψυχή του,
Βρήκ' η νύφ μας το υνί που πίσω ζ μπόρτα,
Πανάθεμα τα βλίτα και που τα κάνει πίττα,
Απόξω κούκλα κι' από μέσα πανούκλα,
Δυο ξένες αλεπούδες σ' ένα ξένο περιβόλι,
Μπρός Μαρία τσαί πίσ' Αντώνης,
Ούλους τους μήνες φόβου του τσαί τ' Απριλιού τις έντεκα τσαί τ' Απριλιού τις δεκαφτά ξεράθη η πέρδικα στ'αυγά,
"Τους έβλεπα στο μήνα και ξάμηνα, πως λένε",
Τα μικρά δεν ήθελες τα μεγάλα γύρευγες γύρισ΄ το χερόμυλο κούνιε τσαι το διάολο,
Άσπρο' ν' το χιόνι στα βουνά σκυλιά το κατουρούνε μαύρο' ναι το γαρέφαλο πασάδες το βαστούνε,
"Άκουγε σακκοδεμένε τσαί στον τοίχο κομπισμένε, τα 'κατό γρόσα σίγουρα τσαί τη μελανή γαϊδούρα",
"Μ' όποιο δάσκαλο καθήσης, τέτοια γράμματα θα μάθεις",
Μου 'γινε κουνούπι,
Καρτερεί σαν τη αλπού με τ' κριαριού τ' αρχίδια,
Σαμ πιθάνου γω π του σναχ' τύφλα ναχ' άλλ' αναγκ,
"Τσ' από τον άντρα μαύρη 'μαι, τσ' απ' το θεό χλωμή 'μαι τσ' από τη δόλια πεθερά βαργεστημένη είμαι",
"Αφήσαμε το γάμο, να πάμε για παλούρια",
Ας είναι η δύση καθαρά και η ανατολή ας χιονίζει,
Είπανι του μουρλού να χέσ κι κάθσι κι ξεκουλιάσκι,
Αν δεν κουνήση η σκύλα τη νοριά της κανένας δεν πάει κοντά,
Σάν του διαόλου μι του λβάν,
Από τ' Άη Λιός γυρίζ ο καιρός αλλοιώς,
Άκουτσε τσ' ο κώλος λόγο τσαί ξεκούφανε τον κόσμο,
Φυσούσε κοριός σ' αυτό το σπίτ',
Σκάεις αυγό ή χύνεσαι ή το ζουμί σου πίνεις;,
"Από πίττα που δεν τρως, μη σε μέλλη κι αν καή",
"Κούρεφτον κασίδη, πάρτ' το μαλλί του",
Τα μεταξωτά βρακιά θέλουν πιδέξα σκέλια,
Άχημε μου και καλέ μου τι θα πρωτοφάμ' απόψε,
Καθάρια πίττα κάθεται καλόν αφέντη περιμένει!,
"Μηδέ το ράσο όσιο, μηδέ τα άσπρ' αφέντη",
"Ο λύκος κι' αν εγέρασε, ούτε τη γνώμη, ούτε την τρίχα τ' άλλαξε",
Εμείς οι βλάχοι όπως λάχει,
Της Αγιά Βαρβάρας βαρβαρώνει τ' Άγιου Σάββα σαβανώνει και τ' Άη Νικολάου χώνει!,
Ο τσαιρός πουλεί τα ξύλα τσ΄ο χειμώνας τα γοράξει,
Του ανθρώπου το πρόσωπο είναι σπαθί,
Δούλευγουν τ' άλογα τσαί τρώνε τα γαϊδούρια,
Όποιος γυρίζει μυρίζει κι όποιος κάθεται βρωμάει,
"Τρεις που μ' έχεις, τρεις που σ' έχου, Αύγουστος, Αυγουσταρέλλος τσαι της Παναγίας ο μήνας, δικό μας είν' το παιδί",
Άπλωσε τα πόδια σου όπο το πάπλωμά σου,
Έπεσε με τη σκέπ!,
"Ξένο γάιδαρο καβαλλικεύεις, μισόστρατ' απομένεις",
Μι του μπάρμπα σ σκόρδα μη φτεύς,
Το ψέμα ψούγεται κ' η αλήθεια βασιλεύγει,
Όπ λαλούνε πουλλοί πιτνοί αργεί να ξημερώσ,
"Όντας δειπνάνε γ' άρχοντες, γύφτ' μαγειρεύνι",
"Κάτσε, μαύρε μου, να φας το Μάη σταφύλλι",
Σκρόφα πιδιμούς δεν είχε τα γουρνόπλα παίδηνι,
Ούλους τους μήνες φόβου τους και του Απριλιού τις έντεκα και στις δεκοχτώ να χης το νο σου μαζεχτό,
"Γιατ' έχω την τσιμπίδα μου, να μην καίω τα χέρια μου",
"Τη Δευτέρα πάει στο μύλο και την Τρίτη πάει το παίρνει, την Τετράδη κοσκινίζει και την Πέφτη το ζυμώνει, την Παρασκευή φουρνίζει, το Σαββάτο ξεφουρνίζει και την Κυριακήν ερώτα: Κάνουν οι γυναίκες ρόκα;",
Πέρσι κάη φέτι βρώμητσε,
"Όποιος καεί που' ντ κουρκούτ, φσάει κι ντ διαούρτ",
"Τση καλομάννας το παιδί στους πέντε μήνες κάθεται στους έξι καλοκάθεται και στους εφτά και στους οχτώ παίρνει τη στράτα, στράτα",
Δεν πάμ' να γελάσουμε τις πεθαμένοι,
Μεγάλη χαψιά φάε τσαι μικρό λόγο πες,
Το κοντό το γομαράκι πουλαράκι το φωνάζουν,
"Όποιος μπδάει παλούκια, θα χουθή κάνα 'ς τον κώλο τ'",
Όποιος έχ' πουλύ πιπέρ' βάν κι 'ς τα λάχανα,
Το άλλο; Το έφαγε η γραία η Κρουστάλλω,
Φάε σκόρδο το ταχύ κάμνει το άντερο παχύ,
Το βουβάλι κι αν ξεπέση πάλι βουβαλιές μυρίζει,
"Νέο Σαββάτο, νέα δράχτι",
Ή μικρός πανδρέψ ή μικρός καλουηρέψ,
Του λωλού όλα του είχαν λωλά κι ο γάμος την Τετράδη,
Ακριβά πουλειε και δίτσα ζύγιαζε,
Ούλ' η σκασίλα στ' αντρού μ' το θάνατο,
"Από Μάρτη καλοκαίρι κι από Άουστο χειμώνα, μήτ' απ' Άουστο χειμώνα μήτε Μάρτη καλοκαίρι",
Σάν ήτανε δλειά καλή ν έκανι κί δεσπότς,
Όυλη μέρα δουλημένος κι του βράδ' κουρουμπλιαμένος,
Να χα μάννα 'ς τη κομπόδεση και αδερφή 'ς τη ξύφαση,
Άσκοπος ο νος διπλός ο κόπος,
Πάει το νερό στην Κάτσαρη; Μεις το κάνουμε και πάει,
"Από τα ψηλα΄στα χαμηλα, 'πο τα πολλά στα λίγα, 'πο τα καθαρά άλογα στα κουντούρια γαιδούρια",
Σάββατου κουντουγιορτή δω κοντά ειν κι Κυριακή,
Εκύλησε ο τέντζερης και βρήκε το καπάκι,
"Ο γάμος εμπροσδιάβαινε, κι΄η γριά ξεροτυμπάνιζε",
Ή ζευγάς ή παπάς (γένου),
Σαν αρφανό κατσίκ' (την κοιλιά μου),
"Όταν διης τον πειρασμό, δέξου για αγιασμό",
"Αλλού με τρίβγεις, γούμενε, τσ' αλλού 'χου γω τον πόνο",
Θέλει να 'ης (να έχης) λ'γάκ' προυζύμ',
Θες να 'βρεξης κώλο να φας ψάρια,
Όσο να θερίσουμε Βασίλη κυρ Βασίλη και σαν αποθερίσουμε που σ' είδα βρε κασσίδη,
Με άνθρωπο κάθησε και νηστικός σηκώσου,
Να δω θα πηδήξη τ' αυλάκι ή θα βροντήξ' το κρούπι,
"Απ' την πολλή αγάπη που σούχα, άντρα μου, ξέχασα και τονομά σου",
"Παπά χωράφι, παπά γαϊδούρι",
"Όσες πράσινες φοράδες, τόσον να ζουν οι πεθεράδες",
Άγια μου Παρασκευή δοσ' μου σύκα και σταφύλι Παρ' το καλαθάκι σου και έλα,
Άκουγε σατσί δεμένο τσαί στο – ν – τοίχο κουμπησμένο,
Νίψ' κι' πουφάγαμι,
Τα ξένα πένει τα και μη τα περπατής,
Όντας κιμάτι ψουμί δε γυρεύ,
Αλπού κατό χρονού τ' αλπόπολου κατό δέκα,
Το ριξε κουμπούρι,
Κομμάτι γυρεύεις καρβέλι σου δίνει,
"Αλεπού δεν χορούσε στην τρύπα κολοκύθια, άζευε",
Τ Αη Λιά στουμπά λιά,
Εκαμές το κι ώμοιασέ σου,
Του Γεναριού το ξάστερο και του Μαρτιού τ' απόγεια,
Κάπως μουλουγάει φλάσκα ούτι φέτο Λαμπρή ούτι τ' χρόν' Πάσχα,
Ο πλιγμένος πο τα μαλλιά του τράνειεται,
Τα Νικολοβάρβαρα κ' οι τοίχ' αποξυλώνουν,
Άντρας μου θέριζε κ' εγώ εσταχολόγαα,
Κολοτσύθθια 'ς το πατερό,
Το κρασί το νερωμένο δε σηκών' αρρωτημένο,
"Μαλώνουμε, συνυφάδα; Στα νύχια στέκουμαι",
Καλύτερα να βάνης στην κοιλιά σου ένα πράμα παρά στο νου σου,
Ράβε ξήλωνε δουλειά να μη σου λείπη,
Ο άνθρωπος είναι γλυκός σαν το μέλι τσαί βαρύς σαν το μολύβι,
Λύκος 'ς ν ανεμοζάλ χαίριτι,
Κόρακας κουράκ' μάτια δε βγάν,
Όποιος έχει σίδερο γιατί να καίη τα χέρια του!,
Ας φά' η γουλάμα τσ' ας κοπή η ποδάρα,
Ένα μήλο καί κείνο ξινό,
Είνι που να μην του ιδή κακό μάτ',
"Της Άγια Μαρίνας σύκο, τ' Άη Λιά σταφύλι και τ άγιο Παντελεήμονα γεμάτο το κοφίνι",
"Άλογο σπαθάτο, μουλάρι καμπουράτο",
Κάκιουσι Σαρδέλινα κ' έυσε του μαγέρεμα,
"Έχουν τ' αντρόγυνα κατσά, νάχουν τ΄αδέρφια αμάχη ενάχη τσ' μάνα με παιδί, ως που να μπή τσαί νάβγη",
Μπάτε σκύλλοι αλέσετε τσ' αλεστικά μήν παίρετε,
Μ' αναγελάεις παίρεις με και το αναγέλιο τό χεις,
Μη κυττάς το στραβό μου ποδάρι κύττα την ίσα μοίρα μου,
"Με τον εδικό σου φαε, πιε, αλεσβερίσι μη κάνης",
Ελίγια μ' αγριλλίγια μου πότε μεγαλώκατε πότε ποδαρώκατε,
Η κουπαρία λέει της κοπέλλας βγάλε με γιατί θα σε βγάλου,
Άμμα έχεις το σπίτι σου αβόλευτο καττέριε μουσαφίρι,
Δράκου δόντι νάχης δε γλυτώνεις,
Δεν τουν αρουτάνε που ξιφουρτών οι γύφτ,
Κάμνει ο πίθος κι ο ρωγός κι ακούει η κερά καματερή,
Δός κι' εμένα δός και του παιδιού μου κι' άντρας μου στην πόρτα στέκει,
Από Μάρτη καλοκαίρι και από Αύγουστο χειμώνα,
Μεις οι βλάχοι όπως λάχη,
Πρώτα θα δής το γείτονα και ύστερις τον ήλιο,
Ούλα τά χ' η Μαργιορίτσα μόν' ο φέρετζες τής λείπει,
"Κάσσε, πραματάτσι μου, 'ς τον τόπο σου, τσαί λόγια μη μου κάμνης",
Θέλ' ο τάτας μου και κλάν' η μάννα μου,
Τον κάβουρα τον παν' στο στρώμα τσ' αυτός πάει στημ φρούπα,
"Γι' αυτό έκαψα την γούνα μου, να μη με τρων οι ψύλλοι",
"Το δειχτομούνι που 'δα 'γω, νε Λαμπρή νε Κυριακή",
Το σκατό του παξιμάδι κάμνει,
Του αγίου Φιλίππου φιλεί κ΄πούλια το βουνό,
"Δανείσου καλοπλήρωσε, πάλι μεταδανείσου",
Σ το ξένο μαγέρεμα αλάτι μη βέλλης,
Πέκανε τ' αστέρια και τα τσιμπάνε οι κόττες,
Τα λόγια του ήσαν σαν καρφιά,
Τς νύχτας τα καμώματα τα λέπ η μέρα κι γελάει,
Ο κόσμους τό χει τύμπανου κ' μεις κρυφό καμάρ,
"Άντρας μου, βασιλιάς, εγώ βασίλισσα, αδερφός μου βασιλιάς, εγώ δούλα του",
Άντρας μι του φκυάρ να γκουβαλάη κη γναίκα μι του βελόν να σκουρπάη σπίτ δε φκιάν,
Αλληλούια βρε παιδιά με το ζόρι παντρειά,
Ως που να ανέβη και να κατεβή το σπαθί έχει ο Θεός,
Οι ακαμάτες κι' οι τρελλές έχουν τις τύχες τις καλές,
Σα ματαγενου νύφφη ξέρου πως καμαρώνου,
Ψουχρά κι ανάποδα,
Κόττα πίττα το Γενάρη πετεινός τον Αλωνάρη,
"Παρασκευή τον άντρα σου, Τετράδη τα παιδιά σου",
Άνθρωπος σαν θα γεράση δύσκολα θα τον γελάσης,
Λάκκον έχει ο φάβας,
"Τετράδη και Παρασκευή τα νύχια σου μη κόψεις, και Κυριακή μη χτενιστής, αν θέλης να προκόψης",
Του γείτονα το σπίτι κάεται καρτέρειε και το δικό σου,
Όποιος έχ' τ μύγια μγιάζιτι,
"Θέλοντας ο βλάχος μη θέλοντας ο ζωγράφος, φόρεσε κι εσύ, Χριστέ μου, κόκκινα τσαρούχια",
Άδεια π΄έχει ο Γιώργης να πάη στο στρατιωτικό,
Άνθρωπο από σειριά και σκύλο από μάντρα,
Η παντρειά είναι χαλκουματένιο ποκάμισο,
Όποιος βρίσκει και φιλεί τύφλα τον κι αν παντρευτή,
Μήτε το δ ν'α μήτε,
Άνθρωπος απ' ανθρώπου και σκυλί από μαντρί,
Περβατάει αγάλι αγάλι,
"Ό,τι δεν σε νοιάζει μη ρωτάς",
Ανάθεμα το Γρίμποβο με τον ανήφορο του περσσότερο είν' ο κόπος του παρά το διάφορο του,
Πέτρα πελεκημένη στο δρόμο δεν απομένει,
Φάει κυδώνι να σου διαβούν οι πόνοι,
"Τούμπανα στην γειτονιά, δέξου τα και στη γωνιά",
"Αν έχασες το δρόμο σου, ή ρώτα ή κάνε πίσω",
Βάλε ελιά γιά τά παιδιά σου καί μηλιά γιά τήν κοιλιά σου,
Ο γέρος κι αν στολίζεται στην ανηφοριά γνωρίζεται,
Το μικρό είναι μεγαλύτερο από το Δεσπότη,
Μίσεψε για τα ξένα,
Σαν μπέης περνάει,
"Αν δεν στίψης το κερί, μέλι δεν βγαίνει",
Σαν πάρης ρούχα δανεικά και ξένα δαχτυλίδια ή νύφη ας κουρεύεται με δεκαχτώ ψαλλίδια,
Ο λύκος από τον καημό του βωδιών αγλύφει το ζυγό,
Έφαγε μια πατσιαμούρα,
"Δό μου κυρά, τον άντρα σου και πάρ' τον κόπανό μου",
Από τα πολλά που χάλειψες μπέη μ' ψωμί και τυρί θα φάμ' απόψε,
Όλο το κόσμο ρώτα και το μυαλό σου πρώτα,
Έγινε σκορποχώρι,
Σαν την γάτα με το σκύλλο,
Αλλοιά του που δεν έχει νύχι να ξυθή και περιμέν' απ' άλλον,
Ζαμάτησε τον πετεινό να τον καλομαδήσης,
Σαν πεινώ και δε νυστάζω όσο θέλεις σκέπασε με,
Σαν πεινας και δε νυστάζεις όσο θέλεις κουκουλώσου,
Καψοβράκουλας γαμπρέ,
"Όσο να σηκώση το ένα πόδι, βρωμάει το άλλο",
Κριάρι ξεκομμένο το τρώει ο λύκος,
Κακοψοφάνε σαν τα σκυλιά στ' αμπέλια,
"Έμαθα και βελονιάζω, γαμώ και το μάστορά μου",
Σαν τα γαιδούρια στο Κουρτέσι,
Όποιος κυνηγάει δυό λαγούς τσου χάνει και τσου δυό,
"Η γυναίκα που τρέμει τον άντρα, αγαπά τον εραστή",
Όσα όσα τα 'δωκε,
Έχει ένα κεφάλι σαν καζάνι,
Όποιος φτιάνει το λάκκο τ' αλλουνού πέφτει ο ίδιος μέσα,
Άδικος ο νους διπλός ο κόπος,
Αυτός δεν δίνει ούτε τις θέρμες τον Αύγουστο,
Λύκο γλέπαμε και τωρό χαλεύομε,
Πότι να γίνω μάστορας να φάω κεφάλ' από πράσο,
"Το πεινασμένο το γαϊδούρι τρώει ό,τι του τύχει",
"Δανείσου, καλοπλήρωνε και μη ξεχνάς τα χρέη",
Λασπωμένος είναι,
"Σαράντα χρονών γάιδαρος, περβατησιά δεν άλλαξε",
"Κάλλια βελάντα στο βουνό και με τον κώλο μέσα, παρά σταρ στον κάμπο και με τον κώλο όξω",
Ρόδα είναι και γυρίζει,
"Κόρη όσο ειν' ανύπαντρη ταράζτε η ποδιά της Κι αν παντρευτή κι αγκαστρωθή, φαίνετ η λεβεντιά της",
"Κοντή γυναίκα πέρδικα, ψηλή σαλαμαντόνα",
Γουρούνι τοξύγγι εκεί που τόβαλε τ' αφήνει,
Πιάστον τον ξυπόλυτον και πάρ' του τα παπουτσια,
Έμαθε αξυπόλητος και κρυώνει παπουτσωμένος,
Σκότωσε ζουρλούς και πλέρωσε τζερεμέδες,
Η πείνα περνά απ' όξω π' το σπίτι της δουλειάς και μένει όξω,
Όποιος ανακατεύεται με τα πίτουρα τον τρων οι κόττες,
"Έχε ξύλα για τον Μάρτη, να μην κάψης τα παλούκια",
Πέντε σου και πέντε μου και κάτσε παραπάνου,
Φρονίμων (των) τα παιδιά πριν πεινασουν μαγειρεύουν,
Κάλλιο λάχανα και ρήνει παρά ζάχαρη και γκρίνια,
Θέλω ν' αγιάσω αλλά δεν μ' αφίνουν οι διαβόλοι,
"Ξύλο, το κι΄ η βρισιά δε βγαίνουν στην πλησιά",
Κουφού καμπάνα κι αν κτυπάς,
"Κί χίγκρι, χίγκρι",
Κάτου ο αγάς πάν ο καράς,
Ανταμικό γομάρι ή του λύκου ή του ψόφου,
Του έστριψε η βίδα,
Σαν ο τσεμος με το Μήλιο,
Λάχανα στη μάννα μου λάχανα στον άντρα μου κάλλιο με τον άντρα μου πάρεξ με την μάννα μου,
"Τα σάνταλα τα μάνταλα, κι ο γάμος την Τετάρτη",
Το αψύ το ξύδι τρώει το αγγειό,
Παππάς δεμένος γράφει και ξεγράφει,
"Ξέρει ή κάκω μοναχή της. Είτε αυγά και τυρί με βούτυρο θα τηγανίση, είτε κότα θα σφάξη και πήτα θα μας φτείαξη",
Το μέλλον αόρατον,
Να σκιάζονταν ο λύκος τη βροχή έφκιανε και κατσιούλα,
Απ' έξω μπέλλα – μπέλλα κι από μέσα κατσιβέλλα,
"Αν αλήθεναν οι ευχές, ο διακοντάρης θα πλούταινε",
Τον είχε ραγιά και τον έκανε αγά,
Καλομάννας τση το παιδί το πρώτο ναν' κορίτσι,
"Ο λύκος την τρίχα του αλλάζει, την ομπλή δεν την αλλάζει",
"Δεν είδ' από το πρω στο γιομά, θα ιδώ πο το γιόμα πάνου;",
Απαντοχές στον άρρωστο όσο να ξεψυχήση,
Βαρούν βιολιά,
Κακή διαχείρησις καταστρέφει τον πλούτον,
Σκόρπισαν σαν τα παιδιά του λαγού,
Έπιασε τον πάπα από τ' αρχίδια,
Ο γαμπρός γυιός δεν γίνεται κι η νύφη θυγατέρα,
Η δύναμις στον άνθρωπο είναι το πορτοφόλι,
Ευλάβεια μικρού παιδιού χαρά του διαβόλου,
"Κάλλιο γαιδουρόδερνε, παρά γαιδουρογύρευε",
Κακά μαντάτα του γαμπρού (ή κακά χαμπέρια) η νύφη κατσιδιάρα,
"Έκανα ψωμί να φάω, από το Άη – Δημήτρη, ως τον Άγιο Νέστορα",
Όποιος κακά φουρνίζει στραβά καρβέλια βγάζει,
Το πολύ περίσσιο χαλάει το ίσιο,
Όπου πηδά η γίδα φτάνουν όλ' οι τράγοι,
Τον έγδαρε ζωντανόν,
"Το κατ' κεφάλι, τρώει τ' απάνω",
Κατά το δάσκαλο και τα παιδιά,
Άσπρο μου βιό γιά το μαύρο μου καιρό,
Ζητουλης και φαγάς πάει και γίνεται παπάς,
Κουβέντα κουβεντούλα τρώει ο λόγος την βετούλα,
Με το νου της η κόρη πλούταινε,
"Αμαρτία λεγαμένη, μισή συγχωρεμένη",
Του μεθυσμένου και τα φρόνιμα τα λόγια τα παίρνει ο άνεμος,
Μου τριψε αγουρίδα στα μούτρα,
Που δόντια γιά μέλι ...,
Όποιος βιάζεται σκοντάφθει,
"Λέγε, λέγε το κοπέλι, κάνει την κυρά και θέλει",
"Άσπρον κόλο πόχει η νύφη, νάχαμαν και μεις οι γύφτοι",
Εννιά και μία δέκα ν΄ ακούς και τη γυναίκα,
"Αν δεν βρέξης κόλο, δεν τρώς παπί",
Το μάτι είναι κοτής κι' ο πλάτης είναι μπούρας,
Τ' άη Μηνά που μήνυσα και τ' άη Φιλίππ αυτού είμαι,
Τείχες Γιάννο; ότ είχα πάντα και τα πρόβατα σαράντα,
Πλύσιμο σ' αράπη κάνεις κόπο και σαπούνι χάνεις,
Άσπρον κώλο πώχει η νύφη νάχαμαν και μεις οι γύφτοι,
Θα σπείρωμε σπανακια,
Πέντε βώδια δυό ζευγάρια,
"Χαράμ παράς για μπινα, για ξινα",
"Ούτε το διάλό σου να δής, ούτε το σταυρό σου να κάνης",
"Κλαίν οι χήρες, κλαίν κι οι παντρεμμένες, κλαίν' και κείνες πούχουν από δυο",
"Ράβε, ξύλωνε δουλειά να μη σου λείπη",
Όλοι κλαίν το χάλι τους κι' ο μυλωνάς τ' αυλάκια,
Όποιος αφουγκράζεται τα δικά του ακούει,
"Σαν πεινώ και δεν νυστάζω, όσον θέλεις σκέπασε με",
Μάρτης είναι χάδια θέλει. Πότε γελάει και πότε κλαίει,
Αδειανό σακκί όρθιο δεν στέκει,
"Από πού 'σαι κλωναράκι, απ' εκείνο τό δεντράκι",
Περγελασμένο μου παιδί και πρώτος νοικοκύρης,
Βαπτίζω και μυρώνω άρα ζήση και δεν ζήση,
Όπως ήυρες νύφη όχι όπως ήξερες,
Αρχείδια (τ') τον στη στάχτη και τ' ανάμι του στην πόλη,
Το καλό το σύκο οι γκάτζιες το τρώνε,
"Κάλλια για τα, παρά πουν' τα",
"Έχει κι' η τρίχα ήσκιο, κι' ο μήρμηγκας χολή κι' η μύγα σπλήνα",
Ποιός σούβγαλε το μάτ'; Ο αδερφός μου. Γιαυτό σ΄τόβγαλε τόσο βαθιά,
Βήκε το ίσιο 'ς το μεϊντάνι θα με κάμη να χεσθώ,
"Πήγα εις τα Πράδαλα, βρήκα τρύπα, τάβαλα. Ακουσα κάτι ντράβαλα (φασαρίες), σκιάχτηκα και τάβγαλα. Πάψανε τα ντράβαλα πάλι τα ξαναβαλα",
Πάρτε με κι ας κλαίω πάτρε και την ρόκα μου πίσω από την πόρτα,
Διαόλου κάλτσα,
Γαιδούρι ξεσαμάρωτο,
Ζιώ μ' αφακόσπορα,
"Και τα πρόβατα σωστά, κι΄ο λύκος χορτασμένος",
Σούειπαμαν κυρά μ' να κλάνης όχ' και να το παρακάνεις,
Δουλειά δεν είχε ο διάολος και χτύπαγε τα παιδιά του,
Όποιος έχει πιπέρι βάζει και στ΄ αλάτι,
Κότα – πήτα τον Γενάρη κόκαρας τον Αλωνάρη,
Εκεί πού μας χρώσταγαν μάς πήραν καί τό βόϊδι,
Θα το δής στην συκιά,
Έχει το μυαλό του στο κεχρί,
Δεν είναι πέννα και ζαλκιά μόν' είναι ντέρτι 'ς την καρδιά,
Κουκί 'ταν κι 'έσκασε,
"Πες μου τι έσπειρες, να σου πω τι θέρισες",
Ξέρ΄ ο βλάχος τ΄ είν΄ ο σφούγγος;,
"Άντρα μου 'ρθε η προκοπή, φέρ' τα γένεια σου να γνέσω",
"Όποιος κλείνεται στον εαυτό του, Δεν το νοιάζει η φυλακή",
Όποιος πάρει και δε βάνει γλήγορα τον πάτο φτάνει,
"Άνθρωπος (ο) τον άνθρωπο ατός του κι απατός του, κάνει κακό του λόγου του και χαίρεται ο οχτρός του",
Τ' αμπέλι θέλει αμπελουργό και το καράβι ναύτες,
Το σαμάρι ξέρει πόσες πληγές σκεπάζει,
"Φάει λάδι, κι' έλα βράδυ",
"Ό,τι βγάλει η Πρέβεζα",
Χορεύει Καραϊσκάκης,
"Άλλο το βήξιμο, άλλο το κλάσιμο",
Το ράσο δεν κάνει τον παπά,
Να σου πη ο παπάς στ' αυτί κι' ο χότζιας στο κεφάλι,
Ο λόγος σου με χόρτασε και το φαΐ σου κράτα,
Σαν βασιλιάς μου κάθεσαι,
Τ' όγινε μοίρα,
Αν έκαναν όλες οι μέλισσες μέλι θα 'τρώγαν κι οι γύφτοι,
Πως παν τα παιδιά σου κόρακα; Όσο παν όλο μαυρίζουν,
"Να 'μουν το Μάη μπιστικός, τον Αύγουστο ντραγάτης",
Καλό είναι το πετροχείλι αλλά χρειάζεται και το καρυοφύλλι,
Να μείνης σαν ο κούκος,
Κουβέντα κι' ο χορός είναι σπιτοχαλασμός,
Έχεις το μυαλό στο κεχρί,
Άρον τον κράββατόν σου και περιπάτει,
Αν δεν αργάσης το πετσί παπουτσι δεν γίνεται,
Δουλεύει σαν σκυλλί,
Έχει κωλοκαψίδα,
Αγουροφάης πάντοτε κερδίζει,
Λύκος με μυίγες δεν χορταίνει,
Τώρα σε θέλω κάβουρα πως περπατάς στα κάρβουνα,
Ο καλός ο μύλος τ' αλέθει όλα,
Σκύλα (ή) από τή βιά της κάνει γκαβά τά κουτάβια,
Πέρα βρέχει μέσα τρέχει,
Κάνε με νοητόν για να σε κάνω πλούσιον,
Έγιναν σούσουρο μιτουχουργιακό,
Πάει για μαλλί ανήλιαγο,
Κλωτσειούνται τ' άλογα αλιά απ' τα γομάρια,
Το ήμερο αρνί βυζαίνει δυό μανάδες. Το άγριο ούτε την δική του,
Αδικιάς σπειρί σπαρμένο κι αν φυτρώση δεν σταχυάζει,
Άναψε του διαόλου ένα κερί για να σε κάμη να χεστής,
Το καλό είναι κατ' από τον αφαλό,
"Α δε βρέξει θα σταλάξη, εσύ κάμε τη δουλειά σου",
Παροιμία που λέγεται για να δείξη ότι επιζητής μόνος σου το κακόν και το πάθημα,
Νάχαμαν γάλα θα τρίβαμαν αλλά μας λείπει το ψωμί,
Όλα έρχονται με τον καιρόν ΄ς τον τόπο τους,
"Αν εχάθηκαν τα σκουλαρίκια, η αρχοντιά απομένει",
"Ανάρια τα σκόρδα, αν θέλης να χοντραίνουν",
Τα καρύδια τα καλά λίγα είναι κι ακριβά,
"Πριν να σκεφθή ο νούς, η γλώσσα να μην τρέχη",
Κάλλα γνωμικός παρά αντρειωμένος,
Σαν σκυλλί δούλευε,
Μην το λες ούτε του παπά,
"Εκεί που δεν σε σπέρνουν, να μην φυτρώνης",
"Και παρακάτ', θειακούλα μου",
"Από τον καημό του βοϊδιού, αγλύφει ο λύκος τον ζυγό",
Ζωντανές θε να τις θάψω τώρα που βρήκα το παπά,
Ούτε είχε ο παππούς γουρούντο ούτε νάχει,
Άλλα λες κι άλλα μου κάνεις,
Πείσμωσ' ο καλόγηρος κι' έκοψε την πουτσα του,
Η αλήθεια έχει πίκρα,
Αλλού τρως και πίνεις κι αλλού πας και το δίνεις,
Λύκο (το) βάνει πιστικό το σκύλο τυροκόμο,
Είναι σκυλί παραδομένο,
Ο λύκος με μηνύματα δεν χορταινει,
"Παντού νόμος, όχι και στα μάτια",
"Αν πεθάνω από συχάχι, τύφλα να 'χη η πανούκλα",
"Μάζενε σταφύλια, άφηνε και ρόγες για να ξαναβρής",
Όποιος βάζει το δάχτυλό στο μέλι το γλείφει,
Λείπει η σέλλα τού βρακιού τά δυό τά πεδινάρια,
Ο χορτάτος τον νηστικόν δεν τον πιστεύει,
Ξέγραφτον από τα δευτέρια σου,
Παππά παιδί διαόλου αγγόνι,
Πείσμωσ ο καλόερος κι έκοψε την πουτσα του,
Κάλλιο το μάτι του παιδιού πάρεξ τ' αρχίδι του γαμπρού,
Άνθρωπος τα εννοεί και ο Θεός τα οικονομεί,
Χωρίς παράδες ούτε η μάνα του πατέρα δεν το δίνει,
Παστρικός ουρανός αστραπή δεν φοβάται,
Κρύο καιρός για δύο,
Όπου δεν σε σπέρνουν μη φυτρώνης,
Όσα θέλεις γύρευε κι όσα θέλ' ο Θεός σου δίνει,
Δεν τα τρώει η γάτα τα ψάρια,
Λάχανα στη μάννα μου λάχανα στον άντρα μου κάλλιο με την μάννα μου πάρεξ με τον άντρα μου,
Καλλίτερα να σε μισούν παρά να σε λυπιούνται,
"Και τα πρόβατα σωστά, και ο λύκος χορτάτος",
Σαν θέλει η νύφη κι' ο γαμπρός τύφλα νάχη ο πεθερός,
Δεν μ' ακούν οι μυλωνάδες,
Κάθε εμπόδιο σέ καλό,
Κάθε ώρα έχει την φροντίδα της κι η νύχτα τα ονειρά της,
Άξιος στο φαΐ κι αγλήγορος στον ύπνο,
Να ζήσης σαν ο κόρακας,
Άνεμου μαζώματα διάολου σκορπίσματα,
"Σκώνομαι απ' τό πρωΐ, όσο να ποδέσω τονα (το τσαρούχι) βήκε ο ήλιος πάει γιόμα, όσο να ποδέσω τ' άλλο, πάν τά πρόβατα στο στάλλο",
Η βόμβα έσκασε,
Γυναίκα και καρπούζι δεν διαλέγονται,
Κόφτει μπούνες,
Αγίου (του) που δε σέ βοηθά κερί νά μή τ' ανάψεις,
Πές μου εσύ τί είσαι κι άσε τόν πατέρα σου,
Όποιος μικρομάθει δεν μεγαλαφήνει,
Όποιος ξέρ΄ να καρτερή στο τέλος λαβαίν την αμοιβή,
Πάει για μαλλί απ' ανήλιο,
Καλά είναι τα φαρδομάνικα μα τα 'χουν οι δεσποτάδες,
Μονή η γνώση διπλός ο κόπος,
Κρύψου χούγιαξε,
Του είπ' ο διάβολος ώρα καλή,
Πήγε σαν το σκυλί 'ς ταμπέλι,
Της κοντής της πούτσας τα μαλλιά της φταίνε,
Σαμάρι ξέρει πόσες πληγές σκεπάζει,
Όλο σατσιμάδες ρήχει,
Λείπει ο Μάρτης από την Σαρακοστή,
"Αναθεμα ποιόν δούλευε τρία καλά Σαββάτα, Κριατινής και Τυρινής και τ' αϊ – Θοδώρου αντάμα",
Να μην λιάση η αρκούδα τ' αρκουδόπουλα,
Ποτήρι φέρνει γύρα,
Τήρησα να τον σκιάξω και με πατάγωσε,
"Βάζεις ζεύλα στο λαιμό σου, θα μπης και στο ζυγό",
"Ακόμα δεν τον είδαμαν, Γιάννη τον φωνάξαμαν",
Σαράντα μύγες έκατσαν στον τσιόκο του Κοράκη,
"Μην κάνης, μη σου κάννουνε, μην πης να μην σου πούνε",
Που ψόφ'σε λύκος,
"Αμπέλι του χεριού σου, συκιά του γονιού σου, ελιά του παππού σου",
Με τον κώλο δουλειά δεν γίνεται,
"Τον παπά γνωρίζουν όλοι, ο παπάς γνωρίζει λίγους",
Μαύρα γεννήθηκα σκόενα θα πεθάνω,
"Όποιος πνίγεται στήν πρώτη την βουτιά, πάντα πνιγμένος είναι",
Γρόσσια στο πουγκί ψάρια στο βουνί,
"Ρήνεια μόνοια,νά σκάσουν τά δαιμόνια",
Αχόρταγο κι αχάριστο να μη βοηθάς ποτέ σου,
Κακκαρίζοντας η κόττα προδίδει τη φωλιά της,
Δεν έχει πίστι και νόμο,
"Κυνηγάει τον καυγά, σαν η μύγα το σκατό",
"Τι με μέλλει εμένα, για του Χατζιαλή τ' άρνια;",
Γριάς τση τον έπαινο ο ανήφορος τον δείχνει,
Ναύτης (ο) με τον ήλιο κι ο χωριάτης με το λίχνο,
Όχι αυγό μόν' αυγοζούμι,
Τι με μέλει εμένα για του Χατζιαλή τ' αρνιά,
Το πάθημα έγινε μάθημα,
Νόστιμα τα κούμπλα για κείνους που πειναν,
Πρέπει να κουνήση η σκύλλα την ουρά της για να πάη ο σκύλλος,
Για καλό και για κακό ας είναι και μια σαρμανίτσα στο μαναστήρι,
Είδε τον μαλλιαρόκολο,
"Το νερό άμα περάση σαράντα λιθάρια, πίνεται",
"Αν είχε η ζούρλια κέρατα, θα φαίνονταν σε όλους",
Ακάλεστος (τον) στο γάμο μεσ στον πάτο τον καθίζουν,
Οσο βιάζεται η γριά τόσο κόβεται η κλωστή,
Θα σπείρωμε βλίτρα,
Λάχανα στην μάννα μου λάχανα στον άντρα μου κάλλιο με την μάννα μου πάρεξ με τον άντρα μου,
Δουλεύει λαγούμι,
Το πολύ δεν ωφελεί,
Καλή (η) μέρα φαίνεται από το πρωΐ,
Το μαλλί τσ' Αγόρης,
"Απ' τα καλά τα κερδεμένα, παίρνει ο διάολος τα μισά. Απ' τα κακά τα κερδεμένα, παίρνει αυτόν, αυτά και μένα",
Πούθε είσαι γυνέκα μου ; π΄ εκεί που είναι η γυναίκα μου,
Στις τριανταέξ Αυγούστου,
Σαν ο σκύλους με τη γάτα,
"Για καλό και για κακό, ας είναι και μια σαρμανίτσα στο μοναστήρι",
Αν δεν γκυλισθή ο γάιδαρος ουρανό δεν βλέπει,
Νιου (του) πρέπουν τα νιάτα και του γέρου η αρμάτα,
Και παντρεμένος γάιδαρος κι ανύπαντρος γομάρι,
Είπε την ψείρα μπούμπα τον ψύλλο καπετάνιο,
"Πάλι εμείς κι εμείς, πάλι ο Αλή πασάς Βελής",
Βγάλε την σκούφια σου και χτύπα με,
Γυναίκα από σόϊ και σκυλί από κοπάδι,
Χαρά στον αξιώτερο,
"Γάιδαρος είναι, γάιδαρος και σέλα να φορέση",
Σπείρε κιχρί και μάζωνε δουλειά να μή σου λείπη,
Του Αυγούστου το φεγγάρι ήλιος της ημέρας μοιάζει,
"Κόρη μ' όντας είσ' ανύπαντρη, κακά βροντάει η ποδιά σου. Να παντρευτής, να γκαστρωθής, να δω την λεβεντιά σου",
Θα σου κόψη ο παππάς τη γλώσσα,
Έβγαλε ο κασιδιάρης μαλλί πετάει το φέσι κάτου,
Όποιος σπέρνει τον Οκτώβρη έχει οκτώ σειρές αλώνι,
Η ζήλεια αν ήταν ψώρα θα γέμιζε η χώρα,
Προίκα (η) παίνει κι' έρχεται κι η κακαϊδού στον τόπο,
Σαράντα του μακαρίτη κι άλλον μέσ' το σπίτι,
Όπου δε μπαίνει ήλιος μπαίνει ο γιατρός,
Όποιος δεν θέλει σφυρικόπια δεν κάνει γείτονα χαλκιά,
Σάν του Βριού τ' ανάθεμα,
Με τον καλόν σου κάθησε και νηστικός σηκώσου,
Κάτου (το) τρώει τ' απάνου,
"Όποιος αρχίζει με θυμό, τελειώνει με ντροπή",
Γαιδάρου(του) χάρη κάνεις μόνο τ' άχερα σου χάνεις,
Μάτι τ' αφέντη παχαίνει τ' άλογο,
Φυλάξου από το άδικο και την κακιά την ώρα,
Καρτερεί να βγάλη κι από τη μύγα σπλήνα,
Μέσ' στο δόκανο δεν μπαίνει δυό φορές η αλουπού,
Όποιος ανακατεύεται με τα πίτυρα τον τρών' οι κόττες,
"Ζήλος σε φτιάνει, ζήλος σε χαλάει",
Στους πολλούς αναθεμα δεν χωράει,
Όποιος κόβει κάκια τρώεει τα μπακάκια,
"Όποιος θα φτύση το Θεό, τα μούτρα του θα φτύση",
Τρέχα γύρευε δουλειά να μή σού λείπη,
Μαύρο είναι το πιπέρι και πουλιέται με το δράμι,
"Όταν δης πλάτανο και βάτο, τρέχει το νερό από κάτω",
"Καλό 'ς τον κουμπάρο, να του πάρω διπλό το ξάγι",
Και το σκατό χρειάζεται,
Όποιος κάνει σαν γομάρι πορεύει σαν αφέντης,
"Ο έρωτας είναι τυφλός, ανοιχτομάτες πιάνει",
Ότ' έσπειρες θα θερίσης,
Έναν εβαφτίζαμε δέκα τούρκοι γίνονταν,
Έχει τη μυίγα σκιάσμα,
"Διαλομαζώματα, διαλοσκορπίσματα",
Παίζουμε τα κότσια,
Νάκαναν οι μύγες μέλι θάτρωγα και γω η καημένη,
Πήγε να βγάλει λαγό κι έβγαλ' αρκούδα,
Βουλή και νόμο το έβαλε,
Όποιος διαλέγει τα αποδιαλούδια παίρνει,
"Λάχανα στην μάννα μου, λάχανα στον άντρα μου κάλλιο με τον άντρα μου πάρεξ με την μάννα μου",
Από την μαγκούρα μου βγαίνουν αυτά τα έξοδα,
Πηγαίνω αργά γιατί βιάζομαι,
"Με πορδές δεν βάφον τ' αυγά, θέλουν μπακάμι",
"Μιλάει ο καπετάνιος, μιλάει κι ο μούτσος",
Άλλος έχει το όνομα κι άλλος την χάρι,
"Δεν έχω που μου κακέ το σπίτι, θέλω να δώκω και κρισολόϊα στον κόσμο",
Ανάθεμα στο έθιμο και εκείνο που το βρήκε,
Ψάρι (το) από το κεφάλι βρωμάει,
Άρπαξε να φας και κλέψε νάης,
"Όντας γεράζ' ο λύκος τον περγελάν, τα σκυλιά",
Πορδιές 'ς το χάσκο,
"Γαιδουρινό το πρόσωπο, ζωή χαριτωμένη",
Μη σε φαη 'ς το καντάρι,
Τροχός όπου γυρίζει σκουριά δεν πιάνει,
Αχάριστον (τ) χάρη μη κάνεις,
"Έλα τάτα, να σου δείξω που τόχει η μάννα",
Τράβηξε τον δρόμο του,
Κολοκύθια της Βαλάνας,
"Αν και καθήμενος, ορθά μίλησες",
Ο άντρας πρέπει να κουβαλάη με το σακκί κι΄ η γυναίκα να ξοδεύη με το βελόνι για να προκόψη το σπίτι,
Άλλα λέει η θειά μου κι' άλλα ακούν τ' αυτιά μου,
"Όποιος βρίσκει και γαμεί, τύφλα του κι αν παντρευτή",
Ξέρει η κάκω μοναχή της είτε τ΄ αυγά με τυρί και βούτυρο θα τηγανίση είτε κότα θα σφάξη και πήττα θα μας φκιάξη,
Ζωή στα μουλάρια του,
"Αν έχης κέρατα άντρα μ', έχω κι εγώ στολίδια",
Του έβγαλε το λάδι του ανθρώπου,
Στου διαβόλου τον κώλο,
Αν ματαγίνω νύφη ξέρω και καμαρώνω,
"Του κώλου δούλεψες μάστορα, χρευτεύοντας θα πάρης τους παράδες",
"Όποιος στο μύλο μπαίνει, αλευρωμένος βγαίνει",
"Τι του λείπει του ψειρή, τριαντάφυλλο στ' αυτί",
"Κάλλιο το σημερινό ψωμί, παρά η αυριανή πίττα",
Μπορείς να κρυφτής πίσω από το δάχτυλο,
Σακκί αδειανό δε στέκετ' ορθό,
Δε γένουνται οι γαμπροί παιδιά κι οι νύφες θυγατέρες,
Αμπρουστά γαϊδουρίζει καί πίσω παπαδίζει,
Τ' Άη – Μηνός μπαίνει χειμώνας,
Η μισή ντροπή δική μου και μισή δική σου,
"Η δουλειά αυτή θέλει κόλο, κι' άλλον κόλο, και κομμάτι απ' άλλον κόλο",
Έρημα μαντριά  γεμάτο λύκοι,
"Καιρός τρώει τα μήλα, καιρός τρώει τα φύλλα",
Καλός είν' ο αγιασμός αλλ' ας είναι και γάτα σπίτι,
"Δεν το λέει πουθενά, στο μύλο και στο μεσοχώρι",
Δεν έχ' ο φτωχός έχ' ο Θεός,
Το δικό μου το όνομα πάρ' το συ γειτόνισσα,
"Αν το λες και δεν το κάνεις, την υπόληψί σου χάνεις",
Σκυλλί που γαυγίζει δεν δαγκώνει,
Είπε η χέσω της κατούρως. Στάσου γιατί μ' εβρώμησες,
Με τον κόλο δουλειά δεν γίνεται,
"Κουβέντα, κουβεντούλα, τρώει ο λύκος τη βετούλα",
"Όποιος κάηκε στο κουρκούτι, φυσάει και το γιαργούτι",
Μάσιαλά Λιβιάχοβο και πάλε Μοκοβίνα,
Αρνί (τ') το ήμερο βυζαίνου δυο μαννάδες,
Μην τα πετάς τα λόγια σου σαν τ' άχυρο στ' αλώνι,
Όταν οι γονείς μαλώνουν τ' αδέρφια φαγώνονται,
Με τον παρά μου γ.... και την κυρά μου,
Δεν αδειάζει του μουνί μου να παίζη την ομάδα όλη την εβδομάδα,
Καιρός φέρνει τα λάχανα ακρίβεια τ' αγοράζει,
Τι σε μέλλει εσένα πόσο έχει το καλαμπόκι στην Φιλιπιάδα; Έχεις γομάρι να το κουβαλήσης;,
Μοναχή της το πελέκα το σαμάρι η γαϊδούρα,
Λύκος (ο) από τον καημό του βωδιών αγλύφει το ζυγό,
Όπου ακούς πολλά κεράσια πάρε μικρό καλάθι,
Παλιά πληγή μου άνοιξες,
"Γριά κι αν στολισθή, κοπέλα δεν γίνεται",
"Κί ίγκρι, ίγκρι",
Πέθανε η πεθερούλα μου πλάτηνε η αγκωνούλα μου,
Κάνε με με μπάχτι και ρήξε με ς την φράχτη,
Ούτ' είχε ο παππάς γουρούνια ούτε θ' αποχτήση,
"Πότε πρόκοψε η καημένη, το Σάββατο που σημαίνει",
Παλιό γιατρό και παλιό κρασί,
"Σαν δεν σ' αρέση η φάβα, σπείρε λαθούρι",
Άδεια μαντριά γεμάτα λύκους,
Κάθε πράγμα στον καιρό του και κουρκούτι τον χειμώνα,
Όμοιος τον όμοιο και κοπριά στα λάχανα,
"Αν σου έρχεται αναγούλα, βάλ' το χέρι να ξεράσης",
"Δεν είμαι λιχουδιάρης, αλλά παραπονιάρης",
Είναι ματαβγαλμένος,
Νύφη από σπίτι και σκύλλα από κοπάδι,
"Όντας κινάει, κινάει γεννάει κι' ο πέτος",
Φύλαξ' το κεφάλι σου,
"Έκλεισαν ένα, δεν έκλεισαν δυο",
"Πεθερός φίδι κολοβό πεθερά, σαϊτα με φτερά",
Καμαρώνεις σαν γύφτικο σκεπάρι,
Αμήν και πότε,
Με το νου πλουταίν' η κόρη με τον ύπνο ο ακαμάτης,
"Όταν κλωσιούνται τ' άλογα, αλλοιά απο τα γαϊδούρια",
Τάπαιξε κορώνα γράμματα,
"Γαιδουροπερδούκλωνε, να μην καμπογυρίζης",
Αναθεμα ποιός δούλευε τρία καλά Σαββάτα της τυρινής Κρεατινής και των Αγίων Θοδώρων,
Ο κουφός όπως θέλη τα ταιριάζει,
"Πάντρεψέ με μακρυά, να ξέρω να παινιούμαι",
Παίνει πολλές βολές το κολοκύθι για νερό μα μια βολά τσακίζεται,
Σε τρώει ο κόλος,
Σαν την άμμο της θαλάσσης,
"Πέθαν' η βαβούλα μου, πλάτυν' η αγγωνούλα μου",
Ματάκια που δε φαίνουνται γλήγορ' αλησμονιούνται,
Άλογο ζητούσα να καβαλλικέψω και αυτό με καβαλλίκεψε,
Θα ταράξη η σκύλα την ουρά κι απέ θα πάη ο σκύλος πο κοντά,
"Δέσποτα παπά Νικόλα, τι μας ορμηνεύεις τώρα; Τα πήρε ο διάβολος όλα, Λέλοβα και Παλιοχώρα",
"Σου πήρε το ντουφέκι, θα σου πάρη και την γυναίκα",
Ράματα έχω για την γούνα του,
Όποιος δεν παινέσ' το σπίτι του πέφτει και τον πλακώνει,
"Βλάχος άρχος κι αν γενή, βλαχιά θέ να μυρίζη",
"Πως θα πηδήση η γίδα, θα πηδήση και το βετούλι",
"Μεγάλη Πέμπτη να 'ρχεται δέκα φορές τον χρόνο, και γονατιά να μην ερθή, καμμιά φορά τον χρόνο",
Για να μάθης γραμματα θέλει νού και γνώσι,
"Γλώσσας μάκραιμα, μυαλού λιγόστεμα",
"Και την πούτσα στο μουνί, και την ψυχή στον παράδεισο",
Βρήκε ο Φίλιππος τον Ναθαναήλ,
Τον τρώει η Μοίρα του,
Κάλλιο κιότης παρά μακαρίτης,
Όλα τα δάχτυλα δεν είναι ίσια κι όμοια,
"Όπως ηύρες νύφη κάμε, κι όχι κάπως ήξερες",
Αγώι (τ') ξυπνάει τον αγωγιάτη,
Η κόττα πίνει νερό και κυττάζει και το Θεό,
"Όποιος κάνει σαν γομάρι, πορεύει σαν αφέντης",
Το πρώτο παιδί της μάννας νάναι κορίτσι,
"Φούρνο βλέπει, κάστρο λέγει",
Ότ' έσπειρες θα φυτρωςη,
Τι τα θες τα καλά χωρίς την καλή καρδιά,
Σαν οι σπανοί κουβεντιάζετε,
Α δε βαρέσουν τ' άργανα κι α δε σφαγή ο τράγος!,
Ίδιος και ολόφτυστος ο κύρης,
Γιατρός κάνει διάγνωσι κι ο μαθητής ανάγνωσι,
Κρασί και οι γυναίκες ξελογιάζουν τους φρονίμους,
Του είπαν να χές και πάει και ξεκωλώθ'κε,
"Ήθελα να πέσω, καλά που μ' έσπρωξες",
Σίντας κινάω να΄ρθω λάσπες και βροχές,
Είναι Ζαρκοπαφίλλης,
"Η εκδίκησις είναι φαγητό, πού τρώγεται καί κρύο",
Του Γενάρι το φεγγάρι ήλιος της ημέρας μοιάζει,
Όλος κι όλος μια πιθαμή,
Όσο νά ειναι όσο νά ειναι αγγονιά τού Μούτσιου νά ειναι,
"Δεν το λέει η γίδα, το λέει το κέρατό της",
"Όποιος φοράει γούνα τον Μάη, γεια δεν έχει",
"Γέρος, γάτος, τρυφερά ποντίκια πιάνει",
Λείπ' ο γύρος κι' ο τριγύρος κ' η οκά και τα μαννίκια,
"Λύκο βλέπουμε, ντορό ζητάμε",
Όλοι την αντράλλα τους κι΄ ο μυλωνάς τ΄ αυλάκι,
Κεφάλι δίχως μέτρα θέλει κτύπημα στη πέτρα,
Λείπ' ο γύρος όλος τα δυό τ' αυτιά κι' ο κύκλος,
Μπάτε σκύλλοι αλέστε κι αλεστικά μη δίνετε,
Πιστρόφια έχουμε,
Γλήγορο (το) και το καλό δεν πάν μαζί τα δυο,
Το μάτι του νοικοκυρού παχύνει το άλογο,
Τα μαλλιά μ' στην κουρφή μ' μαζώθκαν,
Ο Γάνδι και η Χώρα και το μισό τ' Αυδήμ',
Η παλιά η όρνιθα έχι το ζμι,
Δεν δίνει τ' άγγελου του νερό,
Με τον νουν πλουτίζ' η κόρη με τον ύπν' η ακαμάτρα,
Τα άδικα ουκ ευλογείτα,
Αντίο θα κάν'ς το δαχτυλ' σου θα μείν',
Έλαξ' ο Μανολιός κι' έβαλε το βρακί τ' αλλοιώς,
Το πουλί πιν νερό και βλέπ' και το Θεό,
Πε κάθε άφτριγια πένα λογιώ καπνός βγαίν',
Έμαθα γυμνός κι ντρέπομαι ντυμένος,
Όποιο δάχλο να κόψης πονεί,
Αυτά τα λόγια 'ς τον κλήδονα,
Άφταγος ο νους διπλός ο κόπος,
"Άγιε Δημητράκη, μικρό καλοκαιράκι",
"Μι του ζόρ, γκαζαντιώντι και μι τουν αγέρα ξοδιαζώντ'",
Έγινες άπχιαστους αγέρας,
Ανιμίσκη του κιφάλι τ',
"Ό,τ βρέξ, ας κατεβάσ",
Παίξε γέλασε δεν έν,
Ήλιος και βροχή παντρεύουν οι φτωχοί. Ήλιος και χιόνι παντρεύουν οι αρχόντοι,
"Αν βρέξ' Απρίλης δώδεκα κι ο Μάης μια δυο, θα πάρουν την κασέλλα σου, και όλον σου το βίο",
Πουτί μουνί του δέρ',
Όποιος ερωτά ποτέ δεν χάνει,
Άλλαξε η χήνα έβαλε πάλ' εκείνα,
"Λαγός πιπέρι έσπερνε, κακό στην κεφαλή του",
Η κακιά η πληγή γιανίσκει μα ο κακός ο λόγος σε πεμνίσκει,
Αμ' συ κόμ' πε κάτ' τη μπαμπά σ' την ασκιά πορπατείς,
Είπι η διάβουλους κι γίνηι,
Τα λόγια των πολλών κάμουν τον άνθρωπον λωλόν,
Σαν της Βυζώς τις μαχαλάδες,
Η πολλή δουλειά τρώγει το νοικοκύρη,
Κακή καρδιά,
Πέλ'κε το ζουνάρ' ντου για καυγά,
Άλλαξε κι' ο Μ'χαλιός κι' έβανε τα ρούχα τ' αλλιώς,
Ούλα τάχ' η χαδιμέν' μόν' η φέριτζες τν' η λείπ',
Είνι νύχ' και κριγιάς,
Βλάχικο πυρετό έχεις,
Αχώνι. Αχώνι,
Έσκασε από τα γέλια,
Έχω δουλειές εις τον λαιμόν,
Παπά να γελάσης παπάς δεν γίνεσαι,
Ο Άγιος Ανδρέας έφθασε το κρύο ανδριεύει,
Άλλος έφαγε τα βράβλα κι άλλος ξνίζεται,
Υποφέρω του λιναριού τα πάθη,
Την πεθερά τα λέγω να τ' ακούη η νύφη,
Καιρός πωλεί τα ξύλα κι' ο χειμώνας τ' αγοράζει,
"Σκλι π' δε δαγκάν', ας πα να βαβίζ'",
Ξέρει την Κυριακή μονάχα,
"Αβράκωτε καλόγερε, πάρ' τη γάτα χόρευε ή Ζάκατε καλόγερε",
"Μικρό κώλο δεν έδρες, μεγάλονα μη φοβερίζης",
Ήσυχος σαν αρνί,
Πίνει νερό 'ς το όνομά του,
Από μέσα λιγδομένη και απ' έξω λερωμένη,
Πέ μ' μέ ποιόνα συναναστρέφεσαι νά σέ πώ ποιός είσαι,
Παίζει ο γρίπος,
Με τον δικό φάγε πιε κι αλισβερίσι μη κάμνης,
Μέφαγε ταφτιά μ',
Πάρε τον στον γάμον σου να σου πη και του χρόνου,
Καλό β'ζί ηύρ' εκείνος και β'ζάν,
Οτ η τύφλα και οτ η μούντζα,
Άρρωστος άμα κλάν' στου γιατρού το στόμα χάν',
Άλλαξ' η Μανωλιός κι' έβανε τα ρούχα τ' αλλοιώς,
Όλοι γελούνε μέτα μένα έσκασα κ' εγώ απ' τα γέλια,
Χωρίς προζύμη ψωμί δεν γίνεται,
Ράφτε ξήλωνε ποτέ δουλειά να μή σι λείπη,
"Η Κάτα για το ψάρ' κι ο παπάς για τς λειτουργιές, πούλισανε το σπίτ' τς",
Μεγάλη βούκα φάγε μεγάλο λόγο να μηλ λέγης,
"Νερούλκουσι, του αίμα τ'",
Σα να τον ήξεραν πε το κήρ,
Έχει ποδάρια σαν Ισακνιάς,
Κάλιο γνώση παρά γρόσι,
Έκατσε η δουλειά στήν πόρτα και κυνήγησε τή φτώχια,
Κάμνει τρύπα 'ςτο νερό,
Γένικανε μαλλιά κβάρια,
Στο φελλί τ' βούτρο άλειφη,
Απ αυτό το πλευρό να κοιμηθής,
"Ποντικός κουδούνια φόραγε, κι' αν φόραγε, ποτός τα θώραγε;",
Εις μέγα κακόν χρειάζεται μέγα ιατρικόν,
Η κότα πίν΄ νερό ονομάζ΄ κι το Θεό,
Το ξέρνε και τα μωρά,
Κάμνει την μύαν βώδι,
Απού τσ' κάπας του λαγκιόλ',
Πε την αράδα κι ας είσαι και παπάς,
Τι μαύρα γράμματα είχα ιγώ,
Όμοιους στουν όμοιου κι κουρπιγιά στα λάχανα,
Θα με κόψ' το π'νακιάτ'κο,
Τον έκεναμ' λουλά,
Το σίδερο το βαρούνε όσο είναι ζεστό,
"Άλλ' αντ' άλλα τα μεγάλα, κι όχι της Παρασκευής το γάλα",
Δανεικά ρούχα ζεστά δε πιάννα,
Καί το ένα κακό και το άλλο ψυχρό,
Όποιος λέγ' αλήθεια τρώγ' ξύλο,
Λέγε την αλήθεια κ΄ έχεις το Θεό βοήθεια,
"Το 'να βρωμάει, τ' άλλο ζ' νάει",
Είναι τ' αρνί κι ο λύκος,
Φασούλι' στο φασούλ' γεμίζ' το σακκούλ',
Θα βγάλη μπέγκους,
Το μαθημένονα γουλιάρ' μην τον λες,
Έκανε το νι' βελόν και το δισάκ δυό τουν βάδες,
"Κάλλιο Θεού οργή, πέρα κόσμου βοή",
Το μάτι του νοικοκυρού παχύνει τ' άλογο,
Θα σι κάμω να τα ξεράσης,
Το ξένο ψωνί είναι γλυκό,
Η καλή μέρα απ' το πρωί δείχνει,
"Που δε θέλει να ζυμώση, πέντε μέρες κοσκινίζει",
"Όποιος δεν θέλει να φιλέψ' τον φίλο του, όλη 'μέρα κοσκινίζει",
Κρεμνώ το ζωνάρι μου,
Σύρε κ' έλα ς' την Ασκό πέντε γρόσια μετρικό,
Άκουσε τον αναβαλλόμενο,
Έβγα έξω και πομπέυσου έμβα μέσα και πορέψου,
Απ' έξω αγγελίζ' κι από μέσα διαβολίζει,
"Μη με πης Παπακλασμένο, Να μ σε πω Παπαχεσμένο",
Κακό χωράφι κακό δρεπάνι,
Σαν έχεις γλώσσα έχεις και γρόσια,
Της νύχτας τη δουλειά βλέπ΄ η αυγή και γελά,
Κάθομαι,
Άθρωπο γλέπ'ς κι γκαρδία δι γνωρίζεις,
"Η Κάτα για το ψάρ κι ο παπάς για τς λειτουργιές, πούλισανε το σπίτ τς",
Το κεφάλι μ' έγινε καζάνι,
Ξαγρύπνησε τες αποκριές και κοιμάται ες τα νυμφία,
"Έβαλες ελιές και λάδι, έβαλες και κουρκουζέλους",
"Ρούφλες τούφλες, παπ' Αμρούδη, και τα γράμματα π' μαθαίνεις",
Του νοικοκύρ' το μάτ' είναι κοπριά στο χωράφ',
"Όσοι μήνες έχουν ρω, βάλε ς το κρασί νερό κι' όσοι μήνες δεν έχουν ρω μη βάζης ς το κρασί νερό",
Νέος προξενητής για τον εαυτό του προξενεύει,
Μάης άβρεχος τρυγητός χαρούμενος,
Το δουλευτή σου πλήρωνε και ψυχικό μη κάμης,
Πο ρόδο βγαίν' αγκάθι κι' απ' αγκάθι βγαίνει ρόδο,
Η γλώσσα κόκκαλα δεν έχι και κόκκαλα τσακίζ',
Όποιος τρώγει σκόρδα σκορδαλιές βρωμά,
Πε ξένα κόλλ'βα φκιάν' μνημόσυνο,
Έρμα και σκοτ΄νά και καταραχνισμένα,
Κόμ' γάλα μυρίζ' το στόμα τ',
Πάει στον αγύριστο,
Σαν έφκειαναν γούλα τα μαμούδια μέλι θ' ήθελαν κάνει και τα κουπριομάμουδα,
Κάνω θα κάνει τα έξ τέσσερα,
"Τετάρτη και Παρακευή τα νύχια σου μη κόψης, την Κυριακή μη ξυριστής, αν θέλης να προκόψης",
Τί κάμνουν τα παιδιά του; Όσο παν μαυρίζουν,
Η νύφ' μας η καματερή του Σαββάτ' από βραδύ,
Λύθκε η γλώσσα τ,
Γάδαρους φλουριά φουρτωμένος,
Είναι μπούφος ξυδάτος,
Πέρσ' κάγηκ' η λαγός και φέτου δώκι τσίκνα,
"Ό,τ βρέξ ας τρέξ'",
Η κούτρα τόχ΄ να κατεβάζ΄ ψείρες,
"Νε το διάβολο να δγής, νε το σταυρό σ να κάνς",
Κάμνω τα αδύνατα δυνατά,
Η καλή μέρα πέ το πουρνό φαίνεται,
Σα μ'τζούρ'κο σκ'λί,
"Όποιος κάθηται στεριά και πέλαγα γυρεύγει, άνεμος 'ς τον κώλον του κουκκιά του μαγερεύγει",
Μην πιστευθής τον φίλον σου και πης το μυστικό σου φίλος τον φίλον θα το πη θα γεν κακό δικό σου,
Λίγο ψωμί και πολύν δρόμον,
Είνι σα του έρμου του ζω,
"Μοναχός μου το έκανα, μοναχός μου το βρήκα",
Του νοικοκύρη το μάτι κοπριά στ' αμπέλι,
Η γλυκειά γλώσσα βγάζ' το φίδι απ' την τρύπα,
Σηκώνει νερόν ακόμη,
Δε χάλασ' ο κόσμος,
"Α σε κάψω, Γιάνν', κι α σε λείψω μύξα να γιάνς'",
"Ο Απρίλης κι αν χιονίση, καλοκαίρι θα μυρίση",
Κόμα δε ξέρσς πε που κατουρεί η όρνιθα,
"Έτυχε να βγει ο Εβραίος στο παζάρ, και βρέθκε Σάββατο",
"Ακόμα δεν τον είδαμε, Γιάννη τον εφωνάξαμε",
"Μήδε κάτ' από τ' αμάξ, μήδε πάν' από τ' αμάξ",
Σα καθήσης μι κουτσό δα μάθης να κτσαίνης κι μι στραβό ως του πουρνό αλλοιθωρίζεις,
Κάποιου καίγουνταν τα γένεια κι' άλλους γύρευε ν'ανάψη το τσιγάρο του,
Ο γεωργός θέλει βροχή κι ο κεραμάρης ξέρη,
Για παπάς για ζευγουλάς,
Βγαίνουν απ' τη ράχη του,
Βουλήθηκε ο Οβριός να καβαλλικέψη και έτυχε Σαββάτο,
Βελόν' νάρριχνες δεν έπεφτε,
"Ο διάβολος να σκάσ, θα το κάμω",
Βαρβάρα βαρβαρώνει Σάββας σαβανώνει Νικόλας παραχώνει,
Δούλευε να τρώς και κρύψε νά χ'ς,
"Σαράντα γρόσσια, το άλογον εξήντα το σαμάρι",
"Ούτε συ, κερά, σταφύλια, ούτ' εγώ ντραγατικά",
Θάλασσα κι πυρ κι κακή γυνή,
"Είχαμε ένα τσ΄βάλι σκατά, μας έφεραν και μια δεσάκκα",
Ανάποδος χρόνος δέκα τρείς μήνες,
Τα πολλά τα λόγια εν' φτώχεια,
Μαύρη μοίρα κι άσπρη ψείρα,
Μαύρη κάτα πέρασ απ' ανάμεσα τς,
Απριλιού δεκοχτώ να 'χης το μάτι σ΄ ανοιχτό πέρασαν οι δεκοχτώ άραξε εις ένα αυγό,
Αν έκαμναν όλες οι μέλισσες μέλι θάτρωγαν και οι γύφτοι,
"Μπογάς που σκάφτ', του χώμα στην κλιάτ' του ρίχν'",
Άρα κατάρα τον άφησεν ο πατέρας του να μη πατήση στο σπίτι σας,
Γηύρες και παίζς,
Στον κλέφτη και τον δυνατόν καθένας έχει χρέος,
"Αγαπά ο κάπηλας το μεθυσμένο, μα γαμπρό δε τον κάν'",
Όταν δεν κοφτ' ο νούς κοπιάζουν τα ποδάρια,
"Απριλίου δώδεκα, τσακναράκια μάζωνε",
Θρέψε λύκο το χειμώνα να σε φάει το καλοκαίρι,
Τον κόστ'σε η προβιά στα δώδεκα,
Δε σε βαστάει ο κώλος σου,
Φτωχός άγιος δε δοξάζεται,
Κάνω καρδιά,
"Η γάτα γέννησε, ποντικό κρατεί",
Από τη ρίζα πιάνουν όχι από τα κλαδιά,
"Της νύχτας τη δουλειά, την βλέπει η αυγή και γελά",
"Ένας π' θες να τρώγεται, μι τα ρούχα τ' τρώγεται",
"Γαιδουργιά είναι, αλλά της ανακούφισης",
Αν κάμη ο Μάρτης δυό νερά κι Απρίλης άλλον ένα τότε χαρά σ' εκείνονε πόχει 'ς την γης σπαρμένα,
Όποιος καή εις το κουρκούτι φυσά και το γιγούρτι,
Τον πιάνει το λαγκιόλι,
Με λόγους πελιάφ αν γίνεται την θάλασσαν θα κάμω βούτυρον,
Ο άθρωπος ότες γεράση τα φουκιά τ' να ξεράση,
Ψαρεύει ΄ς τα θολά νερά,
Από την Πόλη έρχομαι και τζην κορφή κανέλλα,
Πουλει ακριβά και δίκια ζύγιαζε,
"Φασούλι, φασούλι γεμίζ το σακκούλι",
Έπεσε 'ς τη λάσπη,
"Η σάρα και η μάρα, και η τρύπα η χουλιάρα",
Δεν έχει μηδέ  κα να ξύση το δόντι του,
Όποιος πεινα κομμάτια βλέπ',
Ένοια πόχει η Αρχοντού αν βροντούν ή δε βροντούν τα κουδούνια,
Τον έχει η αγελάδα και τον αρμέγει,
"Μη λες πάντα τι σκέπτεσαι, σκέψου όμως τι λες",
Είναι επί ξύλου κρεμάμενος,
Να σε πάρ ο διάβολος και να σ' αλέσ' ο μύλος,
Όποιοννα δεις πε τα μουστάκια μη σε φαίν'ται πατέρας,
Σ τούτ τη γη που την πατούμε ούλοι μέσα θε να μπούμε,
Μρίσκετα τα βρώμκα,
"Άγις Γεώργις σκορπά τα παιδιά, Άγις Δημήτρις τα μαζώνει κι άγις Νικόλας καλά τα συμμαζόνει",
Κλαίγουνται οι χήρες ίσα πε τις παντρεμένες,
Θα σε κάτσσ' η προβιά στα δώδεκα,
Βράζ΄ το γαίμα τ' σα ψόφιος λαγός,
Η ψυχή τ' βγαίν' να μη δώκ' μιά δεκάρα!,
Άλλων γιατρός αυτός πληγές γεμάτος,
"Όπου τον μέλλει να πνιγή, ποτέ του δε παιθαίνει",
Όλοι γελούσαν με τα μένα ξεκαρδίζουμαν και γώ,
Έχ' κάνα στραβό να μη θέλ' τα μάτια τ',
Τ' αρνίθ' που πιν' νιρό κ' τάζ' κι του Θιό,
Κάμε το καλό και ρήξε το ς' το γιαλό,
Εκόψαμε κλωστή,
Ανάλογα το μπόϊ σ' ρίχνεις και το πάπλωμα,
"Δεν είδες κανα παιδί, να περπατή σαν άγγελος;",
Ο Τούρκος πε ταμάξ' πιάν' το λαγό,
Τον έβανε στς γης τα τάρταρα,
Μη ζητάς καλλιγραφία απ' της μυλωνούς τον κώλο,
Θιού πρόσουπου δι τα δγής,
Αυτό δεν εν μπάλωμα να το ξηλώσ'ς,
"Οπού εγεννήθηκε ζουρλός, ποτέ δεν φρονιμαίνει",
Το μυαλό του δεν έπηξεν ακόμη,
Έχω μπουμπούνα στο κεφάλ' μου,
Άνθρωπος απ' άνθρωπος και σκύλ' από τη μάντρα,
Κιουφάλ' ορμηνεμένο τ'λούμ' φουσκωμένο,
Όλα πήγανε στο βρόντο,
Απ' όξ από το σπίτι μου ας είναι και αδελφός μου,
Από 'να αρνί δυό προβιές;,
Με το κηρί τον γύρευα,
Πήγε μ' άδεια χέρια,
"Το πολύ το Κύριε ελέησον, το βαρυέται κι ο παπάς",
Άλλος είπε το μακρύ τ' κι' άλλος το κοντό τ',
Να 'γιάσνα τα κόκκαλα 'σσ,
Γελά ο κέλ'ς τον κασσιδιάρ',
"Βρίσκω τον πεθερό κουφό, τη πεθερά κουβάρι",
Η σκάφ' είναι ζητιάνα,
Τα σκόρδα όσο αναριεύουν τόσο χονδρεύουν,
Έξ απ' τον χορό πολλά τραγούδια λένε,
"Πιε, γάδαρε, αγίασμα",
Άρις μάρες κουκουνάρις,
Το καλύτερο προσφάγι είναι η καλή όρεξη,
Αλλού να βρης να τα πωλήσης,
Ήθελε κ' η κάτα ρρεπάν',
Η καλή πίτα καλό φίλο περιμένει,
Άλλος κάνει την μπορδή κι άλλος παίρνει το φλουρί,
"Γλυκό, ζάχαρη",
"Πάγ' ίσα βάρκα, ίσα νερά",
Φωνάζ΄ σά τον Οβριό,
Φόρτωσε τη γνώσ' στο πετ' νό,
"Κόψε ξύλο κάμ' Αντών' κι από πλάτανο Μανώλ', αν πής δε και για Γιάνν' ό,τι ξύλο είναι κάν'",
Θα κρίν' νε γούλ' ι θα κρίνι και τ' αποπόρδι τς πορδής,
Όσος νους μου στου ζιβγάρ' τόσα βόδια ν' απομείνουν,
Σα βγαλ' ινα οι γαιδάρ' κέρατα,
Λίγα ήνταν τα σκατά κ' ήρνταν κι απ' του μπαλατά,
Η αλήθεια ένε πικρή,
Μου βγήκε ξύδια,
Σήκω συ να κάτζω γώ,
Τα κανι ούλα γυαλιά καρφιά,
Από του Μάη ως τα κιράσια,
Ο ήλιος με επέρασε,
"Έτσι που γένκαμε, άντρα, για συ να πεθάνης, για γω να χηρέψω",
Η πέτρα άκρα δεν έχ',
"Τ Μάρτ τα δρίμυτα, στ' Αυγούστ τα κλήματα, και τ' Αυγούστ στα πανιά",
Βαστώ τ' αρνί,
Άνοιξε το κλαδάκι σου,
Η γλώσσα θρέφει κ' η γλώσσα καταστρέφει,
Η κοιλιά παραθύρα δεν έχει,
"Τα παλιά μπαλώνς, τ' ράματα χαλνάς",
Η κατάρα είναι γαϊδάρα κι πάει στου ν'κοκύρ',
Σπουδαία τα λάχανα!,
Βάστα καρδιά μ' νταγιάντα,
"Κάνομ' ό,τ' να κάνουμ' να χωμ' και το νου 'ς το κεφάλ' μας",
Έγινεν ακριβοθώρητος,
"Τρόμαξα τόσο πολύ, που το αίμα μου αλλοιώθηκε",
Κάνε με πτωχό και ξένο να παινιούμαι όπως θέλω,
"Θα σ' δείξω γω, πόσ' παράδες έχ' το γρόσ'",
Να κάμ'ς κόκκιν' σακκούλα,
"Διέ με π' ένα, να σε ιδώ πέ δυο",
"Φόνοις πήγαινες να τα μάθης, εγώ γύριζα",
Λύκιε μ' γιατί ο λαιμός είνε χονδρός γιατί παίζω μοναχός,
Προσκύνα τον διάβολον σαν άγιον,
"Γιώργον είχα, Γιώργον πήρα κι άμα θα ξαναχηρέψω πάλε Γιώργο θα γυρέψω",
Κατά τον αφέντη και το δώρον,
Θέλησε ο Εβραίος να καβαλλικέψη άλογο έτυχε Σάββατο,
Ο ένας κερνάει και ο άλλος πίνει,
"Η γιαγάπη θέλει φρόνηση, θέλει ταπεινωσύνη, θέλει λαγού πορπατησιά, κι'  πέρδικας κισίμι",
Ο νηστικός πίτες ονειρεύεται,
Δουλεύει η νύκτα κ' η αυγή και φαίνεται η μέρα,
Ο Θεός είναι ψηλά μα χαμηλά κοιτάζει,
Κουτσός 'ς το κάμπον έτρεχε να φθάση καβαλλάρη και ο βωβός τον έλεγε για σου μπρε παλληκάρι,
Ηύρε μουνί το θέλι και ξουρισμένο,
"Η καρακάξα 'πε παλούκι, σε παλούκι ώστε να παλουκωθή",
Θα κάμης τον Βορριά να σκάση,
Οτ η τύφλα και η μούντζα,
"Δε είναι που πέθαν' άντρα μου, μόνε ποιός δώνει ντο γκόσμο τζουγάπι",
Η αγάπ' δε γιομόζ' κοιλιά,
Κάλιο λόγια στο χωράφι παρά μάγγανα στ' αλώνι,
Τσ' νύχτας τα καμώματα τα βλέπ' η μέρα και γιλάει,
Δαρτείτε και μη μαλλών τε,
Αυτά δι θα μας πάνα στους Αγά,
Κιχαγιά δε σέβανα,
"Όποιος σκάφτ τ' αλνού το λάκκο, πέφτ ο ίδιος μέσα",
"Υ Θεός ΄ταν 'πη ένα άνθρωπο να τον κάνη πλούσιο, δε ΄ρωτά τίνος υιός είναι",
Το μήλο απ' έξω κόκκινο και με' έχει σκούλικες,
"Φωτιά 'καψε το σίδερο και συ έκαψες εμένα, κάλλιο να σ' αποκόβουνταν η μάννα που σ' εγέννα",
"Το μονάστηρ' να 'ν' εν γερό, καλόγερ' πόλλοι!",
"Κόψε ξύλο κάμ' Αντώνη κι απ' αφοξυλιά Μανώλη, κι αν ρωτήσης για τον Γιάννη ό,τι ξύλο νάναι κάνει",
Ηύρε το μάστορά τ',
Κυριακή κοντογιορτή,
Εγώ είμαι 'πο ξύλο κρεμάμενου,
Μην κλαίης εις ξένο μνήμα να μη μένης χωρίς μάτια,
Λείπ' ο Μάρτς 'πε τη σαρακοστή;,
Έχει μακριά γλώσσα,
"Ό,τι σπείρης εκείνο θα θερίσης",
Κατά τον καιρό σέρν' η Μάρω το χορό,
Κόρωσαν οι ποδιές τς',
Να καρδιά να μάλαμα,
Στου καλύτερου αντρούς τη ρίζα φωτιά,
Έκατσι χισμένους να γιαλάη τουν κατουρμένουν,
"Σα βρέξ, να το ρέμα κι' ας τρέξ",
Κι' η κοσκινού τον άνδρα της με τους πραματευτάδες,
Ως και η κουτσή Μαρία,
Ρίχνω τ' αυτιά μ' πίσω,
"Του δώκαν πρόσωπο, γυρεύ και αστάρ'",
Στα πουδάρια τ' ριπάνια θα φυτρωςνα. Τράβηξ' πε δω να τα ριπάνια σ',
Δέν τόνε λείπ' άλλο τού κασιδιάρ' μόν' η μαργαριταρένια σκούφια,
"Ναίμονα μικρό χωριό,μεγάλην πολιτεία",
Ήλθαν οι άγριοι να διώξουν τους  ημέρους,
Ζήσε Μούρε μου να φας χλωρό χορτάρ' και τον Μάϊ τριφύλλι,
Του καλού τ΄ αντρού η γυναίκα τε προσώπου της φαίνεται,
Κάμνει του κεφαλιού του,
Όποιος ελπίζει ς' το Θεό σ' εκείνου όπου βρέχει και νηστικός αν βραδυαστή αδείπνητος δεν πέφτει,
"Μα 'γώ τον θέλω με κόκκινα, Ε καλά! “Θέλοντας ο βλάχος, μη θέλοντας ο ζωγράφος, φόρεσε κι εσύ, Χριστέ, κόκκινα παπούτσια”",
Τον πεινασμένο γουλιάρη μην τον πης,
Η βιάση ψύνει τό ψωμί μα δέν τό καλοψήνει,
"Ωχ, ωχ ωχ βρήκες λουλούδ' να μυριστής...",
Απλών' του ζνάρ' τ' για καβγά,
Πέθαν' ένα παιδάκι; Ταχιά το κλαίνα,
Καλλίτερα να σου βγη το μάτι παρά τ' όνομα,
"Ό,τ' πούν τα θεμέλια προσκυνούν τα κεραμίδια",
Ποιός είδι ντού Θεό και δε ντούν φοβήθκι,
Αν πεινά ο ακαμάτης ψυχοπόνεση δεν έχει,
Σώπα συ να πω ιγώ σήκου συ να κάτσ' ιγώ,
Λειψά Σαββάτα έχει,
"Ο άι Μηνάς εμήνυσε, πούλια μαι' ξημερώση",
"Η καλή η μέρα, απ' το πουρνό φαίνεται",
Είναι πετεινοκέφαλος,
Λόγια απ' την κουβάρα,
"Κάλλιο χέρι που κρατεί, παρά χερ να καρτερή",
Ο τρελλός πε το μεθυσμένο φοβήθκε,
"Δε πόρ' να δείρ' το γαδούρ', δέρνει το σαμάρρ'",
Η πείνα κάστρα καταλεί και χώρες παραδέρνει,
Τον έστριψε η βίδα τ',
Έβαλε κ' η κοσκινού τον άνδρα της με τους πραματευτάδες,
Ακουστά τον έχω,
"Το λέγω σένα, πεθερά για να τ' ακούη η νύφη",
Όποιος περνά τον καιρόν του 'ς τα λόγια χάνει καιρόν εις τα έργα,
Το μέλι γλυκό και το αγκάθι πικρό,
Κάθησε η κουτρούβα να γελάση την κουτσοχέρα,
"Μικρό πράμα είναι η μυίγα, άμα φέρνει αναγούλα",
Από κακοπληρωτή ένα σακκί άχυρα,
Πήρε τα βρεμένα τ',
Εν τω άμα και το θάγμα,
Παρηγοριά ντον άρρωστο όσο να βγη η ψυχή ντου,
"Βγήκαν τα κολοκυθάκια, άρκεψαν τα νυχτεράκια",
Χέρι αν δεν πιάση τόπος δεν αλλάζει,
Εκεί που δίν' ο Θιός τ' αλεύρι παίρν' ο διάβολος το σακκί κ' εκεί που δίν' ο Θιός το σακκί παίρν' ο διάβολος τ' αλεύρι,
"Εις σένα λέγω, θυγατέρα μου, να καταλάβη η νύμφη",
Γούλ' γούλ' και το μπουλ' μπουλ',
Μπροσθά απ' τον νουνό νερό δεν περνώ,
Όπου με βγάλ' η άκρα,
Μ' αλλ'νού φτερά πετάι,
"Άσπρο κι στρογγ'λό, κι του γεννάει κι η κόττα",
Άλλαθρα μάλλαθρα,
Οι λίρες και τα τάμματα παντρεύουν παραλλάματα,
Δεν μπορεί να κρυφτή πισ' απ' το δάχτυλό του,
Γίν'καμε παπίτσες,
Κοπανίζει νερό 'ςτο γδι,
"Η μέλ΄σσα δε φεύγει πε το μέλ΄, φεύγει πε τον καπνό",
Αλί στον Αλή π δε φορεί βρακί,
Ποδάρι δεν πάτησε,
Το ακριβό γίνται κι φτηνό,
Κοίτα κει που θα καθίσης μήπως θέλει να σκουπίσης,
"Σα σε ψειρίσ' ο κατής, σε ποιόν θα πας να κλαυτής;",
Πε το σακκούλ' έρκεται και πε το βελόν' βγαίν',
"Δεν σε είδα τι έφαγες, μον' σε είδα τι έβαλες",
Απ' άσπρου μ' έκαμε,
Οκτώβριος και δεν έσπειρες; οκτώ σωρούς δεν έκαμες,
Το καλό τ' αρνί δυο μάννες βυζαίνει,
"Πάρε με όταν με εύρης, να με έχης όταν θέλης",
Άκρις – λύπις,
Γλυκάθι η γριά στα σύκα,
Ποτέ μην κάνεις φίλο άνθρωπο αχάριστο,
Η πέτρα που κυλάει πουτές δε ματζαργιάζει,
Στ' λίγδα τρέχ' παστός,
Έσκασαμ' στα γέλια,
Αντίς να πης τον Κακογιάνν' πες τον Καλογιάνν',
Πέρασε ο καιρός που δέναν τα σκυλιά με τα λουκάνικα,
Κατά το γιοργάν' σου ν' απλών'ς τα ποδάρια σ',
"Κυριακής λάψιμο, βδομάδας κλάψιμο",
Ή μίλα καθώς φορείς ή φόριε καθώς μιλείς,
Πηγαίνω σύμπατα,
Βράζ το γαίμα τ σα ψόφιος λαγός,
Βάλλει τον τρελλόν να βγάλη το φίδι απ' την τρύπα,
"Ό θεός ορφανά κάμει, αλλ άμοιρα δεν κάμει",
"Πατεί το βαρύ, σηκώνεται τα αλαφρό",
Όξου απ' τον Ιορδάνη,
Όποιος γυρεύει καλύτερα ευρίσκει τα χειρότερα,
Τρώγω ως το κόκκαλο,
Γλυκάθηκ' η γριά 'ς τα σύκα έφαγε και τα συκόφλα,
"Όσα τζάκια καπνίζνα, δε μαγειρέβνα",
Ο κ'φος τα ταιριάζ,
Θα χτυπάς ύστερα το κεφάλι σου,
Κατά το πάπλωμα μάκρυνε τα ποδάρια σου,
Παίρνω μυρωδιά,
Σκεπασμένο γάλα η γάτα δεν το τρώγει,
Γενάρη μήνα κλάδευε φεγγάρι μη γυρεύεις,
Έγινε ή είναι άμπακας στα γράμματα,
"Άλλους μεις, άλλοι μας, κι άλλος τα παιδιά μας",
Έβαλε το νερό στ' αβλάκ',
Πλειότερα αρνιά 'ς το μακελειό παρά πρόβατα,
Τί βρέχι ο ουρανός και δεν το δέχεται η γης;,
"Πέφτ' η πέτρα πα στ' αυγό,αλλοί στ' αυγό, πεφτ' τ' αυγό πα στην πέτρα, πάλι αλλοί στ' αυγό",
Ήρτα για να ξανασάνω εύρηκα μαλλιά να ξάνω,
Πιάστικ' η πέτρα με τ' αυγό,
Τόνα σε μυρίζ' τάλλο σε βρωμά,
Τα άδια βαρέλια κάνουν περισσότερο κρότο,
"Τέρ' την γούγια πάρ' το πανί, τέρ' τη μάννα πάρ' το παιδί",
"Μένα παπάζιμ πέθανε, παπάς μην απομείκη",
Κακός γείτονας κάνει τον γείτονά του νοικοκύρη,
Το επήρε η ανερούσα,
Κάλλιο να σε ζηλεύουν παρά να σε λυπούνται,
Όπου δεν σε σπέρνουν εκεί φυτρώνεις,
Κιρός οδηγός,
Εν για τοις αλυσίδες,
Ήθελε και η κάτα ρεπάνι,
"Αν δεν ήξερες να κάμης καταϊφι, τι τον ήθελες τον άντρα το ζαρίφη;",
"Η πρώτ η βούκα, βούκα και ύστερνη φαρκάκι",
Κάθι πέτνους στην κουπράτ λαλάει,
Ο Θεός αψηλά κάθεται και χαμηλά γλεπ,
Η μάννα σου κ' η μάννα του εις ένα ήλιον απλώναν τα ρούχα των,
Μπροστά πο τα μολάρια και πίσω πο τα τουφέκια,
Μαύρον πρόσωπον μ' έβαλες,
Χώνει παντού τη μύτη του,
Από το κακοδούλεμα παίρνει ο Διάβολος και το νοικοκύρη,
Πε κείθε μπιλέ περνα,
Λείπ' η κορφή κι' ο γύρος και τα τέσσερα λαγκιόλια,
Κάλλιο λάχανα με γλύκα παρά ζάχαρη με πίκρα,
Μη καβαλικεύης το άλογο του γείτονά σου,
Στο σπαθί τ' μύα δεν κονεύει,
Απ' όξω είναι,
Στα παλειά μ' τα παπούτσια,
"Αφρίζεις δεν αφρίζεις εγώ θα σε φάω, τον παρά μου έδωκα",
Έκαμ' τον οίκον του γης Μαριάμ,
Μαζευτήτε τρελλοί να φάμ' τη γνωστικού το βιό,
Σ το σκότος κάμνει με το μάτι,
Ποιός είν' γερός; -Ο Γιάννης ο σπασμένος,
"Νοέμβρη νόει σπέρνε χλωρά, ξηρά, πελεκαστά",
Ο δρόμος έν ανοιχτός,
"Τα ξένα ξύλα δε γκορώνουν, και σα γκορώσουν δε μπυρώνουν",
Αίμα κατρήσαν απ΄ του φόβοθ τς,
Του Γιάννη τα λιλιά τα θέλουμε και τον Γιάννη δεν τον θέλουμε,
"Το γαίμα νερό δεν γίνεται, και σαν γενή, δεν πίνεται",
Η αγάπη πύργους καταλεί και κάστρα ρίχνει κάτω.,
Άρρατα θέματα κουκκιά μαγερεμένα,
Στο θκο μ' του κιγάλ' μαθαίν' να ξουρίζ',
Μάτ' δε μπορώ νανοίξου,
"Όποιος πέθανε, μετάνοιωσε",
Ξυνό μπαρούτι,
Πέρα βρέχι,
Ρώτα ρώτα και πε το μυαλό σ' πέξω μη βγαίν'ς,
"Μήτε τον άγιο κερί, μήτηε το μικό κουλάκι",
Νηστικό τ' αρκούδι ποτέ δε χωρεύει,
Πετσί και κόκκαλο είναι,
Φοβάσαι να μη βγήκ' η βαφτιούς,
Ο καθείς την πίττα του την έχει για ψωμάκι,
Κ' εδώ βαθιά κ' ικεί βαθιά καί πού νά πέση νά πνιγή,
Ένας ζουρλός ρίχνει μια πέτρα και 'κατό φρόνιμοι δεν μπορούν να τη βγάλουν,
Και ψες κουκκιά δειπνήσαμε κι' απόψε κουκκοζούμι,
Σε καλό να μας βγούν τα γέλια,
Τα ήθιλις κι τα ήθιλα,
Παίζ' ου γάτους μι τα πουντίκια,
Βάλ' βλουητό κι έχ' ο Θεός,
Μαλλιά κγ'βάρια,
"Αν κάν' ο Μάρτης δυό νερά κι' Απρίλης άλλο ένα, χαρά στο γεωργό π' όχει πολλά σπαρμένα",
Ηθελές τα κι 'παθές τα,
Βγάλ' τη σκούφια σου και χτύπα με,
Πάγησαν και τ' αυγά και το καλάθι,
Άψαι σβήσαι,
Και στην βρύσι αν πάς νερό δε βρίσκεις,
Κάθε τσαπί για λόγου του δ'λεύ',
Αντακόσμος απότριζα τότε γριά έπλεκ' σφεντόνα,
Αθώους ειμί,
Τ' πάει ρόβ',
Έχ΄ του σκ΄λλί καλτσουδέτα,
Ξέρ΄ ου Γιάνν΄ς τ΄ έχ΄ς του σακκούλ΄,
Έρχιτι σι καλοσύνις,
Απ' το Θεό και το γείτονα δεν μπορείς να φυλαχτής,
"Αφού δεν σε θέλουν, τι ρωτάς πουν τ' παπά το σπίτι",
Της νύχτας τη δουλειά τη γλέπ' η μέρα και γελάει,
"Χίλιοι άνθρωποι, χίλια λόγια, κι όχ' τα χίλια καν κανένα",
Βάλ' το κόσκινο σου στο πρόσωπο,
Το μήλο κάτ' απ' τη μηλιά θα πέση. Μπορεί να πάη και παρέκει,
Το μήλο κάτ' απ' τη μηλιά πέφτ',
Ου λύκους γιάτ' έχ' του λιμό χουντρό: γιάτ' τ' ράει τ' δ' λειά τ' μουναχός,
Μη τα κλουθουγυρίης,
Ο καλός καλό δεν έχ' και χαράς τονε που τόχει,
Να σε φυλάει ο Θεός από νέο άρχοντα,
"Αλουγάριαστους πραμματιφτής, καθάριους διακουνιάρ'ς",
Κάθε πρόβατο από το κλιτζί του κρέμεται,
Έκαμι δισπουτ'κό τραπέζ',
Του κάτου του κιφάλ' τρώει τ' απάνου,
"Παρηγοριά στον άρρωστο, ώσπου να ξεψυχήση",
Που στο διάβολο πήγε;,
"Τ' άλογο, όταν σκοντάφτ, όλοι τύφλα του λένε",
Ηύρε η νύφη μας το γουνί απίσ από την πόρτα,
Και τώνα μοίρα μου και τάλλο μερδικό μου,
"Όλα τα κάν' ο κασιδιάρ'ς, τι κλωτσοσκούφ δεν το παίζ",
Κ'μάτι μι τ'σ κόττις κι σ'κώνιτι μι τ'σ γάτις,
Όπ' λαλούν πουλλοί κουκόρ' αργεί να ξιμιρώσ',
Κάν' του γρόσ' ζουλώτα,
Έχουμε βρακί από τζέργα,
Ανθρωπινό κεφάλι πιτάκωνε και βοϊδινό σήκωνε,
"Άσπρα γένεια, πούτσα δρένια",
"Άμα κλέψης τ' αυγό, κλέφτεις και τη κόττα",
Ο καλός καλό δε γλέπ',
Τα λόγια σου μ' εχόρτασα και το ψωμί σου φα' το,
Τούγγ ξιβράκουσι,
"Ή βάρτο τ' αρχοντόπουλο, ή μη το δοκιμάζης",
Θ'κό είν' αφέντ'; Πάρ' του,
Ούτ΄ είχε ο παπάς γ΄ρούν΄ ούτι έχασι ή θ΄ αποσχτήσ΄,
"Λάχανο με γλύκα, παρά μέλ' με πίκρα",
Απ' του στόμα σ' κι στου Θεού τ' ούφτι,
Του σουϊλή φώναξαν κι ουπού ΄χι αντιλουήθη,
Της Υπαπαντής μαζεύουνε οι γιορτές στ' αντί,
"Ούτ' είχ' ου παπάς χ' ρούνια, ούτι θέλ' ν' απουχτήσ'",
"Άλογο που δεν καβαλλίκεψες, ποτέ μη το κατηγοράς",
Ζέστανα του φίδ' στουγ κόρφου μ',
Της αμάκας το τσιγάρο γίνεται χοντρό μεγάλο,
"Ψηλά είν' ο Θεός, μα βλέπ' χαμηλά",
Μήτι κόττις έχου μήτι μι τ'ν αλ'πού μαλλώνου,
Αν δε 'δης μι τα μάτια σ' πουτέ να μημ π'στεύ'ς,
Κόφτ' τούν αέρα,
"Βάζ'ς ζείλα στο λαιμό σ', θα μπής και στο ζυγό",
Το χωριό καιγεται κ' η π'τάνα λούζεται,
Έπεσε το λάδι στη φακή,
"Ρώτ'σαν κι του γαμπρό, είπι, κατούρ'σι το σκ'λλί στα λάχανα",
Από ζουρλόν και μεθυστήν να πάρης την αλήθεια,
Σε γράφω στα παλιά μ' παπούτσια,
"Για μ'κρός παντρέψ', για μ'κρος καλουηρέψ'",
Ηύρ' η φακή τ' αγκειό τ'ς,
Σαν βρεγμέν' γάτα κάθεται,
Όποιος κρύβεται οπίσω από το δάχτυλό του φαίνεται όλος,
Φτύσ' του γάιδαρου να τσουλιώσ' τ' αυτιά τ',
Με κυττάζ' σαν ο λύκος το φεγγάρ',
Μη φ΄τεύς σκόρδα μι του μεγαλύτιρό σ΄,
Πάτ' σε τ' αυγό κ' έφτασι στον ουρανό,
Αλήθεια λέγου κι αλήθεια είν' ου Θίος,
Του κακού όλοι του χρεωστουν,
Εχ' που να κριμάσ' ν γκάππα τ,
Ουκ έχει που την κεφαλήν κλίναι,
"Ο βλάχος κι αν γίν' άρχοντας, πάλι βλαχιές μυρίζ'",
Έχι συ τ'ν τσέργα σ' κι 'γώ τη θ'κή μ',
Έμπα στους αραπάδες και διάλεξε τον ασπρότερο,
Οπού τάσπειρε μη τα θερίση,
Βοϊδάκ' τού Θεού,
Απέταξε το π' λι και δεν γυρίζ' πια,
"Μαύρα μαντάτα του γαμπρού, η νύφη κατσιδιάρα",
"Ο λύκος  τη φωλιά τ', δε μαγαρίζ'",
Το παιδί α δεν κλάψη δεν του δίνουν το βυζί,
Οπου πειναει καρβέλια βλέπει στον ύπνο του,
Τ' ατάϊστου του μ' πλάρ' σε ρίχν' στου πουτάμ',
Η μέρα τρέφ' μήνα κι ου μήνας του χρόνου,
Ηύρ' η αρίδα ρόζου,
Σαν τη γάτα με το σκύλλο τρώγονται,
Απού τ' ουλότελα καλή 'ν' κ' η Παναγιώτινα,
Στο γυιό σου τάξε ψέματα και στο γαμπρό αλήθεια,
Αναλατιές όσις θέλ'ς,
Καθώς αγόρασα πουλά,
"Χάλασ΄ο καιρός, γύρνα την κάππα αλλοιώς",
Οπόχ' πουλύ πιπέρ' βάν' κ' εις τα λάχανα,
Γύρισ΄ ο Θεός με τη γουλ΄ κάτω,
Όντας είν΄ η γνώσ΄ σ΄ λείπ΄ του γρόσ΄ κι όντας είν΄ του γρόσ΄ σ΄ λείπ΄ η γνώσ΄,
Το σιτάρι και αν δείρη στο μύλο κατανταίνει,
Να σε φυλάη ο Θεός από φτωχό άρχοντα και από παλιό ζητιάνο,
"Άφραγος ο κήπος, έρημα τα λάχανα",
Κακός οχ' κακός,
"Λόγος που ακούγεται, έχ' κι αλήθεια",
Τ' ν' αντρονθ'γατέρα μ' πανούκλα να τ' μάσ',
Ο μύλος με μήλα δεν γένεται,
Σαν τα λάχανα 'ς του τσ'κάλ',
Ακόμα δεν τουν είδαμι κι Γιάνν' τουν φουνάξαμι,
"Όποιος δε σκουπίζ' αλώνι, ψωμί δε χορταίν'",
Αν δι' βρέξ' διγ ξαστιρών',
Τα πήρι σβάρνα,
Πήγαμε να σκιάξωμε και μας επατάγωσαν,
Φωνακλού γυναίκα κακός μπελάς στο σπίτ΄,
"Σαν ξαναγίνω νύφ', ξέρω να προσκυνώ",
Άνιμους κατά καπνού,
Τα δυό ποδάρια σ' ένα παπούτζι,
Με πατάει το σαμάρ',
"Καλύτερα να σ' βγη το μάτ', παρά τ' όνομα",
Ο πνιγμένος τη βροχή δεν σκιάζεται,
Το Μάρτη ξύλα φύλαγε μη κάψεις τα παλούκια,
Όποιους ανακατέβιτι μι τα πίτ'ρα τουν τρών οι κόττις,
Ου κόρακας τι βγάζ'; Κουρακόπ'λα,
Ψήσ' αυγό τ' εννιά είμεσθα,
Φύτ' τα ΄καν όλα δεν άφ' κι τίπουτα,
Αγάπαε η Μάρου του χουρό κ' ηύρι άντρα χουριφτή,
Έμπα στ' αράπηδις κι πάρι τουν ασπρότιρου,
Να έκαναν όλες οι μυίγες μέλ΄ θάτρωγαν κι οι γύφτοι,
"Σήμερα 'κινήσαμεν, κι αύριο πόσαις έχομεν;",
Μούχτι ξύδι γλυκό σαν μέλι,
Σ' αυτό του στρώμα να πλαϊάης,
Τ' αψύ τού ξίδ' στ' αγκειό τ' βράζ',
Πότ' ου Γιάνν'ς δεμ μπουρεί πότ' ου κώλους του πονεί,
"Δό' μου', κυρά μ', τούν άντρα σ' κί σύ κράτα τούν κόπανου",
Μαύρου είν' κι του χαβιάρ' αλλά τσι τρών οι δισπουτάδες,
Ήρθι θαμμένους κι άθαφτους,
Σαν το σκυλί στ' αμπέλ' πήγε,
"Απ' έξω απ' το χορό, πολλά τραγούδια ξέρ'",
"Να και δόμου, χαραίς μεγάλαις",
Χέστ' κι στα βρακιά πάνου τ!,
"Κυριακή, κοντινή γιορτή",
Αν δεγ κλάψ' του πιδί δεν του β'ζάν' η μάννα τ',
Καλουμιλέτα κι έρχιτι,
Ο κόσμος τώχει βούκινο και μείς κρυφό μυστήριο,
Ούτι κόττις έχου ούτι μι τ'ν αλ'πού μαλλώνου,
Έγινι του ανάστα ου Θεός,
Κάν'ς  λάβης καρδία μη σε πονέσ',
Απ' τον Άννα στον Καϊάφα,
Ποιός δι θέλ' να ζυμώσ' ούλ' μέρα κουσκ'ν'ιζ',
Παίζ' σαν η γάτα με το ποντίκ',
Παίρν' απ' του Χριστό να δώσ' στ' μ Παναϊά,
"Το κρυφό μακραίνει, μα στο φανερό ευγαίνει",
Άμα βρέχη τσ' Παπαντής σπείρε τη μάντρα σου κεχρί,
"Τι να σ' προυτουθυμ'θώ κρουμμυδάκ' μ', που κάθι χαψιά κι δάκρυ, ή τ' μυρουδιά σ' ή του κάψιμό σ'",
Ξέρει Γιάννη τέχει τράστιο,
"Άλλα τα μάτια τ' λαγού, κι άλλα τ'ς χουχλουβάϊας",
Από ζουρλό κι από μ'κρό πιδί μαθαίνεις την αλήθεια,
Οπ' έχει ξένον έχει αφέντη,
Λόϊα στουν αέρα,
Κατά την τζέργα πώχει καθένας ας απλώνη τα ποδάρια του,
Βρωμάει το ψάρ' απ' το κεφάλ',
Απού μπρουστά κάν' τού φίλου κί πίσου τού σκύλλου,
"Νάχαμ' ένα διμάτ' τέτοιις να βάνουμε προυσκέφαλου, ημείς δεν έχουμ' ένα να βρέξουμι του μ'νι μας",
Χίλια κλήματα δέκα σταφύλια,
Γλυκόστουμους κι πικράντιρους,
"Οπού μ' αγαπάει με κάνει και κλαίγω, και οπού με μισάει με κάνει και γελώ",
Στο σπίτ' του κρεμασμέν' δε μιλούν για σχοινί,
"Τον λύκο τον βλέπομε, τον ντορό χαλεύομε",
Ο Ακριβός κι ο ψεύτης γληφωρα κάνουν παζάρι,
"Τον αράπη να λευκαίνης, του κουφού να τυμπανίζης του τυφλού να δείχνης στράταν, εύκαιρα τον κόπον χάνεις",
Θρέψ΄ φίδι του χ΄μώνα να σε φάη του καλουκαίρ΄,
"Αγαπά ου Θιός τουγ κλέφτ', αγαπάει κι τουγ ν'κοκύρ'",
Δεν έχ΄ θύρα του σπίτ΄σ΄,
"Πρέπει να κουνήσ' η σκύλλα την ουρά της, για να πάη ο σκύλλος",
"Ου ποντικός κι αν αλιβρωθή, η γάτα τούν γνουρίζ'",
Άκου πολλά και λέγε λίγα,
"Τα γράμματα είν' καλά, μα νάχη και γνώσ'",
Η αρμάτα βγάζ' νιάτα,
"Η άλ' που δεν την χωράει η τρύπα τς, κρεμάει και κολοκύθια",
Η αλ'που η πουνηρή πιάνιτ' απ' τα τέσσερα,
Όποιος παιδιαρομάθει δε γερονταφήνει,
Εκεί που φτύσει ένας δεν κάνει τίποτες και εκεί που φτύσουν πολλοί γίνεται πηγάδι,
Τα παλιά τα 'κουνίσματα τα κριμούν 'ς του γυναίκειου,
Το κάστανο θέλ' κρασί και το καρύδι' μέλ',
Ανάποδα τα 'σκιά στο μύλο,
"Παστρικός, χωρίς μυξομάντηλο",
Το πονηρό το πουλι πιάνεται από τα δυό ποδάρια,
Όλος ο καυγάς για το πάπλωμα γίνεται,
"Κάλλιο πρώτος στο χωριό, παρά παρακατιανός στην πόλ'",
Βρήκε ο γύφτος τη γενιά του κι αγαλίασε η ψυχή του,
Δόσ' του κρασί να βγη η αλήθεια,
Πιάσ' τον τυφλο κ' έπαρέ του τα μάτια,
Εκυλίσθη το τζουκάλι κι ηύρηκε το σκέπασμά του,
Τον άρχοντα η πέτρα στο ποτάμ' δεν τον βουλιάζ',
Κερά νύχτα,
Δεν πήγες στο γάμο; σύρε ταχιά με σκρούμπο,
Του γύφτου τουν έβαναν στου παλάτ΄ κι αυτός γύρευι τα κάρνα,
Γέλα με να σε γελώ να περνούμε το καιρό,
Αλουνίζ' παλιούρια,
Αλοί που το 'χ' η κούτρα τ' να κατ'βάζ' ψείρες,
Μπουρείς να βάλ'ς γνώσ' τ' ζουρλού καμμιά φουρά;,
Είν' μακριά του σκοτάδ'; Κλείσ' τα μάτια σ' να του δης,
Αχ! Μουρή μοίρα τ' σκ'λλιού,
Δος και μέν' και του παιδιού μου είναι κι' άντρας που στη θύρα,
Του 'στριψε η βίδα τ',
Όποιος κυνηγά πολλούς λαγούς κανένα δεν πιάνει,
Εσένα τα λέω πεθερά για να τ' ακούσ' η νύφ',
Κάτζε στραβά και κρίνε ίσια,
Στουμ πάτουν ξουρίζ'ν του γαμπρό,
"Το ξύλο το στραβό ισιάζει, ο στραβός ο άνθρωπος δεν ισιάζει",
Πηγαίνω σιγά σιγά γιατί βιάζομαι,
"Απ' όσα λένε τα μισά, κι απ' όσα ακούς κάμποσα",
"Έμαθε και γένεται, τώρα δεν ξεγένεται",
"Κλαίει κι μείριτι, σκούζ' κι μαγκλαβίζ'",
Τ' νιού πρέπ'ν τα νιάτα κι τ' γέρ' οι αρμάτις,
"Αν θέλ' ο Θεός, πάει η δουλειά εμπρός",
Η κοιλιά βαρεί ταμπ'ρά,
Τουν απιρναει απ' τ' βιλουνιού ν' τρύπα,
Μη μπ'λάς μέρα για νύχτα,
Αυτό δεν είν' μπάλωμα να το ξηλώσης,
Η αλήθεια πλέει σαν το λάδ' στο νερό,
Άμα έχ'ς τσ'μπίδα μή καις τα χέρια σ',
Αν τα λες και δε σ' ακούν τάξαι το πως είσαι στο μύλο,
Ερώτα εν τη απαλάμη κι ούτω βουήσουμεν κι έπειτα θα γίν' αυτό,
Αστραπαϊς βρονταϊς κι αν 'κούσης τα πουλιά σου μην τ' αφήκης,
Κι η πίττα σωστή κι ο σκύλος χορτάτος,
Χέσι κώλι κι άφ' σι κι όλε,
Ξέρ' ο βλάχος τ' έχει ο σάκκος,
Αν ήξεραν τα γομάρια ότι τα μ'λάρια τρων κριθάρ' θα ψόφαγαν από το κακό τς,
Δουλεύω σα χαμάλης και τρώω σαν αφέντης,
Κάλλια πέντε κάρβουνα παρά χίλια πρόβατα,
"Πάρι μι, όντας μι βρης για να μ' έης όντα μι θέλ'ς",
"Γάιδαρος που δεν μποδίζ', άστον να γκαρίζ'",
Του Μάρτη ξύλα φύλαγι μήγ κάψ' ς τα σταλίκια,
Τ'ς νύχτας τα καμώματα η μέρα τα γελάει,
"Τώρα μου 'ρθε, τώρα θέλω",
Βήκ' η αλ'πού στ' φώρα,
Ο καλός ο νοικοκύρης τον χειμώνα αναπεύ',
"Τ' ακριβού του τίπουτα, σε χαροκόπου χέρια",
Δεν κουτσαίν' ο γάιδαρος απ' τ' αυτί,
Ο Θεός να φυλάγη απ' άδικο,
Πάρε νύφ' από φασκιό και σκ'λλί από κοπάδ',
Απ' τή ζέστ' κι απ' τά πολλά λεπτά δέν παθαίν'ς τίποτα,
"Μικρός διάβολος, μεγάλα τσαρούχια",
Τ' βήκ' ξ'νό,
Όποιος πρόλαβε τον Κύριο είδε,
Γριά γαμήσ' ήθιλι τώρα το θίλι,
Νύφ' από τζάκι και σκύλλ' από κοπάδι,
Αν δε σε θέλει το χωριό μη ρωτάς που 'ν' του παπά το σπίτ',
Καιρός φέρνει τα λάχανα καιρός τα παραπούλια με τον καιρό και το δεντρί βγάζει καρπό και φύλλα,
"Αν σου 'ριχτ' αναγούλα, βάλ' του χέρ' σ' να ξιράης",
"Ας γελάμε κι ας πηδάμε, για να λεν πως δεν πειναμε",
Κρένουν κ' οι ζωντανοί με τους απεθαμμένους,
Ήθελα να πέσω και καλά που μ' έσπρωξες,
"Ό,τ' κάνεις, θα λάβης κεφαλ' να μη σε πονέση",
Κάθετ' η πομπή στο δρόμο και γελάει τους διαβάταις,
"Ανάβαλις του σκύλου, τοίμασι κι' του ξύλου",
Τζουκάλι σπασμένο τίποτε δεν παθαίνει,
Δεν βρέχ' πάντα καρύδια ο Θεός,
Να βρέξ' Απρίλης δώδικα κι ου Μάης μια κι φίνα,
Όλα τα δάχτυλα δεν είναι όμοια,
"Κούκλα απ' έξω, κι από μέσα πανούκλα",
Κοίταξέ με το ένα να σε κοιτάξω με τα δυο,
Όλα τα δάκτυλα δεν είναι ίδια,
Σα δε θέλει καμαρώνει,
Με το δάσκαλο που κάθεσαι τέτοια γράμματα μαθαίνεις,
Ούτι για όρκου (δεν είνι),
Απ' του πρόκου προυκουπή κι απ' του Ρίζου ρίζα,
Κάμι του καλό κι ρίξ' του στου γιαλό,
Χαρά στον αξιότερο,
Αυτός μι τ'ν τριλίτσα τ' γιουμίζ' τ' γ κοιλίτσα τ',
"Τί του πληρώνεις, την τσόχα ή τα ραφτικά",
Αν δεν παινέψης την καλύβα σου πέφτει και σε πλακών',
Κάθιτι σα γάτα βριμέν',
Όποιος πρωτοπάει στο μύλο αλέθ',
Φταίει τάλογο και δέρνει το σαμάρι,
Ο μικρός ο πλάνος βγάζει μεγάλο ψάρι,
"Ούτε γάτα, ούτε ζημιά",
"Γιάνν'ς κερνάει, Γιάνν'ς πίνει",
Βρήκ' η στραβή τ' αρνί τ'ς κ' η γκαλιώρα του θ' κό τ'ς,
Κακκαρίζοντας η κόττα προδίδ' τη φωλιά της,
Έρθ στ΄ν ξύφασ΄,
Ο κάμπος έχ΄ μάτια και ο λόγγος εκ΄ αυτιά,
Λέλε μ' τ' έπαθα,
Ηύρα του διάουλό μ',
Δε φυτρών' ν τα σκόρδα,
Βάλ' τα να τα ματαπάρ'ς,
Σένα σ' λείπει μάννα καί λαγγιόλι,
Του πνίκαν τα καράβια,
Τ' ακριβού το τίποτε σε χαροκόπου χέρια,
Το 'πιασι σκ'νί λουρί,
Ανθρώπου παρακάλεσις ομοιάζει σαν αγκαρία,
Το πρόβατο οπού χωρίζεται από το κοπάδι το τρώγει ο λύκος,
- Από πούθι είσι γυόκα μ'; απού κεί πούν' κι' η γυναίκα μ';,
Σώχω ράμματα για τη γούνα,
"Ούτε στον ήλιο τον βρίσκεις, ούτε στον ίσκιο",
Ο ζουρλός κουδούνι δε βαστάει,
Αγάλ' αγάλια γίνεται η αγουρίδα μέλ',
Το ράσο δεν κάνει το παπά,
Τί κούναι κι δεγ ξισκέπαζι να ιδή,
Σαν το νιρό τς λειτουργιάς,
Όποιους δεν έχ' γνώσ' στου κιφάλ' ν' εχ' στα πουδάρια,
Όλα τά 'χ' η νύφ' μας κι ου φιριτζές τ' ς έλ' πι,
"Βαλ΄ευλογητό, παπά μ΄",
Όσ' αριών' ν τα σκόρδα τόσου χουντραίν΄ν,
"Κι ου ένας κακό χειρόβουλου, κι ου άλλους κακό δεμάτ!",
"Να παντρευτής, να γκαστρωθής, να ιδώ τη λεβεντιά σου",
"Σπίτ' χωρίς νοικοκυρά, χαλαχμένο χωριό",
Το βουβό ποτάμι πνίγει κόσμο και κοσμάκη,
Απ' μικρή σπίθα γίνεται μεγάλ' φωτιά,
Ήρθαν τα άγρια να διώξουν τα ήμερα,
"Ο γέρος νιό δε γίνεται, κι άμοιρος αφέντης",
Το μάτ' είναι κιοτής και ο πλάτ'ς είναι μπούρας,
Ου καλός άνθρουπους αγαπιέτι,
Εμ'νι σαν η νύφ' μι τ'ν ουκνά,
"Απ' τα ψηλά στα χαμηλά, κι απ' τα πολλά στα λίγα",
Ου κάλπ'κους ου παράς δε χάνιτι,
"Κόψε ξύλο, φκιάσε Αντώνη, κι από πλάτανο Μανώλη, κι αν ρωτάς και για το Γιάννη, ό,τι θέλης κάνει",
Ένας κούκκος δέν φέρ' άνοιξη,
Μες τ' μπίττα πάτ'σις,
Να βγάλ' μοναχός τα κάστανα απ' τη φωτιά,
Ένας δεν είχι τι να κάν' κι ζύγιασι τ' αγκιά τ',
Του πουτήρ' με τ'ν αράδα γυρνά,
"Θέλ' να κ'νήσ'η σκύλα τ' ν ουρά, να πάν' τα σκ'λι από κοντά",
Άργησε και φέρ αλεύρι,
"Αλεπού κι αν κρύβεται, φαίνεται η ουρά της",
Πήρι κατήφουρου,
Μωρίας το ανάγνωσμα,
Όντα σ' λεν 'μσούϊρουν μη λες όχ!,
Τρανάει ν άκρα τ',
Πάει η βάβου γι άλας,
Κάνει το γουνί βελονια,
"Αν κλείσης μιά πόρτα, ανοίγουν δέκα παραθύρια",
"Αφέντης δεν γίνεσ' εύκολα, μα δούλος όποτε θέλ'ς",
"Σε τέτοιου ξύλου π έντισα, ιδώ θα ξημερώσου",
"Θα π'δήσου τάτα, να σ' ιδώ πιδί μ'",
Ελάτε γνωστική να φάτε του τρελλού το βιό,
"Καλύτερα ένας κακός χρόνος, παρά ένας κακός γείτονας",
Κουβαλεί μι του κόσκ' νου νιρό,
Πήγι για μαμμή κ' έγινι λιχώνα,
"Με τη φούχτα τα διν', με τη φούχτα τα παίρνει",
Αντά τώχες στο κλουβί ας το κράτειες το πουλί,
"Ξύλα κούτσουρα, δαυλά καμμένα",
Σ' αψυχώ και φαίνεσ' ανδρειωμένος,
Αλλού ν' τα καρκαλίσματα κι' αλλού γεννούν η κόταις,
"Γόνατα που δεν κοπιάζουν, κοιλιά δε γεμίζουν",
Κάμεις πάθη καρδιά μη σε πονέση,
"Να καναν όλις οι μυίγες μέλ΄, έτρουγαν κι οι γύφτ΄ μι του χ΄λιάρ΄",
Τις έφαγε το μέλι; οπώχει την μύγα στο σκιάδι,
Γέρασε και κούτιασε,
Απόξου κούκλα κι μέσα πανούκλα,
"Κάλλια δέκα κάρνα, παρά χίλια πρόβατα",
"Όποιος δεν θέλ' να ακούσ' τα μαντάτα, δεν πηγαίν' στο μύλο",
"Αν είχ' η ζούρλια κέρατα, θα φαίνονταν σ' όλους",
Όσα μπουν κι όσα βγουν,
Γκ' λίθ' κ' η τέντζιρ' κι ηύρι του καπάκ',
Βολεί σ' ο τόπος κύρη μου και φαίνεσ' ανδρειωμένος,
Του νιου πρέπ' ν τα νιάτα και του γέρ' η αρμάτα,
Είνι να τούνγ κουρτίης κι να κάθισι να τουν ακούς,
"Αρνί που φεύγ' απ' το μαντρί τ', ή του λύκ' ή του μαχαιριού",
Κοντή γ΄ναίκα πέρδικα ψηλή χαραματνάλα,
Δυό χειμωνικά σε μια μασχάλη δεν βαστιούνται,
"Κάλλιο χίλια κάρβουνα, παρά χίλια πρόβατα",
"Άμα πέρασε η βροχή, γιουμπουρλούκ (μσσαμάς) δεν χρειάζεται",
Ου λύκους τ'ν αντάρα γυρεύ',
Δεν είναι τριαντάφυλλο χωρίς αγκάθ',
Ένας κούκκος άνοιξι δέν φέρνει,
Η πείνα περνάει από το κατώφλι του δουλευτή,
"Ότι κάν' η γίδα στο σουμάκι, κάνει το σουμάκι στο τομάρι της",
Όλου 'γω κι όλου 'γωστου μύλου καλά μόκανε κι ου μυλουνάς,
Μήνα π'λιέτ' η έρ'μ',
Να ματσ'λάς τα λόϊα σ' καλά κ' ύστερα να τα βγάν'ς απ' του στόμα σ',
Απ' το βουβό ποτάμι να φοβάσαι,
Αν βρέξη λάσπη γίνεται,
Είνι να τρώς κι να γλύφ'ς τα δάχ'λα σ',
Ου αγ' ρουφάης κιρδίζ',
Δεν έχ' όψ' κι ανάπουδη,
Πού πσς μι τρία κι μ'σο στου γάμου;,
"Τα μικρά δεν ήθελες, τα μεγάλα γύρευες, τράβα το χειρόμυλο",
Ακόμα δί βήκ' απ' του τσέφλοιου τ',
"Όποιος εχ' πιπέρ', βάζει και στα λάχανα",
Όμοιους τουν όμοιουν αγαπάει κι η κουπριά 'ς τα λάχανα,
"Κόψε ξύλο φκειάσε Γιώργο κι από μπλουκουκιά Θανάσ' κι αν ρωτάς και για το Γιάννη ό,τι ξύλο θέλεις κάνει",
Άρπαξε να φας κι κλέψε να 'ης,
Όπ' έχει πολύ βούτυρο αλλείφ' και το πισινό,
"Άλλ' κλαίν, κι άλλ' γελούν",
"Το γεράκ' ψ'λά πετά, μα χαμηλά λογιάζ'",
Να μη του ιδής κι στουν ουχτρό σ΄,
Αυτός ου ανήφουρος θα έχ' και κατήφορου,
Ο κόσμος τόχει τούμπανο κι εμείς κρυφό καμάρι,
Τον αγαπάει σαν το χιόν' στον κόρφο,
"Οπ' ακούει κόσμον, κόσμον πέρνει",
Ακούεις τα τραγούδια μου και λες δεν έχω πίκρες,
Κάηκ' η βάβω στο κουρκούτ' και φ'σάει και το γιαούρτ',
"Ανεμομαζώματα, δαιμοοσκορπίσματα",
Εσκορπίσθηκαν σαν του λαγού τα παιδιά,
Τ' φού να μην αβασκαθής,
"Μ' αναστενάζης, να δειπνάς, να κλαίς να γιοματίζης",
Του λύκου τουν βλέπουμι τουν τουρό γυρεύουμι,
Κάμε καλό και ρίξε το και στο νερό,
Φτ'νά τ'ν γλύτουσι,
"Τέτοια ώρα, τέτοια λόϊα",
Για καλό κακό τουμ παπά πιρδικλουμένουν,
Όντα διψάη η αυλή σ' μη δίν'ς τ' αλλ'νού,
"Ο μικρομαθημένος, δε γερονταφήνει",
Μάρτης Πεντεδείλινος,
Το μάτι του νοικοκύρη τρέφει τ' άλογο,
Έβαλαν την αλεπού να προσέξ' τις κόττες,
"Σύψουμα κι δίχους ρόγα, κι απ' τη ράχ' τ' τσαρούχια",
Πάει η γκαμήλα να τ'ς βάλ'ν κέρατα κι τ'ς έκουψαν κι τ' αυτιά,
"Ξένον φιλάς, λύκον φιλάς",
Όλοι μ' ένα βόϊδι κάνουμε,
Είν' για ζέψ' μου,
Εβατεύουνταν η γίδα κι τουν τράγου τσούζ' ου κώλους,
Κοίτα Μ' ένα μάτ΄ να σε κοιτάζω με τα δυο,
Πολλά κρύβ' κάτω απ΄τη σκούφια του,
Προσκύνα γαμπρέ; Δόξα σοι ο Θεός,
Τρεις περδικούλες κάθονταν και τραύαγαν ταμπάκο,
Όποιος αρχίζ΄ με θυμό τελειών΄ με ντροπή,
Το καλό το παλληκάρ' ξέρ' κι άλλο μονοπάτ',
Κάλλια κόμπου στου ζ'νάρ' παρά πόνου στ' γκαρδιά,
Αγάλ' αγάλια πας μακριά,
Στουν αμαρτουλών τ' χώρα του μαγιάπριλου χιονίζ',
Όποιος θέλ' να πνιγή δεν το διαλαλεί,
"Τη γίδα τη δέρει το χαλάζι, κι αυτή μόν' τον ανήφορον κρατεί την ουράν της",
"Ούδ' οχ τον πρόκο προκοπή, κι' ουδ' οχ το ρίζο ρίζα",
Όχ' σκατά η γριά τα 'χ' καμουμένα,
Οχιά 'πο το προσήλιο,
Ας λαλήση κι' άλλ' αηδόνι κι' άλλο πετροχελιδόνι,
Άλλ' πέφτουν κι άλλοι σηκώνονται,
Χαρά 'ς νγκαρδιά σ',
Κάμω τρύπα στο νερό,
Δυό καρπούζια σε μια μασχάλ' δε βαστιούνται,
Ψουμί απ' του σπίτ' τ' δ'λειά σι ξένου αμπέλ',
"Ξένος πόνος, εννέα έχ' ο μήνας",
Το μυστ'κό είναι σι δυό,
Διαουλίστ΄κι,
"Γλυκάθ'κε η γρηά τα σύκα, και κάθ' μέρα τ' αναζητά",
Ο βρεμένος απ' τη βροχή δεν φοβάται,
"Το δίκιο μ' καρφί βλέπ'ς, το δικό σ' παλούκ' δε το βλέπ'ς",
Παραχώνεται σαν βρίζηνο καρβέλι,
Έχομε και το γίδι κοπάδι,
Λέει λέει κι πουτέ σουμό διν έχ',
Πιάν' τ' γάτ' απ' τα νύχια,
Σάν Ουβριός 'ν γκόττα,
Γκαστρώθ' κ' η θάλασσα κι γένν' σ' ένα νηπάκακα,
Άλλου μπότ' μί νιρό,
Μάτια ευτυχισμένα και χέρια στερεμένα,
Αλοί 'ς τουν παντιχούμινου 'ς τ' γειτουνιάς του δείπνου,
Σαν το βόδ' στο ζυγό κάθεται,
Δεν τ' δείχν' άσπρ' μέρα,
Σώθηκε το λάδ' του καντηλιού τ',
Αέρα κουπανίξ,
"Η ξενιτειά κι ο θάνατος κ' η πίκρα κ' η γι αγάπη τα τρία εζυγιάστ'καν, βαρύτερα είν' τα ξένα",
Κατούρ'σε η φοδάρα στ' αλών',
Κι ο ένας κακό χερόβολο κι ο άλλος κακό δεμάτ',
Από την αναβροχιά καλό 'ν και το χαλάζι,
Με το κεφάλι οπ' έχω σε προσκυνώ,
Βάζ' κι η μυλωνού τον άντρα της με τους πραματευτάδες,
Όλα τα παχειά ώμορφα και τα πλούσια φρόνιμα,
Ο λύκος αρνί δε γίνεται,
"Άλλαξε η πάπια, κι έβαλε τα σάπια",
Του είπαν να χέσ' και ξεκωλιάστ'κε,
Βάλ' αυγά και βούτυρο και κάμ' ακονοζούμι,
Τα ξένα παραπαίνα τα και μη τα παραδέρεις,
Η γρηά κι' αν μπεπαινεύευται ανήφορος τη δείχνει,
Αυτό ήταν απ' τ' άγραφα,
"Του Γεναριού η καλοκαιριά, όλα τα δέντρα τα γελά",
Όλες οι μυίγες δεν κάνουν μέλ΄,
Το θα μ' κάν' θα μ' κόφ' του νιρό απ' τα πράσσα,
Θέλησε ο Οβριός να ξεκινήση κι έτυχε Σάββατο,
Πέντα βόδια δυό ζευγάρια,
Το ζώο το βρήκαμε κουρμπάν',
"Άσπρος σκύλος, μαύρος σκύλος, όλ' μια γενιά είναι",
Η αλήθεια έχ' πίκρα,
Δαν'κά κι αγύρ'στα,
"Απού λίγου, φίλι, του φαϊ, τ' είν' του ζουμί καθάριου",
Επέρασε ζωήν χαρισάμενος,
Η διακονιά είν' μ'σό τ'μάρ',
Τ' μαύρισι του μάτ!,
"Πότε πήτα και φλασκί, πότε πήτα μοναχή",
"Όσο να σηκώσ' το ένα πόδι, βρωμάει τ' άλλο",
Ούτι φουνή ούτ' ακρόασ',
Τ' του είπι γιά κρυφά κι αυτός βάρ'σι τ'ς καμπάνις,
Τι έχου; τι δεν έχου ρώτα,
Γίλα κι ου ν'κουκύρ'ς,
Άπιαστα π'λιά χίλια στον παρά,
Κάμε καλό στου ανέμου το χωριό,
Τ' φου κι απού κι απ' τ' ν αρχή,
"Αν π'νάη ο ακαμάτης, ψοχοπόνεση δεν έχ'",
"Για παπάς, παπάς, για ζευγάς, ζευγάς",
Το ξύλο και το γαμύσ' δε βγαίν',
Τα ξένα είν' ευκουλουλουγάριαστα,
Άνθρωπος ο πολύβουλος κι ο Θεός ο βουλοκόπος,
Η μαχαιριά γιατρεύγεται μ΄αουροπηλο(γ)ιά 'πομένη,
Ειε την μοίραν απού τη παραθύρον,
"Απού 'τυχε ας μην ετύχαινε, τσ' απού 'λαχε, αε ήθελε μη λάχη, σε αντρούνου χωρισιά τσαί σ' ερημιά πραμάτου",
Ο άσωρος βους ηξέρει του μαύρου τις κεντές,
"Είχα βου(ν) κι' επουλουν βου(ν), κ' είχα βου(δ)οπόλεμον",
Ανέπιασε τη παλλαρό να μάθης τη αλήθειαν,
"Αβιός αβιού ανα(γ)ελά, τσιγκούνης το τσιγκούνη",
"Σαν αποθάνω απ' συναχι, η χουλέρα μούζαις να 'χη",
Δίκιον κι άδικον βοήθα τον (ιδ)ικό σου,
Ξωφόρι ράσυνον και σσωφόρι μάλλινον,
Είδε τον άγγελον κ' αγγελοστάστη,
Γλειφοσκουτελίτης ερημοσπίτης,
"Επή(γ)εν να πή τα ψόματα, κι είπεν την αλήθεια",
"Όποιος κάθεται, μετρά τα ζάλα του στρατηλάτη",
"Μηγ γελάσης τσαι 'ελαστής, μηκ καταϊκάσης τσαι καταϊκαστής",
Άγιος που δε θαματουργεί τη δόξα τι τη θέλει;,
"Σαν υπάεις σ' ένα τόπο, όπως κουτσαίνου – ν ούλοι, κούτσαινε τσαι σου",
Σαράντα Μενεδιάτες σαρανταπέντε κουβέντες,
Με το ρώτημα πας στη Πόλιν,
Όποιος πονελι γαουρινα φωναζει,
Αερικόν τον ηύρεν,
Κάηται και νου κακαίνει,
Η μεάλη λακανία εγχωρεί πολλά και λία,
"Ζάλον ζάλον, 'πας 'ς την Μπόλην",
Άντρα θέλω για λαλά θέλω τον κι απψ' αργά,
Όπου σκοντάψη το ταχύ ολημερούς σκοντάφει,
"Γεννάρη μήνα χλά(δ)ευγε, κακού φέγγου δεν έχει",
Το κρασί κι' ετούτ' η κούπα μου 'βαλαν τα τέτοια ρούχα,
Καλός κακός ο χοίρος μας αμ ήβγε χαλαζιάρης,
Ακάλεστος γά(ϊδ)αρος 'ς τον γάμον τι γυρεύγει;,
Κώλος κλασμένος γιατρός αυτωμένος,
Αλλού τα κούρταλα κι' αλλού είν' ο γάμος,
"Μη βρουντήσης ξένες πόρταν, μη βροντήσ' η κεφαλή σου",
Δεν ευρίσκει η βολή του μή(τ)ε κ η πελεκητή του,
"Άλλα λεγ' η λύρα μου, κι' άλλα η τσαμπούνα μου",
Δεν έχει ήπατα,
Ώς άν έρθη το βιός σου 'ς τ' αβγό δός του να σπάσει,
"Τσά τρώεις μιά, δυό, τρεις, θυμού τσαί της Παρασκής",
Τ΄ αξαμός σου ΄ν  ωγιά τσαί εν έρκεσαι;,
Ίσια γιαλός με την θάλασσαν,
"Ποιός δε(ν) θάψη, πάντ' ανημένει",
Είδα την εγιώ τη μοίρα που τη μαύρη παραθύρον,
Γλείφει το κόκκαλον,
"Απού τηλ Λαμπρή τσαι πέρα, βος του φουστανιού σ' αέρα",
Έκαμε κι' οκνός καλό μια τρύπαν εις το νερό,
Χαρά 'ς τη ψυχή του που θάφτει το παιΐ του,
"Γάαρο λαλείς, πειρασμό λαλείς!",
Αφού μπάσαμε τη κόρην (δ)υό προξενειές μας ήρτασιν,
Ας με λέ(γ)ουν προϊστίναν κι' ας λιμάσσω που την πείναν,
Το καλόν πουλλίν απού τ' αβγόν κελαδεί',
Μάθε στα όρη να δειπνας μάθε να ξεμοναζης,
Σατά βραμε τό(μ)πασάν να θάψουμε τη παπαδιάν,
"Σύρνε με κι εγιώ να κλαίω, τράβα με και να τσουκνίζω",
Νά λείπου(ν) τά πιπέρια μου νά (ιδ)ώ τίς μα(γ)ειριές σου,
Ξύλο-ν απελέτσητο της γυναίκας μητ το ΄είχνης,
Όλ' έχου για το μισσεμό κ' η γριά 'χει για το θέρρος,
"Απρίλης, Μάς, κοντά ν' το θέρος",
Άφτρες κάφτρες,
"Ίσια ίσια γιαύταδά σου, εκρεμμάσασιν τ΄αυτιά σου",
"Σ  τά ρημα β)ουνιά, ξύλα και χλα(δ)ιά",
"Αν είν' τα σάββατα μακρυά, η Παρασκαις κοντά 'νε",
Σσόϊν υπάει το βασιλίκι,
Εγώ 'καψα τα ρούχα μου να μη με τρών οι ψύλλοι,
"Επέρασε(ν) το σά(β)ατο(ν, πήττα(ν μην αλιμένης",
Δε(ν) την επήρε τ' άστρο(ν μου τη(ν) περαματαριαν σου,
"Ως τον εύρω το καιρό, θε να τον αρμενίσω",
Ζη και μεταζώνεται,
Ο κόρακας ποτέ περιστέρια δεγ κάνει,
Ο κούνουπας εκάετο στου 'ουδιού το τσέρατσο,
"Επίρασε το Σάββατο, πίττα μην αλιμένης",
Η αρρωστιά κ' η αρκοντιά γνωρίζου(ν)ται 'που τα μακρυά,
Είναι κιάρα Κρήτη!,
"Όποιος δε θέλει τούμπανα, γάμο δεν κάνει",
"Σ τά έρημα β)ουνιά, ξύλα και κλαδιά",
"Σ τ' ανδρός το(ν νόστον η κιλλή, εξάψαν η πο(δ)ιαίς της",
Σαν τα τρωες με τη μαρκούτα ε τα διαλο(γ)ιούσου(ν) τούτα,
"Δέν είνε 'ίζι μέ νερό(ν), μόνον νερό(ν) μέ 'ρίζι",
"Θαρρούσιν εις την έρημον, και πανυ(γ)ύριν είνε",
Τσα μ' εύρης φύλαξέ με τσα με χρειαστής να μ' έχης,
Αποπαντή δε χιόνι σεχ κι η γριές αρνούς εθρέψαν,
Γκρίνιαν και ικάσιμον φέρν' η λτοψωμιά,
Όποιος αποθάν' εφέτος του χρόνου δε φουάται,
Δεν είναι του σεφέλιου ή του καμάτου,
"Από μακρειά να κουραστής, κι' από σιμά ν' αργίσης",
"Κόψε τη φτερούα, μπάλλωσε τη τραχηλά",
Άνθρωπος ανθρώπου μοιάζει και το πράμα παραφέρνει,
Ξώστρα θα κάμη,
Αέρα μου καλοκαιρινέ να σ' είχα το χειμώνα,
Εϊνησα τα μμάντια του σαν αυγά,
Ρίξε πίσω τ' αυτιά σου ν΄ακούσης την σούρα σου,
"Που σηκωθή με τον θυμόν, με την ζημιάν καθίζει",
"Ώρας βουλειά, χρόνου μελέτημα",
Σι σόϊν υπάει το ασιλίκι,
Έπαθα του λιναριού τα πάθη,
Τ' αυγά δε βάφουνται με τες πορδές,
"Κωλοσείστρα χαδεμένη, η κοιλιά σου τουμπανίζει",
"Τσαν επαίρεις παννί, την ούγια θώρει, τσαν επαίρεις κόρη, τημ μάνα θώρει",
"Η θλίψαις κόβγουν γόνατα, και η έγνοιαις φέρνουν γέρα",
"Είχεν ή λουβή κουττί, κ΄ ήξιεν το κ΄ εθώρειν το",
Ορφανόν ανατρέφεις το πειρασμό σου γυρεύγεις,
Μη πιστεύγης των εμμαντιών σου,
"Δεν έχω με το τι 'παθα, μόνον το τι θα πάθω",
Δίνει του 'νους σπαθί και τ' αλλονοί σκιπέττο,
Μάζεψε τα πλυμένα σου και τα κατουρημένα σου,
"Ή πράξε ή μετάπραξε, ή που το(ν) κόσμο(ν) λείψε",
Όποιος δεν ακούει των γονιών του σε κακή γωνιά καθίζει,
Άλλοι κάμνουν κι' άλλ' ευρίσκουν,
"Εκαμ' ο οκνός καλό(ν), ήριξε πέτρα(ν) 'ς το νερό(ν)",
Σ' ένα καλίκι (δ)υό Πό(δ)ια δεν εχυρούν,
Δεν εστοιχού(ν) το(ν) γάαρον και (δ)έρου(ν) το σαμάρι,
Διάταξε συ τη κάττα δου κι εγιώ την αλαπού μου,
Δεν έχει χώμα να θαφτή,
"Ξένος είσε, ξένα πέρνα",
Ζωντανός ξεχωρισμός καμός καρδιάς,
Απανωκούμ ίλο καυκί χαρά φτωχού,
Άλλος γαμβρός κι' άλλος πλειά μπρός,
"Από κωπής,  εις το βήμα",
"Απού προεστός, κράτης",
"Όποιος λυπάται του κάττη το ψωμί, τρών οι πεντκοί τα ρούχα του",
Πέσε πήττα να σε φά(γ)ω,
"Όσο τσ΄ α΄ ξεπέση ο Χριστός, πάλι πέντ΄ έξη άγιους κάνει",
"Απρίλλης με τα λούλλουδα, κι ο Μάης με τα ρό(δ)α",
"Αλίμονον οι όμορφες να μην εποθανούσα, ήθελα να το ψόματα τσαι να ξαναφανούσα",
Τα θέλ' ο Γιάννης στη Μαριά να (ιδ)ή η Μαριά στο Γιάννην,
"Εγιώ μην εις τον πόλεμον, κι άνδρας μου μου 'φηγάτον",
Ιάλεξε κι αποιάλεξε πήρεν αποιαλέουρα,
Στ' άπορο-ν αρνί τα κακά,
"Ήτον άσουρα τ' αρνιά, είχασιν κι ορίαν πλατειάν",
Έχ' ο θεός για της αρφανής το(ν) παυτόν,
Επήε να πή τα ψώματα κι είπι την αλήθειαν,
"Απου του πειρασμού το μητάτον, μή(τ)ε τυρί μή(τ)ε μιζίτρα",
Αυτός και μόνος και μοναχός του,
Η καλή πέτρα στο καντούνι εμβαίνει,
Έχου και το μπαρμπαζ Γιάννη σα το γάαρο που κλάνει,
"Από 'πίσω 'που τον δάκτυλόν σου μη κρύβγεσαι, γιατί φαίνεσαι ούλος",
Θρέψε τόπ πεντικό να τρώη τα ρούχα σου,
Κά(θ)εται κ' η μοίρα τ' εργάζεται,
"Ότι πάνω, ότι κάτω",
Κάθε λό(γ)ος έχ' αντίλο(γ)ον,
"Δεν έχω για τα τι έπαθα, μόνο τα θέλει πάθει",
Άσπρος σκύλλος μαύρος σκύλλος και όλ' οι σκύλλοι μια γενειά,
"Απού νηστεύγει γι' αρκοντιά, η πείνα του πομένει",
"Η καλουργιά κ' η διαολιά, 'σπίδια θεμελιώσαν",
Ο Θεός μη σου δώση όσα δε δύνασαι να (β)αστάξης,
Ωσάν εύρης φαϊ φάε σαν ι(δ)ής ξύλο κόψε,
Όπ' αποθάνη με πολλούς θάνατος δε(ν) λογ(γ)άται,
Κρουφά κρουφά κατούρισε κι α δε θωρείς θωρού σε,
"Ζαβά 'ν' τα ούια σου, ζαβή νε κι' η σπορέα σου",
Πάρε το χωριάτη στο γάμο σου να σου πή κι απ' χρόνου,
Π' ακούει ένα και κρίνει δυοό κακός κριτής είναι,
Από μακρυά να κουραστής από σιμά ν' αργήσης,
Μή(τ) τα πίσω ξεμετρά μή(τ)ε τα μπρός λο(γ)ιάζει,
"Μη μου πολυχαδεύγεσαι, και του χαδιού δεν είσαι",
"Η με(γ)άλη λακανί(δ)α, β)άλλει καί πολλά καί λί(γ)",
"Βλέπε μάννα, παίρνε κόρην",
Όποιος επνίη εμετάνοιωσεν,
"Βάστα την καπόταν σου, θέλ' ας βρέξη, θέλ' ας χιονίση",
"Ξενοθερίζεις τρα(γ)ου(δ)άς, κακό χειμώνα θάχεις",
Γέλασε και χαχάρισε σα κεφαλή ψημένη,
Εφτά χωριά 'χ' η Κάρπαθο τσαι τ' Όθος μοναχό του!,
Ζη κ' βασιλεύει,
"Η θλίψαις κόβγου γόνατα, και η έγνοιαις φέρνου γέρα",
Ξένο ψωμί και (ιδ)ικό σου μαχαίρι,
Ακόμη ψες έκοψα το φαλί του,
"Εμπάτε σκύλλ' αλέσετε, κι αλεστικόν μή δόσετε",
Κάθε θάμα τρείς ημέρες παράθαμα δέκα πέντε,
"Απρίλλης με τα λούλου(δ)α, ο Μάις με τα ρόδα",
Ατού που μαθες κι πας τι κεφάλι σου θα φας,
Ξεκουμπισμού καώματα,
Αν δεν πονέσης γόνατα καρδιάν δε θεραπεύγεις,
Κει που δε σε σπέρου μην ανεμιλλαώνης,
Γοργά γοργά καλλίκεψε κι' αργά αργά κατέβα,
"Όπως με θωρείς, γράψε με",
Σα τα 'τρωγες με τη μαρκούτα ας τα (δ)ιαλο(γ)ούσου τούτα,
Ο λό(γ)ος στην αρά(δ)α του χίλια τσιτσίνια κάμνει,
Όσον η πέτρα κατακα(θ)ίζει τόσον πυκνομαλλιάζη,
Όποιος θέ να τρώη γάλα πρέπει να πιά με(γ)άλα,
Εχ' άγγελος πετρά(δ)αν και κακόν αργό(ν) στον νου του,
Βάστα με να σε βαστώ να περνούμε τον καιρόν,
"Ας λείψουν τα αρτυσί(δ)ια μου, να ι(δ)ώ τις μα(γ)ειριές σου",
Δουλευτής και καματερός,
Το καλό μας στηγ γενιά μας,
Κάθου πραματάκι μου και λό(γ)ια μη μου φέρνης,
Όποιος πνιέται τα μαλλιά του σύρνει,
Α(γ)απά ο Θεός το κλέφτη ααπά και το νοικοκύρην,
"Να κάμναν οι σκατομπαμπούλοι μέλι, ο κόσμος ήθελε το γέμει",
Με μεαλύτερό σου σκόρδα μη φυτώγης,
Το μικρομάθεις δε γεροντοξεχάνεις,
"Μούρμου, μούρμου ήφαες την καρδιά μου",
"Όποιος σκοντάψε το πορνό, ολιμερής σκοντάβγει",
Ούλα τα πουλλιά μισσεύγου κι ο σποργίτης απομένη,
Όπου το βγάλ' η άκρα κι' όπως έρθη πίσω πίσω,
Έγ γίει τ' αντζέλου του νερό,
Τον κακού καιρού το πουλί αλλού τρώει κι' αλλού θωρεί,
Κάθε νιος να δράμη θέλει,
"Σαν κάμη ο Μάρτης δυό νερά κι ο Απρίλης άλλο ένα, χαρά σ' εκείνο το ζευγά που 'χει πολλά σπαρμένα",
Ηύρ' ο γύφτος τη γενειά του κι' αναγάλιασ' η καρδιά του,
Μη βρέξ' ο Θεός και βρέξη την κι' ο ήλιος και 'ηλιοκάψη την,
Τέντουα χάλια τα ΄χ΄ η ρόκκα,
"Ο κιμιζής κατουρεί στο γιαλό, αμέ τα βρίσκει στ' αλάτι",
"Κούρεψε τ' αυγόν, πάρε το μαλλί",
"Τα διακόνια, τα διακόνια της κακής Γελλούς εγγόνια",
Σκύλος που δε βακά όσο θέλ' ας γαυγίζη,
Μακάρι νά μην κορασιά κι' εγιώ το παρεκάλουν,
Έρραξε σε καλό λιμνιώναν,
Που σηκωθή με το θυμό με τη ζημιά καϊζει,
Βργαίνει το μάλι βράσι και τ' άρι σχίσι,
"Α(γ)απά ο Θεός το(ν) κλέφτη(ν), α(γ)απά και τον νοικοκύρην",
Ξεύρεις ποιά 'ν' η μάνα σου; Τ' άλο(γ)ον είν' ο κύρις μου,
"Επόθθισε το νάκι μας, επόκαμ' η χαρά μας",
Βάστα με να σε 'αστώ να περνούμε το καιρόν,
Ο πειρασμός δεν είχεν εργασίαν κι' ι(γ)άμει τα παι(δ)ιά του,
"Τη γράγ γαμίζεις, το σπόρο χάνεις",
Ακαμάτης και φα(γ)άς άλλο δε του μερεταίρει μόνο να (γ)ινή παπάς,
"Κάθε λόγος, έχει τον αντίλο(γ)όν του",
Βγάλ' από 'κει που κρέμμεται και βάλε εκεί που χάσκει,
Διάλεξ αποδιάλεξε επήρ αποδιαλε(γ)ούρα,
"Διάβασε ξανα(δ)ιάβασε, εσάρπισεν ο νους μου",
Ήτο(ν) καλόμοιρος,
"Ζωντανός ξεχωρισμός, καρδιάς καμός",
Τα ξένα χέρια καύγουν μα δεν ανεπαύγουν,
"Αρκόντισσά 'ναι, δέτε την, ψωμί δεν έχει, κλαίτε την",
"Σ ότα(ν) 'βράμεν το(ν) παπά(ν), να θάψωμε(ν) τη(ν) παπα(δ)ιάν",
"Απού την μάνδραν, εις την βάρκαν",
Εμείς γελούμε δεκοκτώ και μας γελούσι εκατόν,
Ξεύρ' ο θιός που 'ν' τά πλούτη,
Έπεσε το λά(δ)ι μας μέσα στο τσουκάλι μας,
Το γδί και το γδοχέρι και το κόπανο στο χέρι,
Διάλεξε κι απο(δ)ιάλεξε επήρ' απο(δ)ιαλέ(γ)ουρα,
Ο κακός σκύλος ψόφο δε φοβάται,
Η νύφη αφ' ότου γεννηθή μοιάζει της πεθθεράς της,
"Έμαθ' αξυπόλητος, κι εντρέπομαι καλικομένος",
Βάλε τ' οκνού φωτιά να ι(δ)ής βεργολυ(γ)ίσματα,
Η γρά τσ' αν εστολίζεται στ' ανήφορο γνωρίζεται,
Για την κλανιά μ' εέρασι τσαι πάλι πορδοκόπου,
Παλαιά χωριό παλαιόνα 'τέτι,
Άλλος έχει τ' όνομα κι άλλος έχει τη χάριν,
Χωρίς τη βουλή του Θεού ούτε πουλί στο χλα(δ)ί,
Όλ' εθωρούσα τό σεισμό κι' εγώ τη πίττα,
Γάμος χωρίς παιγνί(δ)ια φάβα χωρίς κρομμύ(δ)ια,
Θαρεί πως θα σπάση τ' αβγά,
Κάτσε κλάψε μοναχή σου και παρηορήσ'ακί σου,
Άλλοι δρώνουν κι' αποδρώνουν κι' άλλοι χαροκοπούσι,
Άουρα δαμάσκηνα και πρικιές ελαιές,
Ο Μελέτης εμελέτα κι ο Γρηγόρης εγρηγόρα,
"Κλούβια αυγά, κούφια καρύια",
Γύφτικο σπίτι καίγεται και γύφτοι περιχαίρουνται,
Δεν έχει νόμον μηε μπίστην,
Το 'ονικό έχ χάνεται μμ' αλήθεια τσ' 'έ' πληθαίνει,
Μεροκάματο μεροφά(γ)οτο,
Κακό το εί(δ)ε και δεν ίχη νύχια να ξυστή,
Κόψε μέσην νάβρης άκραν,
Ο λωλλός τα κόκκινα ααπά,
Περνά το νερόν κάτω που τ' άχερα,
"Ξεναργατεύγεις, τραουδάς κακόν χειμώνα θά χης",
Πότ εγένης κολοκύθθα κ' εμάκρυν ο λαιμός σου;,
Δε τη έπηρε τ΄ άστρο μου την περεματαριάν σου,
Επόμεινε κ τη κωλοπινακίαν,
Για αυταδά σου κορνωσή φορείς το βαρυτσάμαλον,
Καινούρι μου καλάθι και που να σε κρεμάσω,
Ο έρωτας είναι στραβός κι όπου ρεχτή τ΄ομμάτι,
Μας έκαμε το 'νι βελόνι,
Ρίξε κώλο να κάμης τόπο,
Νά 'ταν η ζηλιά κασσία,
Από τα καλά (δ)ουλέματα πάρ' ο πειρασμός τα μισά,
Με γέρο κάττην κά(θ)ιζε ποντίκια μη φο(β)άσαι,
Τα ξένα ρούχα τα φορείς ογλή(γ)ορα τα βγάλλεις,
"Δέν είν' Χαζή Χασάνης, μόνον Χασάνης καί Χαζής",
Ξύσε ξύσε η αίγα ήαλε το τσέρατσο στοκ κώλο της,
Στοίς εννιά ήκουσεν ο κουφός,
Αγάλι' αγάλια πας μακρυά,
"Όποιος πορπατεί, σκιάν ακάθθα θα του μπη",
Λείψ΄από το(ν) μισθόν μη σου κολλήση κρίμα,
Το κακό τσυνήι όλο φήημα 'ναι,
Ήρταν οι κριοί να βγάλουν τα προύβατα,
"Άλλος ειν' ο Θοδωρής, πι' άλλος είν' απού θωρείς",
Η νύχτα κι' η αυγή (β)ουθά στη μοναχή,
Κάτσε ήλιε κάτσ' αργάτη σήκου ήλιε σήκ' αργάτη,
Ο κακός λόος τσ' ο κάρπικος παράς του νοικοτσυρού 'πομένου,
Δος του νους σπαθί και τ' αλλουνού τουφέκι,
Που δεν ακκούει τω βονέω του σε κακή βωνιά καθίζει,
Ούλοι οι αβιοί είν' ακριοί,
Μαύρη πείναν έχει (α)μέ μαύρο ψωμί δεν έχει,
Όποιος ζηλεύγει μέρμηκαν ποτέ του δεν πεινά,
Πρώτα τοίχο τσ' ύστερ' αμπέλι,
"Ασε ακάση που το στόμα γιατρό κ' στρώμα, ασε ακάση πα την οράν γιατρό και παπά",
"Δασκάλεψε, δασκάλεψε, έμαθε η Μάρω γράμματα",
"Τον αααπάς βλαστήμα το, τσαι τομ μισάς χαιρέτα, απού τοπ παλαιιό τσαιρό ήλεε μια 'υναίκα",
Από του πειρασμού το μιτάτον μή(τ)ε τυρί μή(τ)ε μανούλι,
Γρύλλωνε να σε φοούνται,
Αλλαξόρδινα πράματα,
Ηύρες τον αντικρούστη σου και τον αντικελένη του,
Παιΐ τσαι 'ουρουνατσι κατά πως το μάθης,
"Σαν έβγ' ο ήλιος στοίς Πηλές, βουά του που 'ναι νηστικός",
Άεννος ζευγάς 'ρημιά σπιδιού,
Η αρχοντιά κι' ο βήχας κρουμόν δέν έχουν,
Μοιάζει του μελισσοκρουσμένου,
Ρίξε τ' αυτιά σου  πίσω ν΄ακούσης τη σούρα σου,
Σκούρο κρασί σκούρο μεζέν,
Οκτώβριον εξεσπόρισες οκτώ πιθάρια γέμωσες,
"Δεν είν' τ' αυγού το φά(γ)ωμα, μόνο 'νε παραπόνεσι",
"Κλε'ι(δ)ονε το σπιτάκι(ν) σου, και κλέφτην μη φοράσαι",
Δεν ευρίσκουν μαυρομμάτα και γυρεύουν τσιμπλομμάτα,
Το δέντρο πρέπει με τα φύλλα του,
Τα κακά της κοιλιάς το κρασί τα ξερνά,
"Εμείς ψωμί δεν έχομεν, καί ΄μεις ψωμί πουλούμεν",
Ο φρόνιμος τηλ λύπητ του παρηοριά την έχει,
"Βλέπε μάνα, πέρνε κόρην",
Άκλεφτος γείτονας μπιστός φύλακας,
"Ελά 'πού τού παππού σου, τσαί συτσιά 'πού τού τσυρού σου τσαί κλήμα 'πό εκού σου",
Από μικρό κι από λωλλό μαθαίνεις την αλήθεια,
Ότι γίνη άθθρωπος γίνεται μοναχός του,
Να 'είρου τσαι το τσερατάμ να πάρου τσαι τοβ βου του!,
"Εμείς γελούμεν δέκ'οκτώ, και 'μάς γελούσιν εκατό(ν)",
Ήλιε μου τα χαμηλά σου!,
"Στα να μεσσέψ΄ο μαραγκός, ερχετ΄ο καλαφάτης",
Κάλλια έχω τα ακτύλια σου παρά τα ακτυλίδια σου,
Η μαχαιριά γιατρεύγεται μ' άουρος λό(γ)ος απομένει,
Αμ με ξαναής γράψε με!,
Πάει ή έρκεται σαν το μελιτγκέρτ,
Έφαε την εντροπήν με τη κουτάλαν,
Α(β)άνισσα στο σπίτι σου για σούρα τη – σ – συνάεις - ότι δέον να αποφεύγωμεν τους συκοφάντας,
Ξεύρει κι΄ ο χωριάτης τι να είν το μελικούνε,
Αρκόντισσα κ' η παστρική ξεσυνορίζουσι(ν) μαζί,
Σειού(ν)ται τ' ανώφλια σειούται και τα κατύφλια,
Βάλε τ' οκνού φωντιάν να δης βεργολυγίσματα,
Φάε χόντρο να χοντρύνης τσ' αλευρά να μιαλύνης,
"Άρπαξε να φας, και κλέψε ν' αποτάξης",
"Η νύχτα δράκοντα γεννά, κι' αυγή Μητροπολίτην",
Κάττης νηστικιασμένος κρομμυ(δ)όφυλλα καταπίνει,
"΄Σ της εννιά, ΄θυμήθηκεν η γριά",
"Η θάλασσα 'ναι γερανή, μ' άνεμος τη μαυρίζει",
"Επάντρεψες το παιΐσ σου, 'είτονα το καμες",
Αν αντέρτης πάλι και μ' εύρης Καραμπουρνιώτην να με πης,
Νά 'ταν η ζηλιά κασσίδα,
"Βουνό με βουνό δεν εσμίγει, άθθρωπος μ' άθθρωπον εσμίγει",
"Εμάς είναι καρύδια τσαι χτυπού, τσαι των αλλωνών ν είναι μολύβια τσαι 'ουλού",
Ολόπαχον εΐνηκε σα το μαγλάϊ,
"Αφού καρά(β)ια πνί(γ)ου(ν)ται, εσείς βαρκιά που 'πάτε",
"Οπ'  έχει αμπέλια βάλλε αργάτες, και καράια καλαφάτες",
Δε θέλω παραφανταρές κι αυγά καθαρισμένα,
Για το παραθύρι 'έ κλειώνομε τηπ πόρτα,
Όπου πα' ο παπάς παν και τα ράσα του,
Κακός νεκρός που κείθεται κι' αυτώνει,
Κατά τα ρούχα μοιράζ' ο Θεός το κρύο,
Από το στόμα σου κ' εις του Θεού τ' αυτί,
"Τσαμ μαού τημ μάνασ σου, μάει τη τσαι σου",
Δεν είν' αργιομάρα τ' αυγού το φάωμα,
Η μοίρα του κλώθει με χρούσον αγράττι,
"Άλλος 'δρώνει κι' αποδρώνει, κι' άλλος χαροκοποτρώει",
Κάθε πονηρός το πόπλωμα για λό(γ)ου του το σύρνει,
Ο κακός λό(γ)ος κι ο κακός παράς του νοικοκυρού 'πομένει,
Μέσες άκρες κουτρουβάλες,
Ζήσε μαύρε μου να φας τον Μα τριφύλλι,
Καταμουρώνει το λα(γ)ό και (β)άλλει τον στ' αυλάκι,
Καθώς η(γ)όρασε πουλεί,
Μάθε πρώτα να μιλάς κι' ύστερα ν' ανεγελάς,
Ωσάν είναι κααλλάρης χαιρέτα το πεζολάτη,
Ήπεσε το λά(δ)ι μας μέσα στο τσουκάλι μας,
Κάθε μέρα δεν είν' φώτα,
Ζαίνει γα το ψοφίμι,
Γύφτο κάμνουν βασιλέα κι αυτός τα ξύλα συντηρά,
Εφούσκωσεν ο νους του κι' υπά(γ)ει του 'σινιού του,
Δεν απομαθαίνω για να μαθαίνω,
Εν στόματι μωρών η καρδιά αυτών,
Με τα ουρούνια καϊζεις πίτυρα θα φάης,
Θαρρούν οι μαυρομάτες πως δε θωρούν οι τσιμπλομάτες,
"Άδεια κοιλιά, τρα(γ)ού(δ)ια δεν ηξεύρει",
Ο πειρασμός του κώλου του κουκιά του μα(γ)ειρεύγει,
"Όποιος μισεί τις πόρτες του, τις ξένες δάκρυα τις γεμώνει",
"Νηστεύγεις, φτωχέ μου, στανιό μου, θεέ μου",
Τη που(δ)ά μου να (β)αστώ γη το(ν) τούρκο ν' απαντώ,
"Βούϊν επήεν, βούιν ήρτεν",
Βάλε μανταλο στην πόρτα και κοιμού ξεβρακωμένη,
"Θαρρούν η μαυρομμάταις, πως δεν θωρούν η τσιμπλομμάταις",
"Τετράη και Παρασκή τα νύχια σου μη κόψης, τη Τσυριατσή μη χτενιστής αθ θέλης να προκόψης",
Αβράκωτος βρακιώθηκε κ' έγελοχαχάρισεν,
Ο καμός μου το παχούντι και τα κόκκινα καλίκια,
"Δ)έσε κόμπον, μη χάσης οτρέαν",
Κάθε πράμα στο καιρό του και τον Άουστο σταφύλια,
"Αχαλίνωτη κυρά, με τα ρούχα της τα βάλλει",
Τού άρκοντα του τόπου σου τον Ά(γ)ιο του χωριού σου,
"Απού τον άκριο τρώεις, αμμ απού τον αενικό έ τρώεις",
Παπά θυμίζεις με!,
Εμβερδεύτηκα στο βάτο μή(τ)ε πάνω μήε κάτω,
Μη ο Άουστος χειμώνας μη ο Μάρτης καλοτσαίρι.,
Που δεν περτσυρίσ' αλώνι σκυάλα δε ποτάσσει,
Έχει χούια σαν αρσενικό μουλάρι,
Σαν αποθάν' από συναχι η χολέρα μούζες ναχη,
"Κούρβα μάννα κούρβα κόρη, κούρβα κάνει παρακόρη",
"Βρωμεί ο οβριός ατός του, βρωμή κι αθθότυρός του",
"Σά(ν πέσ' ο λύκος 'ς τό μανδρί, βουαί του π' έχει τό 'να",
Οπ' έχει μέλι βάλλει κι' εις τη φάβα,
Τα 'ασιλικά μολύβια 'εβ βουλού,
Όποιος δουλεύγει καλά κ' μπιστά τρώ(γ)ει μισή τσαρδέλαν,
"Κάθου πρα(γ)ματάκι μου, και λόγια μη μου φέρνης",
"Ήρταν τα πετούμενα, να βγάλουν τα καθούμενα",
"Άρρητα θέματα, κουκιά τηανισμένα",
Απ' ανέρπιστο σχοίνον βγαίν' ο γερολαός,
"Κουκιά 'φαες, και κουκιά μαρτυράς",
"Αν ήθε' να 'ναι τα θήμισα καλά, ήτο να κάνουν τσαί τοις γυναίτσες",
Εμβάτε σκύλ' αλέσετε κι αλεστικό μή δώσετε,
Σα τέτοια τέτοια λάχανα σαν τέτοιες λαψανί(δ)ες έχει και μας ο κήπος μας πέντ' έξε κουφουνί(δ)ες,
Έ(β)αλε το νερόν εις τον α(γ)ον,
Καινούριο μου καλάθι και που να σε κρεμάσω,
Δέ δίνει τ' αγγέλου του νερόν ούτε του διακονιάρη πίταν,
Ο Παπάς τα θαφτικά τσ' ο νεκρός στ' ανάθθεμα,
"Ξένος είσαι, ξένα πέρνα",
Τρώεις άρρωστε τσουρπά,
Ήπιεν η φακή το λά(δ)ι κι' εκατάπιέ(ν το κ' υπά(γ)ει,
Μη παινέσης το καρπό α δε το φάης 'ς το καιρό,
Από ένα αρνί (δ)υο προ(β)έες δεν εβγαίνουν,
Ως που να πης στουπί εξεκωλώθη το σακκί,
"Ένα τό ΄χεν η κουτρούλα, κ΄ ή αλλέν το κ΄ηυγαλλέν το",
Έχει του Σολομού το νουν,
"Ο καθρέφτης όπως τον θωρείς, έτσι σε θωρεί",
"Ό,τι πη ο κόσμος λέει κι ο Κοσμάς",
"Πετά κι' υπά(γ)ει το πουλί, δε ξαναμπαίνει στο κλουβί",
Μη περιπαίξης να μη περιπαιχτής,
Έμβα κ' έμβα σούρτα φέρ τα,
"Απού το στόμα σου, κ' εις του Θεού τ' αυτί",
Άλλος πίνη κι' άλλος μεθυά,
Ηύρε το μαχαίρι στο κόκκαλο,
Με ξένα κόλυ(β)α μακαρίζης τις γονιούς του,
Ως που να πας να 'ρτης γάμο κόντεψε να βρης,
"Νηστεύγω, Θεέ μου.  Στανιό σου, φτωχέ μου",
"Ο κλέφτης δεν εύρη, κλέβγει το σκαφό του",
Να βρέξ' ο Μάϊς (δ)υό νερά κι Απρίλις όλον ένα,
Η αρρωστιά κι η αρχοντιά γνωρίζεται που τα μακρυά,
"Οι δυό τον έναν δέρνουν τον, κ' οι τρείς καταπονούν τον",
"Αν δεν εμοιάζαμεν, δεν εσυμπεθθεριάζαμεν",
"Άδεια κοιλιά, τρα(γ)ούδια δεν ηξέρει",
Όποιος ακούει του λωλλού τη γνώσι του να κάμη,
Ο λύκος σα γεράση γίνεται τω τσακαλιώ μασκαράς,
Αλίμονο(ν) τον ανδρειωμένο(ν) σα(ν) τον πιάσουν δυο σπασμένοι,
"Σκατένιος κόμπος με τα (δ)όντια, δε λυειέται",
Έχει κι' ο κόρακας γενιά κι' η αχελώνη (γ)ένεια,
"Δεν ευρίσκεις μαυρομμάταν, πάρε σκιάς την τσιλομμάταν",
Κρουφά κρουφά κατούρησε κι α δε θωρής θωρού(ν) σε,
Μέσες άκρες κουτρουβάλλες,
"Δέν είν' βρακί, μόνο τού βρακιού πανί",
Μουστάκι κι' έσου μουστάκι κι' εμού,
Κάπου κ' κάπου να βρεθή κάπου και που να λάχη,
"Ανέπιασε τον α(γ)αθόν, να πη τα μυστικά του",
Όποιος δουλεύει βασιλέα το νου του  πρέπει νάχη,
Το εννικό έχ χάνεται 'μμ' αλήθεια τσαί πληθαίνει,
Πίθηκος ο πίθηκος καν χρυσά σανδάλια έχει,
Άκου συ μηλιά στον κήπο,
Αλλοί το(ν) δέρνου δέκ' οχτώ και δε το δέρν' ο νους του,
Τοκ καθρέφτη – ν όπως τον αξαννοίεις σ' αξαννοίει,
"Δεν είναι πώς θα περάση η ψείρα που τα (γ)ένειά μου, μόνο πως θα κάμη στράταν",
Ήτο(ν) καλομοιρασμένος,
Τα παιδιά παίδες τραυούν κι' οι μάννες τις ξεχάνουν,
Τό 'να ξύλο οχτρός τής φωδιάς,
"Θέλω να χης χίλια πρόατα, σα δε θέλης μη οράν",
"Ο (ιδ)ικός εμάσησεν, αμε δεν εκατάπιεν",
Εξεφανερώθησαν οι πομπές του,
"Καθ' ένας το 'πόπλωμα, για λό(γ)ου του το σύρνει",
Δασκαλόπουλα διαολόπουλα,
"Όποιος πονεί, γαουρινα φωναζει",
Το κακό μ' άλλο κακό κ' η φωδιά με το νερό,
Πόσα ξέρεις; Λέει όσα εία,
Ανε(β)άστα γρα το γέρο τον έχωμεν το θέρος σαν αποθερίσωμε να τον κρεμμο(β)ολήσωμεν,
Μαλλοκέφαλα,
"Εμπερδεύτηκα 'ς το(ν βάτο(ν, μή(τ)ε 'πάνω μή(τ)ε κάτω",
Α μικρός μικρός παντρέψου ή μικρός καλο(γ)ερέψου,
Τουμπανίζ' η κοιλιά του,
"Όπ΄ έχ΄ αμπέλι ΄άς βάλλ΄ αργάτες, και καράια καλαφάτες",
Έμαθ' αξυπόλυτος κι εντρέπομαι καλικευμένος,
Ανάγλειμμα του βγα τα γέλια,
Δεν έχει ρεμέιον,
Κρυφό τ' αυτί του πονηρού,
"Ντρέττο, σε θέλω, σύντεχνε, μη κάνης κουλλουρίες",
Το θυμιατό τα φανερώνει ούλα,
Ο γάαρος του φταίει τσαι το σαμάριγ γέρει,
Για το ψύλλον κάβγει το πάπλωμα,
Ξένος είσαι ξένα πέρνα,
Αρρνόν άκουρον κούσκουνα (ν) μουρεμένον,
Η καλή μέρα πο το πωρνό δείχνει,
Θέλει να τοχ΄ η κεφαλή να κατεάζη ψείρες,
Άλοι το(ν) δέρνουν 'δεκ' οκτώ και δε(ν) το(ν) δέρν' ο νους του,
Εχ' ανεσκομβώματα και κωλοπυλώματα,
"Για καλό(ν) και για κακό(ν), θάμετέ τον για λιακόν",
Κάθε πετεινός στη φωλιά τον κράζη,
"Απίτ' η γριά γαμήθηκεν, εσφυκτωμανταλώθηκεν",
Ακόμη δεν ήβγ' πού τ' αυγόν και πετά στον ουρανού,
"Τα 'χ' ο κλέφτης εις τον νουτ του, τα θωρεί τσ' εις τ' όνειρότ του",
Το Σάατον αρτίνευγε τσαί ποτέ μη ξετελεύγης,
"Όποιος πορπατεί, σκιάν αγκάθθα θα του μβη",
Κουρταλάκια κουρταλάκια καμνου τα μικρά παπάκια,
Ήψεν κ' ήξαψεν,
Τα κακά της κοιλιάς το κρασί τα ξερά,
Εσού 'αμπρός τσ' εγιώ πλιο 'μπρος,
"Άλλα μελετούν τα βούδια, κι άλλα ο βουδολάτης. Άλλοι μεν βουλαί ανθρώπων άλλα δε ο Θεός κελεύει",
Καρδιά βράζει στρωμαόντυμα ξεσχίζει,
Ότι μούτζα κι' ότι τύφλα,
"Ο καδής αυτενώνει τημ μάνα σου, που θα πάης να κριθής",
Κάρβουνα σβυστά μουζώνουν κι αφτωμένα περικαύγουν,
Κάλλια 'ς το τόπο σου φτωχός παρά 'ς τα ξένα προϊστός,
Δεν ιφέξαμεν που τα μάδια και θα φέξωμεν που τα φρύδια,
"Πάει ν' ανθίση το δεντρί, κ' η μοίρα δεν τ' αφήνει",
"Όποιος περβατεί, μυρίζει κι' όποιος κάθεται, βρωμίζει",
Όλοι παν κ΄ εγώ διαβαίνω,
Καλά καμες παπαδιά μου και μου το θύμισες,
"Το καλό αρνί βυζαίνει  από δυό μαννάδες, το κακό ούτ' από τη μάννα του",
"Πουλιό 'ν' ο καλοφούρτουνος, παρά ο αντρειωμένος",
Κερατάς και ζημιωμένος και τα δυο ταχ' ο καημένος,
Με το μεγαλύτερόν σου κουκιά να μη φυτεύης,
Η αντάρα θρέφει το λύκο,
"Να 'ξερ' η πόρτα να λεε, κ' η παραστή να μίλιε",
"Η με το γλυκό στο στόμα, ή με το πουγγί στο χέρι",
Καλά 'ν και τ' ασφακόρογγα με το ροΐ το λάδι,
"Αξαίνουν τα παιδάκια μου, κι' αξαίνουν τα φαρμάκια μου",
"Ο Θεός να σε φυλά΄ από τα δόντια του σκύλου, τα νύχια τση γάτας κι΄ από τη γλώσσα τση γυναικός",
"Ότα γεννιέται θηλυκό παιδί, τρίζουν οι τέσσαρες αγκωνές του σπιτιού",
"Για να γνωρίσεις καλά έναν άθρωπο, πρέπει να κάτσης να φάς μαζί του ένα καράβι αλάτι",
Όποιος βρίσκει και ξενοφιλεί είναι ζουρλός κι' αν παντρευτή,
Χαρά σ' εκείνον πόχει να κάμη με πολλούς,
Κάλλιο μέσα μου παρά όξου μου,
Αυτός πετάει την σκούφια για καβγά,
"Άδικοχτισμένο σπίτι, πέφτει και γκρεμίζεται",
Δυό κ δυό κάνουνε τέσσερα,
"Για όσους δεν κλεί η πόρτα σου, κόψιμο μην έχης",
"Ο καπνός να βγαίνη ίσια, κι' ας είναι στραβός ο καπνολόγος",
Τον έχουν σα σπασμένο ασκί,
Όλη μέρα σουροκάλι και το βράδυ μαϊστράλι,
Μπουτσαρά-μπουλούκι,
"Ό,τι δεν κάμη κανένας μικρός, το κάνει μεγάλος",
"Τ' αγι-Αντριός, αντρειεύετ' η μέρα",
"Ο καθούμενος του περβατούμενου, μίλλια του μετράει",
"Από Χριστου κ' εδώ, κάθε προφήτης, γάϊδαρος",
"Ό,τι δεν πάει στο μπούστο, πάει στο μπουστοπάνι",
"Όποιος μετράει τσι ριξιές, λίγα πουλιά σκοτώνει",
"Τ' αρεσκούμενο τ' ανθρώπου, το καλύτερό του πράμα",
Άλλα 'ν' τα μάτια του λαγού κι΄άλλα τση κουκουβάγιας,
Κι αν τα δαχτυλίδια πέσανε τα δάχτυλα όμως μείνανε,
Το Νοέμβρη νόγα σπέρνε το Δικέμβρη δίκια σπέρνε,
Τον εκάμανε κοσκινοτρύπι,
"Ξένα ρούχα, ζέστη δεν κρατούνε",
Το εύρηκε το μουλιάτικο,
"Τον καιρό, δεν τον έχεις στο σακκούλι",
"Άντρας μου βασιλιάς, κ' εγώ βασίλισσα αδερφός μου βασιλιάς, κ΄εγώ δούλα του",
Κάθε πουλάκι με την λαλούλα του,
"Ούτ' η πεθερά μητέρα, ούτ' η νύφη θυγατέρα",
Πρώιμο αρνί μαλλί και κέρατο έψιμ' αρνί είτε μαλλί είτε κέρατο,
Εμπάτε σκύλλοι αλέσετε κι αλεστικά μη δώστε,
Όποιος καταπίνει χοντρές γουλιές κομπιάζεται,
"Όπως ειμπορείς πορέψου, μη στη γειτονιά πομπέψου",
Αλλού 'ναι οι κόττες και γεννούν κι' αλλού τα κακαρίσματα,
Το θηλυκό παιδί είναι για δυό παιδιά,
Τόχει μέσα του γουρούνι,
"Όποιος κοιμάται την αυγή, γυμνός ο κώλος τη Λαμπρή",
"Το γάλα θρέφει δράκοντα, το μέλι το λιοντάρι",
"Γάλα, μπιστικέ! Λιβάδια αφέντη",
Κάτσε ντρίττα και κρίνε στραβά,
Η αδειά κάνει τον κλέφτη,
"Λαγός τη φτέρην έτριβε, κακό του κεφαλιού του και πάλι τη ματάτριβε κακή του και ψυχρή του",
Έμαθε γδυμνή και ντρέπεται ντυμένη,
"Που με γουρούνια κάθεται, με ψύλλους ασηκώνεται",
"Πιο καλά την περνά' η αλουπού με τσου τραγάτες, παρί με τσου νοικοκυραίους",
Η αρρώστεια μπαίνει με το σακκί και βγαίνει με το βελόνι,
Το ξένο ψωμί είν' όλο λύσσα,
Η πάστρα θρέφει το παιδί κ' η γεια το μεγαλώνει,
"Απ' όλα τα μυριστικά, το πιο μυρίζ' ο φούρνος κι απ' όλα τα λαλούμενα, το πιο λαλεί η κανάτα",
"Άλλο δεν εγέρασε το γάϊδαρο, παρ' η ξένη έγνοια",
"Έχε τα πόδια σου ζεστά, την κεφαλή σου κρύα, και το στομάχι σ' αδειανό, γιατρού δεν έχης χρεία",
Η προξενιά και το τσουκάλι θέλει αναγκαση μεγάλη,
Βάνει κ' η κοσκινού τον άντρα της με τους πραματευτάδες,
"Πηαίνε Μ' έκανε που ξέρει, για να μάθης κ΄ εσύ κάτι",
Να πα να ξυής κοιλιές να τρως τα μέσα,
"Που του γονιού του δε γροικά, κακώς-κακού θα πάη",
Καλύτερα να σου βγη το μάτι παρά το κακό όνομα,
"Γάιδαρο πουλεί, γάιδαρ' αγοράζει",
"Τη Δευτέρα 'γω κρατώ τη και την Τρίτη προσυνώ τη, την Τετάρτη για τα μάγια και τη Μπέφτη για τον άντρα, την Παρασκευή για τα παιδιά, το Σαββάτο τι να κάμω; την Κυριακή είναι Κυριακή, το ξέρει ο κόσμος όλος",
Οι πολλοί καπετανέοι βουλιάζουν το καράβι,
Αγλί απ' (κείνον) τον άντρα τον γέρο που τον πιάσουν δυο σπασμένοι,
"Το παιδάκι σου και το σκυλάκι σου, ναν τ' αγαπάς και να μην το ξέρη",
"Οπού γάιδαρο πουλεί και γάιδαρο αγοράζει, γάιδαρος είναι κι' εκειός",
"Το κακοκάμωτο φλωρί που δεν τ' ορίζ' ο νόμος, δύσκολα ναν το χαίρεται ο τρίτος κλερονόμος",
Όποιος αγάλια περβατεί πολύ μακριά πηαίνει,
Ούτε καλή ούτε κακιά ούτε πηλένια πεθερά,
Δανείσου καλοπλέρωσε και πάλι γύρι έπαρε,
Η αμαρτία θά δείξη,
"Η καμήλα, ύστερ' από σαράντα χρόνια, εύρηκε το δίκιο της",
Δός του δός του το κοπέλλι κάνει την κυρά να θέλη,
"Ζήσε μαύρε γάϊδαρε, να φας το Μάη τριφύλλι",
"Α δε μαλώσουν δυό καιροί, βροχή δεν κατεβαίνει",
Κάθε πράμα στον καιρό του κι ο κολλιός τον Άγουστο,
Το κακό γυρεύ' ο Γιάννης το κακό θε να τον εύρη,
Άσκημο στην κούνια κι όμορφο στη ρούγα,
"Τ' αφέντη τα καμώματα, η παίνα τα ή βουβάσου",
Δεν του καίεται καρφί,
Ο ακαμάτης δε θέλει ψυχοπόνεση,
Δεν είν' όλοι για όλα,
Ένας κόρακαας το σηκώνει,
Παστρικός ουρανός αστραπή δε φοβάται,
"Το μάθημα 'ναι μάθημα, και το πορδιό συνήθειο",
Και στου βοϊου το κέρατο αν πάς θα σ' εύρει,
Τα μικρά παιδιά είν' αγγελούδια,
Ο Θεός μακροθυμάει αλλά δεν αλησμονάει,
"Στου ζουρλώνε το χωριό, κι ο γνωστικός βλαμμένος",
"Κ' αν νυχτιώση, παλληκάρι, κάτσε να βγή το φεγγάρι",
"Απ' ολότελα, καλή 'ν' κι η Παναγιώταινα",
"Α δε μαγερέψη η γωνιά σου, δε χορταίνει η κοιλιά σου",
"Ότα βουλιάξ' η βάρκα, τι ναν τη κάμης τη σέσουλα;",
Κερατάς και ζημιωμένος και τα δυο τα 'χ' ο καϊμένος,
"Και να σου δώκουν και να μη σου δώκουν, ότα γυρέψης εσκλαβώθηκες",
"Ο κόσμος με τα βάσανα είν' ανακατωμένος, κανείς δεν εγεννήθηκε να 'ναι φχαριστημένος",
Έχει το γέρον άνδρα για πορόκλι,
"Φάε κρέας, κάμε αίμα. Φάε ψάρι, φτύσε φλέμα",
"Το σέμπρο και τη γυναίκα σου και που τσόχεις κακά, κι΄ α δεν τσόχης, χειρότερα",
"Εκατό χρονώνε άθρωπο είδα, μά εκταό χρονώνε πλούτια δεν είδα",
Κ' η κοσκινού τον άντρα της με τσου πραματευτάδες,
"Δόσε πλούτη, δόσε γνώσι",
Οξ' από το χορό πολλά τραγούδια ξέρεις,
Φτωχός άγιος μνήμη δεν έχει,
Κρίμα στα σκατά τα βλίτρα που τα κάμανε και πίττα,
"Αγάπησεν ο χουχουλιός την βρωμοπεταλίδα, την αναγούλα του χωργιού και την ανατριχίλα",
"Ο Θεός βλέπει, κι ο διάολος βάνει",
Όποιος δεν θέλει τζιτζίκους ας μη φυτεύη αμυγδαλειές,
Τα κλειδωμένα τρώ' ο σκόρος,
"Α δεν κλοτσήσ' ο γάϊδαρος, δεν τονε ξεφορτώνουν",
"Στέκω ή συλλογίζομαι να γβάλω συναξάρι, πως είν' η θάλασσα αρμυρή κι είναι νεκρό το ψάρι",
"Ο Μανόλης με τα λόγια, ανώγεια και κατώγεια",
"Καθάριος ουρανός, σύγνεφα δε φοβάται",
"Του παντρεμένου δώσ' φιλί, τ' ανύπαντρου νιά πέτρα, να δέρνη το κεφάλι του, όσο να βρή γυναίκα",
Εδιώξαμε την αλουπού κ' εμπήκε το λιοντάρι,
Ήτανε μικρό τ' αρνί κι είχε και πλατειά ουρά,
Λίγο λίγο το φασούλι κάνει κώλο το σακκούλι,
Επήε για μαμμή κι έκατσε για λεχώνα,
Το ζω είναι ζωή,
"Όταν αποκαή το σπίτι, όλοι φέρνουνε νερό",
"Τη φιλιά του γυρεψούλη, χάρισέ του τη να φύγη",
"Ο άνθρωπος ὀ,τι μπορεί, κι ο Θεός ό,τι θέλει",
Κάβουρας στην τρύπα του μεγάλος αφέντης,
Το γύφτο κάνουν βασιλιά κ΄ εκειός γυρεύει ρείκια,
"Παίναε τη θάλασσα,αλλά να περβατής στην ξέρα",
Γέννησέ με σπείρε με κι αν δεν σου μοιάσω δείρε με,
Απ' όλα τα λαλούμενα κάλλιο λαλεί η κανάτα,
"Στα ρηχά, δεν πλέει καράβι",
Έχει την ορά του μαγαρισμένη,
Καθένας όπως ξέρει φιλεί την γυναίκα του,
"Τσ' αποκριές χορεύουνε και τσι Τρίνες γλεντούνε, και την ημέρα τη Λαμπρή τα κόκκινα φορούνε",
"Λάμπω 'γω, λάμπ' η αυλή μου, λάμπ' ο γύρος του σπιτιού μου",
Στιγμιαία δουλειά και χρόνου έγνοια,
"Καθρός ο ουρανός, αστραπές δε φοβάται",
Την επλακούτσηνες,
"Κάλλιο πεινασμένος, παρ' αρρωστημένος",
Όποιος κάνει τον άλαλο είναι για τον πιο έξυπνο,
Ξερά σκατά στον πύργο δεν κολλούνε,
Άλλος σκάβει και βογγάει κι' άλλος πίνει και μεθάει,
Αν θέλης λύκο σύντεκνο έχε τον σκύλλο σύντροφο,
"Τσ' αδικιάς το γέννημα, σε ποντισμένο μύλο",
"Όλα μας ανάποδα, κι ο γάμος μας τετάρτια",
Από Θεό κι απ' αφεντειά,
Όποιος δεν θέλει ν' ακούση τα βαρδάλια δεν πάη στο μύλο,
Τα γυρίζω,
Δεν ποτάζει δεύτερο βρακί,
Κάθησε στράβα και κρίνε ίσια,
Η μοίρα μου όθεν πηαίνει αγγειά τσακίνει,
Αλλού η βροντή κι' αλλού το θαύμα,
"Για όσους δεν κλεί η πόρτα σου, κόψιμο μην έχεις",
Μες στα πίττουρα είν' τ' αλεύρι,
"Και κρεμασμένη ναν τη βλέπη τη βέργα το παιδί, τη σκιάζεται",
"Οπού καθήται σε στεριά και θάλασσα γυρεύει, ο διάολος του κώλου του κουκιά του μαγερεύει.",
"Τήν ελιά, τά χνώτα τ' αθρώπου τήνε θρέφουνε",
Το καλό κακό δεν είναι,
Έχει Άγιο στο παλάτι,
"Σαράντα αγίοι ήτανε, κι' ο καθένας έκλαιε τον πόνο του",
"Ρώταε που θα πάς, και τήραε που θα κάτσης",
"Χαράς εκείνο το χωριό, πόχει μονάχα ένα ζουρλό",
"Πολλή φωτιά, λίγο φαϊ",
Τ' αψύ ξίδι τ' αγγειό του βλάβει,
Παιδί που δε γεννηθή όνομα δεν του βγαίνει,
"Του δαμαλιού η βουνιά, με το φεγγάρι φρύγεται",
Δώδεκα Μονοπωλάδες δέκα τέσσαρες κουβέντες,
Κάλλιο Θεού οργή παρά κοσμοβοή,
Τα χιονάκια του Γενάρη,
"Άμυαλος ο νους, διπλός ο κόπος",
"Όλοι στο χωράφι, κ' η νοικοκυρά στο σπίτι",
"Γιώργο είχα, Γιώργο παίρνω, κι' αν ματαχηρέψω, πάλι Γιώργο θα γυρέψω",
"Πας να πης, και σου λένε",
"Ούτε πόρτα χωρίς καρφί, ούτε φαμίλια χωρίς πομπή",
"Η πείνα μάτια δεν έχει, κι΄ αν τα ΄χη δεν ηβλέπει",
Του Γεναριού η καλοκαιριά ούλα τα δέντρα τα γελά,
"Από τα καλά συναγμένα, παίρνει ο διάολος τα μισά· κι' από τα κακά, παίρνει και το νοικοκύρη",
Φτωχός άγιος μνήμην δεν έχει,
"Αν μου πιάσης την μύτη, σκάω",
Ξέρ' ο Θεός ποιό δεντρο θα ξεράνη,
Την πτώτη γνώσι του Ρωμαιού ναν την έχει το σκυλί μου και τη δεύτερη ναν την έχη το παιδί μου,
"Ο κακός, όπου και να πάη, καλό ψωμί δεν ψένει",
"Όποιος ξαλέθει χαίρεται, κι όπου πιχάει λυπάται",
"Χριστέ και κάμε με κουρλό, να με φοβάτ' ο κόσμος",
"Από το σκύλο και το σούλο του σπιτιού, φαίνετ' η αγάπη του νοικοκύρη",
Κερατάς και ζουμιωμένος,
Τι να σου κάμη η καλή νοικοκυρά μες στ' αδειανό το σπίτι;,
Πολλοί καπετανέοι βουλιάζουν το καράβι,
Σηκώνει κεφάλι,
Θέλεις γριά πάπλωμα; Δος μου και κρεββάτι,
Η νύφη έτσι γεννηθή 'ς τα πεθερικιά μοιάζει,
Το σκύλο κάμε σύντεκνο και το μπαστούνι βάστα,
"Τση νύχτας τα καμώματα, τα 'δ' η αυγή κ' εγέλα",
"Αστραψιές τση νυχτός, βροχή τση μερός",
Του γαδάρου το σαμάρι και τ' αλόγου την σέλλα,
Γυναίκα και χειμωνικό η τύχη τα διαλέει,
"Α δε μαγερέψ' η γωνιά σου, δε χορταίν' η κοιλιά σου",
Ζουρλού κεφάλι δε γυρίζει,
"Όποιος δεν έχει σεγκούνι, δεν έχει ζωή μπουκούνι",
"Η πίτα είδε την πλύτρα, κ' επετάχτηκε στα κανώματα",
Οι πολλές γνώμες χάνουν το βασίλειο,
Το Μάρτη βάλ' αργάτες κι' ας είναι κι' ακαμάτες,
"Αλλιώς μιλεί ο ξαρμάτωτος, κι αλλιώς ο αρματωμένος",
"Η νύφη με την πεθερά, τουτο που λέω σώνει: η πεθερά με τη ματιά τη νύφη θανατώνει",
"Κιάρος Γαρμπής, κι άλλος γαρμπής",
Το 'κανε παλάτι το σπίτι του,
"Είπ' ο γάϊδαρος τον πετεινό, κεφάλα",
Ξένο γάϊδαρο καβαλλικεύεις γρήγορα τον ξαπεζεύεις,
"Ο πεθαμένος, ή θα φκιάση ή θα χαλάση σπίτι",
Α δεν μπατάρη ο γάϊδαρος δε φαίνουντ' οι πληγές,
"Εκειός που κυνηγάει δυό λαγούς, δεν πιάνει κανένανε",
"Εγώ στραβώνω και πουλώ, και συ βλέπε και γόραζε",
Είναι σαν το κατωτάρι του μύλου,
"Χαράς εκείνον το γονιό, που τόνε θάψ' ο γιός του",
Η ελιά στό μάγουλο είν' ομορφιά καί τύχη,
Ξυεί τα νύχια του για καβγά,
Το 'βαλε τα γιαλιά,
"Άγγελος στα νιάτα του, διάολος στα γεράματα",
Δεν το κουνάω ρούπι!,
Άλλοι σκάφτουν κ' κλαδεύουν κι' άλλοι πίνουν κ' μεθούν,
Καθενάντιο γιά καλό,
"Άντρας είσαι, φόβο δίνεις, κι' όθεν πας κλωτσιές μαζώνεις",
"Εκατό ψωμιά ένα μίλι, κ' εκατό μίλια ένα ψωμί",
Ο χωριάτης και το σκυλί ποτέ την πόρτα δεν την κλεί,
Το ξανακαιρνό γαιδούρι ξολοθρεμός τ' αχεριώνα,
"Όπου πέσ' η μάκια, κάτι θ' αφήση",
"Ο Μανόλης με τα λόγια, κτίζει ανώγεια και κατώγεια",
"Απρίλης Μάης, κουκιά μεστωμένα",
Επαρέ με- όταν μ' εύρης για να μ' έχης- όταν θέλης,
"Του έξυπνου του λένε ένα, και καταλαβαίνει δέκα",
Κατά τα ρούχα ο Θεός και την κρυότη,
"Όποιος θέλει να παινιέται, μόνος του κατηγοριέται",
Η γυναίκα είναι κασέλα κλειδωμένη,
Με του ζουρλού το χέρι θέλει να βγάλη το φείδι από την τρύπα,
"Άλλος τρώει και πετάει, κι'  άλλος στέκει και τηράει",
"Άλλα ' ν τ' αρεσούμενα, κι άλλα τα πρεπούμενα",
"Αδειανός καλόγερος, σαν δεν είχε τι να κάνη παλουκάκια έξυνε, τα μάτια του να βγαίνη",
"Τ' Αυγούστου και του Γεναριού, τα δυό καλά φεγγάρια",
Έπεσε πλέον η εξουσία σε βελέσι,
Όποιος πειναει κουλλούρια βλέπει 'ς τον ύπνο του,
Δεν ίχει νύχια να ξυστή,
"Πολλές φορές πά' η λαΰνα στο πηγάδι, μα έρκεται και μια, που πάςι και δε γυρίζει",
Πίνε γάϊδαρε αγιασμό χωρίς να σε διψάη,
"Κάβουρας στην τρύπα του, μεγάλος αφέντης",
"Ο Θεός δε γκρεμίζ' ο ίδιος τα σπίτια τουν ανθρώπωνε, παρί χαλάει τα μυαλά τους και τα γκρεμίζουνε μοναχοί τους",
Την λύπη της πάσα καρδιά μονάχη την γνωρίζει,
Η γριά δεν τόρπιζε να παντρευτή κι' αρραβώνα γύρευε,
"Οπού 'ναι καλορίζικος, γεννάει κι ο κοκορός του",
"Η μάννα στη γωνιά, και το παιδί στη γειτονιά",
Να καβούρι δός μου αλεύρι,
"Τότες πρόκοψ' η ακαμάτρα, όταν είδε την κομμάτα",
Γυναίκα κοντοκάπουλη...,
Το αψύ ξίδι τ' αγγειό του χαλάει,
"Οπου παιδομάθη, δε γερονταφήνει",
Αντρούτσος την κολοκύθα του,
Έλα πατέρα μου να σου δείξω τ' αμπελοχώραφά σου,
Ξυεί τα νύχια του για κουβέντα,
Το λένε του παρεθυριού για να ντακού' η πόρτα,
Έχει το σκουβόξυλο μέσα του,
"Τ' αμπέλια του κούτσουρ, κ' οι σταφίδες του παλούκια",
"Κόττα, χήνα το Γενάρη και παπί τον Αλωνάρη",
Αν έλειπ' η ζήλεια οχ το χωριό ένα μουνί θα εδίκα,
Μιλεί με τσ' αγγέλους,
Ήρταμε 'ς τα εικοστέσσερα,
"Αδερφός τον αδρεφό τόνε σφάζει, μα δεν τονε προδίνει",
Από σημειωμένον άνθρωπο ο Θεός να σε φυλάη,
Εγινήκαμε μέλι και γάλα,
"Πρώτα εφτά, κι' αμά οχτώ",
Ο Θεός σκάλες αναβάζει και σκάλες κατεβάζει,
Ο αγέρας κόβεται με τη βροχή,
Και του κόκορου μετάνοια και τση γάτας προσκυνώ,
"Κλωτσιά ταρνιού, χαρά του λύκου",
Εγώ βάνω τον κούκκο μου κι ο κούκκος την ουρά του,
"Η πείνα 'ναι δασκάλα, και μυαλό μαθήτρα",
Το να μάτι εις το γάτο και τ' άλλο εις το πιάτο,
"Όσους βλέπει στην εκκλησιά ο παπάς, θυνιατίζει",
"Όθεν κράζουνε πολλοί κοκόροι, αργεί να ξημερώση",
"Πότα πίτα και φλασκί, πότα πίτα μοναχή",
Η αρρώστια ακάλεστη δεν έρκεται,
"Α δε ριπίσης σκύβαλα, δεν τσι μαυλάς τσι κότταις",
Μαρία περ λεβέντη,
Μετά καιρό κρένει ο Θεός,
Ο καιρός πουλεί τα λάχανα κι΄η ακρίβεια τ΄αγοράζει,
"Αρκόντου και μωρού, καθώς του δόξει",
Για πινομή του βασιλικού ποτίζεται κ' η γλάστρα,
"Το λούσμα και το χτένισμα, αδράχτι δε γιομίζει",
"Εκειός που ξέρει γράμματα, έχει ένα μάτι κ' εν' αφτί περισσότερ' από τσ' άλλους",
"Βρέχει ο Θεός και βρέχομαι, χιονίζει και χιονίζομαι",
"Ολημερίς τον άθρωπο τόνε βαστάς στην πλάτη, το βράδυ τον ξαναβοήθησες, και σόβγαλε το μάτι",
"Κι' ο φτωχός ο Φίλιππας, στο χωράφι απόκρεψε",
Από το παστό στο λουκάνικο,
Οι μπουτιέροι κ' οι γαϊδάροι ένα μήνα έχουν τη χάρη,
Έπαρε άνθρωπο από σ και σκυλί απο μαντρί,
Τη μεγάλη αδικιά ούτε ο διάολος τήνε θέλει,
Από μάννα παιδί κι από γούβια παννί,
"Ξένος τόπος, ξέγδαρμα",
Το ψάρι από το κεφάλι βρωμέζει,
Κάθισε 'ς τ' αυγά σου,
"Τ' αλάτι λειώνει τα λάχανα, το κρύο νερό το κρέασελ.",
Τί είν' ο βλάχος τι είν' ο σφόγγος,
Και τι δεν κάνει ο γοργονάς!,
Νά λείψουν τά νερά μου νά δώ τά λάχανά μου,
Το παραξήλωσε!,
"Είγδε ο σκύλος τη γενιά του, κι' αναχάρηκε η καρδιά του",
Άμα γεράση το δεντρί ξεράδια δεν του λείπουν,
Κάθε γουρούνι για τη μουσούδα του σκυλαύει,
Άσε να το σφάξουμε κι' ύστερα το γδέρνουμε,
Αφού τα μάτια εχάσαμε τι θέλομε τα φρύδια,
"Όποιος κυλιέται στην κροπιά, τον κοτσιλούν οι κότες",
"Το πουκάμισό σου ναν τ' αλλάζης, μα το κρασί που πίνεις όχι",
"Το πρόβατο, άμα θέλει να φάη ξυλιές, πάει και ξυέται στη γκλίτσα του τσοπάνη",
"Που βρίσκει και πορεύεται, μούτζα του κι' αν παντρεύεται",
Το κακό γυρεύ' ο γκιώνης το κακό θε να ντον εύρη,
Γαιδάρου μύθον έλεγαν κι εκειός τ' αυτιά του ετσούλωνε,
"Κάλλιο λίγο ριζικό, παρά περίσσια γνώση",
Το μάμα γάλο,
Τη γυναίκα να μην την ξετιμώνης στην εκκλησιά,
"Ακαμάτης στο φαΐ, ακαμάτης στη δουλειά",
"Μιχάλης και μυαλό, καβούροι με φτερούγες",
Ποιός πάει στη βρύση και δε βρέχει τα παπούτσια του;,
Άλλα είν' τάλλα κι άλλο τσή Μεγάλης Παρασκευής το γάλα,
Η αλήθεια είναι μια και πολλά τα ψέματα,
"Πάρι να σου βγάλη ξένος το μάτι, κάλλιο ο αδερφός σου",
"Σε καλού κουμπάρου σπίτι, όποιος κάθεται δε φεύγει",
"Το Μάη το ψωμί φεύγει, αφ' το σπίτι και πάει στ' αστάχυα",
"Μπάρμπα Γιάννη, μπάρμπα Φέστα ηθελές τα κ' έπαθες τα",
Άγγελος πρωτοστάτης!,
"Οσό ΄χαμε μιώβολα, “κουμπάρε” και “κουμπάρε”! Και τώρα που τα σώσαμε, “ξεκουμπαρού, κουμπάρε”!",
"Τση μελαχρινής η τζιέρα, νόστιμ' είναι κάθε μέρα και τση άσπρης τση μπουχνάτης, μιαν αυγή 'ν' η ομορφιά της",
"Όθε σαρτάρη η γίδα, σαρταίνει κ' η βετουλα",
"Αργεί το Πάσκα, μα 'ρκεται",
"Τ' ειν' τα νιάτα, η γριά το ξέρει",
Η πάστρα στη γυναίκα είναι χάρη και στον άντρα καμάρι,
"Τση στέρνας μην τση πης μπα, για να μη σου πη μπου!",
"Α θέλης να καλοπαντρέψης το παιδί σου, τήραξε να 'βρης μεγάλο φραγκιάτο, παχιόνε σκύλο κι αχαμνό βόϊ",
Θέλοντας ο Βλάχος και μη θέλοντας ο ζωγράφος εφόρεσες και συ Χριστέ κόκκινα τσαρούχια,
Που μαζώνει και τα χώνει μήτ' η γης δεν τόνε λειώνει,
Δεν είχε ο ποντικός που να βάλη την μούρη του ήρθαν και τα ποντικόπουλα,
Κόβω κουμπούρα,
Η πρώτη αδερφή παντρεύει και τσ' άλλες,
Πάντα γέρος στο κατάρτι και γριά στο μονοπάτι,
"Εδώ καράβια πνίγουνται, και σείς βαρκούλες τί γυρεύετε;",
"Αν δεν ξέρεις να φαίνης, γιατί κανούλια βάνεις",
Μέτραε τα έξοδα σου κατά το εισόδημα σου,
"Σ΄ τσού είκοσι μυαλό, σ΄ τσου τριάντα βιό και σ΄ τσου σαράντα γυναίκα· ειδ΄ αλλιώς είτε βίος, είτε μυαλό, είτε γυναίκα",
"Δε μου καίεται καρφί, καρφάκι",
"Οποιανού πάει καλά η δουλειά του, όλους τσόχει φίλους κι' οποιανού κακά, ούτε τή μάννα του",
Στέκει σιωπηλός και όλο αγοράζει,
Καθένας βράζει με το ζουμί του,
"Ανάθεμά σε, Πειραιά και συ Πασαλιμάνι, μ' εκάμετε κι αρνήθηκα του Λόμπου το σιριάνι",
"Εκούπωσα πίττα, κ' ηύρηκα βίσαλο",
Έγινε σαν Όσιος,
"Κακό που τση 'ρτε τση κοιλιάς, πόχει κακόν αφέντη",
Τον πληγωμένο γάϊδαρο τονέ χτυπάει ουτάβανος,
Από τη γλώσσ' αρκινάει το σκουλήκι,
Έχει γρύλλους αυτός ο άνθρωπος,
"Κάλλιο βουκέντρι, παρά βόδι",
"Οπου πειναει, ψωμιά θωρεί, κι' οπου διψάει, βρύσες θωρεί κι' ο αξυπόλυτος τσαρούχια με τσι μύτες",
Αγκαστρώνει με το μάτι,
Θα 'να όλο δικό σου,
"Το ξεραγγιανό γαϊδούρι, χαλασμός στον αχεριώνα",
Αγλιά από κειόνε που λείπει από το γάμο του,
Ο φούρνος φκιάνει το ψωμί κι' ο ήλιος τη μπουγάδα,
"Του κυνηγού και του ψαρά το πιάτο, εννιά φορές είν' αδειανό, και μια φορά γεμάτο",
Του κοράκου τα παιδιά όσο παν τόσο μαυρίζουν,
"Όποιος καή εις τα ζεστά, φοβάται και τα κρύα",
"Κλαίνε οι χήρες, κλαίνε κ' οι παντρεμένες",
Έχει ο Θεός μπάρμπα,
Πόσοι πεθαμένοι κάθονται στ' αρρώστου το κεφάλι!,
"Η αλήθεια λαβώνεται, μα δε σκοτώνει",
"Το βουβάλι κι' αν ξεπέση, το κορμί του δεν το χάνει",
"Ότα γεράση το δεντρί, ξεράδια δεν του λείπουν",
"Κάνοντας τ΄οχτρού σου καλό, του βάνεις αναμμένα καρβουν΄ απάνου στο κεφάλι του",
"Όποιος δε μιλεί, τόνε θάβουνε",
Η αρρώστια μπαίνει με το σακκί και βγαίνει με το βελόνι,
Θεό και γείτονα κανείς ποτέ του δε(ν) γελάει,
"Κάθε μία πλάθει τήν κουλλούρα της, όπως τσ' αρέσει",
Κακό σέ κείνον σέ κείνον πού λείπει από τό γάμο του,
"Όπ' αγαπάει, γνωρίζεται αφ' την περβατησιά του΄αλλού πατεί, αλλού θωρεί, κι αλλού 'ν' το νόημά του",
"Του χωριάτη το σκοινί μονό δέ σώνει, διπλό σώνει και αβαντζέρνει",
Βαίνει την μπορδή του δύναμι,
"Οπού κρατεί καλά κρατεί, κι' οπώχασε ας γυρεύη",
"Άνθρωπος χωρίς δουλειά, τσή χώρας η καταλαλιά",
Θάνατος με πολλούς θάνατος δεν λογιέται,
Μιανού – μιανού αγίου γυρίζ' η μνήμη του,
"Γειά, χαρά στη γειτονά σου, και τ' αδράχτι σου γιομάτο",
"Βάλε φραμό στ' αμπέλι σου, και για ξένο άσ' το",
Απ' το στόμα σου  και στου Θεού τ' αυτί,
Από ντροπή του κόσμου κάλλιο χώμα τση γης,
Είναι μικρό τ' αρνί Μ'άχει και πλατειά ορά,
Ο στραβός κλαίει για τα μάτια του,
"Από μπουκιά κι' από πιοσιά, το σπίτι δε φτωχαίνει",
Η θάλασσα τα δίνει κ' η θάλασσα τα παίρνει,
"Γέννησέ με σπείρε με, κι' αδέ σου μοιάσω, δείρε με",
Τσου ζουρλούς τσου πάνε στον Άγιο,
"Ο γάμος δεν είναι μπάλωμα, για ναν το ξηλώσης",
Η ελιά θέλει ζουρλό νοικοκύρη,
Πολλά καλά ς΄ την έρημο όπου κανείς δεν είναι,
Όπου ακούς πολλά κεράσια βάσταε μικρά καλάθια,
Είναι γεναριάτικο λεμόνι,
Κάλλια λόγια στυο χωράφι παρά μάγγανα στ' αλώνι,
Περπάταγε σιγά σιγά κι όσο θέλεις πας μακρυά,
Όποιος κάθεται με σκύλλους ασηκώνεται με ψύλλους,
Νύφη μπαίνει; Κάτσετ' αναπαμένοι. Νύφη βγαίνει; Έβγατε ναν τη δήτε,
Το θηλυκό παιδί γεννιέται βουβό,
Το πονηρό σκυλί δεν αλυχτάει,
Η γάτα για το ψάρι επούλησε τ' αμπέλι της,
Δεν έχει δεύτερο βρακί,
Αν άκουνε ο Θεός τσοί κοράκους δε θ' άφηνε ζω ζωντανό,
Τον κουρλό κι' αν ορμηνεύης κρύο σίδερο δουλεύεις,
"Οπόχει πόνο, πάει στο γιατρό",
Όθε λαλούν οι κουκουβάγιες ποτέ δεν ξημερώνει,
Είπαν τση γριάς να κλάνη μα να μην το παρακάνη,
"Ξάστερος ο ουρανός, αστραπές δε φοβάται",
"Κουφή βροντή, κοντά νερό",
"Στην πουσναρα του παπά, ζωντανοί και πεθαμένοι",
Πάρεμε κι ας κλαίω,
Ο κόσμος τό 'χει τούμπανο κ' εμείς κρυφό καμάρι,
Το κουκί κουκί κουκάκι γένετ' ένα σακκουλάκι,
"Με τον ήλιο τα μπάζουμε, με τον ήλιο τα βγάζομε τι έχουν τα έρμα και ψοφούν;",
Λάου – λάου,
"Άλλη μην την πης δουλειά, όξα κείνη του σκαφτιά",
Κεφαλλωνίτης βλάστημος,
Το γύφτο κάνουν βασιλιά κι αυτός γυρεύει ρείκια,
Από το Θεό και το γείτονα κανείς δεν μπορεί να κρυφτεί,
"Πες το, πες το το κωπέλλι, κάνει την κυρά και θέλει",
"Από να μ' αλυχτίση σκυλί, κάλλιο το δικό μου",
"Τη γάτα νύφη την έκαμαν, και τα γατινά της δεν τ' άφηνε",
Του δίνει καππότττο (ο Α των Β),
"Σε ξένον κήπο, ραπάνια μη φυτεύης",
Άφηκε τα ένταε και γύρευε τα πουνταε,
Η βαρύτερη δουλειά είν' το καθισιό,
Τα ζα απαντιώνται και δεν καλημερίζονται,
"Το λε' η μάννα στη γωνιά, και το παιδί στη γειτονιά",
Κι εδώθεν παν οι άλλοι,
Η ομορφιά τση γυναικός είν' η μισή της μοίρα,
"Νοικιασμένο, ρημασμένο σπίτι",
Η αγάπη πα' ομπροστά,
Το μονοδέντρι 'ς το βουνό όλ' οι καιροί το λάμνουν,
Πράμα γνωριζούμενο δίχως κρίση παίρνε το,
"Μάννα τα δεν εγέννησε, κακή ριπή ας τα πάρη",
"Ο Θεός έφκιασε τον κόσμο κ' είπε: “Οπόχει μυαλό, ας πορεύεται”",
"Όποιος γελάει τη γη, κ' η γης τονε γελάει",
"Χριστέ μου, και κάνε με ζουρλό να με φοβάτ' ο κόσμος",
"Η γουρούνα, άμα έκαμε γουρουνόπουλλα, δεν εχόρταινε ούτε γρυπάρι",
"Ο κόσμος με τον κόσμο, κ' η γριά με το κουρκούτι",
Σωμόνια νάχη το Μοναστήρι και καλόγερους βρίσκει,
"Στο ξένο σπίτι, λίγα και πολλή διάκριση",
Ο καλός άντρας αχνίζει κι' η πουτάνα κοκκινίζει,
"Ζυμώτρας, ψήστρας, κούλλουρας, χερομυλίστρας, άβγουλας",
"Τα λόγια σου πρι να τα πης, μέτρα τα ένα ένα και της καρδιάς σου τα κλειδιά μη δίνης στον καθένα",
"Με το ζόρι παντρειά, δεν πάει",
"Η έγνοια κάνει τη δουλειά, κ' η ξεγνοιασιά τον ύπνο",
"Κάμω γάμο φαν παιδιά μου, πανηγύρι τση κοιλιάς μου",
"Σε ξένο κρασί, νερό μη βάνης",
"Τση καλομάννας το παιδί, το πρώτο τέκνο θηλυκό",
Καλύτερα είναι το σκεπασμένο τσουκάλι παρά το ξέσκεπο,
Αρρώστου μούτρα φαίνονται και νηστικού μαγούλες,
"Όμορφη, φρόνιμη και νια, φωτιά να κάψη τα προικιά",
"Απ' όνα λιθάρι, ταλεύρι δέ βγαίνει",
Του Γενάρη το φεγγάρι είναι σαν τον Αλωνάρη,
Η κότα θέλει πίτουρα και το γουρούνι λάσπη,
Αλλουνού γυναίκ΄ άλλος δεν παίρνει,
"Ούτε το κρέας να παραψηθή, ούτε το σουβλί να καή",
Κάλλιο γαιδουρόδενε παρή γαιδουρογύρευε,
"Η θάλασσα 'ναι γαλανή, μα ο αέρας τη μαυρίζει",
Η αυλή σαρωμένη κ' η κόρη χτενισμένη,
Καλά κουκιά στην πλίθρα,
Η ζυμώτρα επαινιότουν και ο μύλος εκαυκιότουν,
"Του πλούσιου οι μακροσυμπεθέροι, πρωτοξάδερφα",
"Ο άντρας μπάζη με το σακκί κ΄ η γυναίκα να βγάνη με το βελόνι, το σπίτι δε μπορεί να γδή προκοπή.",
Έχει ο αφέντης αφέντη,
Κόβω λάσπη,
Έκατσ' η πομπή 'ςτο διάβα και γελάει με τσου διαβάτες,
Θέλει την ταβερνιάρα μεθυσμένη και το βουτσί γιομάτο,
Όπου κρατεί καλά κρατεί,
"Αδειανή κοιλιά, Τετραδοπαράσκευο δεν ξέρει",
Δεν το έχω πως πεθαίνω παρά όσο πάω μαθαίνω,
"Καθένας, εκειός ξέρει που τόνε σφίγγει το παπούτσι του",
"Από ρόδο βγαίνει αγκάθι, κι' απ' αγκάθι βγαίνει ρόδο",
"Κοντά στα ξύλα τα ξερά, καίουνται και τα χλωρά",
"Κόρφος που μπάση, θα βάλη",
"Πρώϊμο αρνί, μαλλί και κέρατο",
Κάθε λόγος έχει και τον αντίλογό του,
"Καλύτερα μιαν αρρώστια, παρά μια κρίση",
"Βόσκει ο γάιδαρος, όπου τονε δέσουνε",
Ο λαγός και το περδίκι κι' ο καλός ο νοικοκύρης το χειμώνα χαίρουνται,
Πρέπει να τόχει η κούτρα σου να κατεβάζει ψείρες,
"Εν τω ναώ εργάζεστε, εν τω ναώ τραφήσεστε",
Κακό αγγείο,
Όποιος δούλευει ο Θέος του πέβει,
"Για πράξε, για μετάπραξε και 'που τον κόσμο λείπε",
Ο κουτρούλης με τα λόγια κτίζει ανώγεα και κατώγεα,
Τον έπιασε τρικούκουλο,
"Ο γέρος απου πόθανε στη Μεσαρά θερίζει, και τα παιδιά ντου τονε κλαίν' και κείνος χαχαρίζει",
Τά δόσα το χριστόν επαραδώσαν,
Η δουλειά και το φαϊ ντροπή δέ θένε,
Η δυό πέτραις το κάμνουν τ' αλεύρι,
Άλλα του λένε κι άλλα 'πιλογάται,
Να ΄ρθη θέλει και καιρός να ΄ναι κάδιο το νερό,
Προκομμένος σαν την κατώπετρα του μύλου,
Οντέ βγαίνει η όρνιθα στο σωρό σκαλίζει κιόλας,
Πορεύγεται η γι' όρθα μου από τα πίτεράν τση ετσά πορεύγομαι κ' εγώ από την αφεδιά σου,
"Μη κάνης, μη σου κάνουνε, μη πης να μη σου πούνε",
Η μοίρα ντου και του καβρού,
Το κούτσι κούτσι τέσσερεις και το καρκάνι πέντε και το κσυλί και το γατί εξήντα πέντε μέρες,
"Οβραίο βαφτίζεις, πετσί κοπανίζεις",
"Από το Γιάννη κι ως το Λιό, ίσα κατάρας μου ν' κι οι δυο",
"Εγώ καλά παντρεύτηκα, κι' ας κλαίει που μ' επήρε",
"Το φεγγάρι του Γεννάρη, παρα λίγο, νάναι μέρα",
"Δεν κοιτάζ' η καμήλα τη δική τζη την καμπούρα, κοιτάζ τ'άλλονού",
Σαν μάθ' ο σκύλλος 'ς τα παληοπέτσια όλο πετσί φωναζει,
Ουκ οίδα υμάς,
Από λωλό κι από μωρό μαθαίνεις την αλήθεια,
"Μα συ θαρρείς για τσ' όμορφους εδόθηκε η-γι-αγάπη για τσ' όμορφους, για τσ' άσκημους κι όπου ριχτή το μάτι",
Σα δεν κάμη η πέτρα πολύν καιρό 'ςτο νερό δεν αβρυώνει,
Π' ανεγυρίζει τα πηλά στη μέση δίδει και βουλά,
Τ' αγίου το τεφτέρι είναι μεγάλο,
Προκομμένη σαν την κάτω πέτρα του μύλου,
"Απ' αγαπάς κατούρησε, κι απού μισάς χτενίσου, και κει που θες πολύ κακό κάτσε κουτσανιχίσου",
Όποιος βγάζει του αλλουνού το λάκκο πέφτει ο ίδιος μέσα,
"Όμορφο είναι τ΄ όμορφο, πέντε φορές και δέκα μ΄ απ΄ όλα ομορφύτερο η γνωστική γυναίκα",
Αν δεν τα 'λεγες γυναίκα δεν τα ξέραν οι γειτόνοι,
"Αρά και που θε τα βρεθή, αρά και που θα λάχη, κόρη με τα ξανθά μαλλιά και μαύρα μάτια τάχη",
Μη βρέξη και μη στάξη,
Όλα τάχει η Τερλερίτσα μόν' ο φερετζές τσί λείπει,
Ήκαμα γώ και γούμενος ήκαμα και κελάρης,
Απάντρευτος προξενητής για μπάντα ντου γυρεύει,
Θα ξεχωρίση η νείρα απού το στάρι,
Ο γείτονας και ο Θεός ποτέ τους δε γελιούνται,
"Μουδέ στ' αντρόϋνο κακιά, μουδέ στ' αδέρφι αμάχη",
"Ώστε να στολισθή η νύφη, εβγήκανε τα μάτια του γαμπρού",
Όπου κι' αν πάη το πουλί τη μοίρα ντου βαστά μαζί,
Η στράτα να μυρίζει καβαλίνα,
Τον ακάλεστο στο γάμο κάτω κάτω τον καθίζουν,
"Σκαλίζοντας η όρνιθα, βγάζει τα μάτια τσ'",
"Οντέν εχρώνουμ', ο Θιός μ' εγάπα, κι' οντέν επλέρωνα, ο Θιός μ' ωργίζου",
"Ήρθε συρναμενος, κουναμενος",
Καϋμός του που δεν έχει ανύχια να ξυστή,
Όμοιος τον όμοιο κι η κοπριγιά στα λάχανα,
Πού 'χει τα θάρρη ντού στο Θεό αδείπνητος δε θέτει,
Όπου χέρι δεν απλώση τόπος δεν αδειάζει,
Προς τα γένεια πάει ο δίσκος,
"Μη κάμης, μη σου κάμουνε, μη πης να μη σου πούνε",
Αρνί από γεροντόκριγιο και ρίφ' απ' άλλο ρίφτη,
Όποιος βιάζεται ξωμαίνει,
"Όντεν είν' η γνώσι, που 'ν' το πράμα κι όντεν είν' το πράμα που 'ν' η γνώσι",
"Άντρας μου πουχούμισε, το ψωμί μου γλύτωσα",
Σαράντα δυο Βουθονιανοί το γάιδαρο φορτώναν,
Έκανες ένα γαμπρό; Έκανες ένα εχθρό,
Όπου λαλούν πολλοί πετεινοί αργεί να φέξη,
Κουλουτσύθγια μι τ' ρίγαν',
"Άνθρωπος διπρόσωπος, ατός του κι' απατός του, κάνει κακό τσή μπάντας του, που δεν το κάνει εχτρός του",
"Όντε λείπ' ο γέρο κάτης, όλ' οι μποντικοί χορεύγουνε",
Απού 'ναι καλορρίζικο γεννά κι ο πετεινός του,
Είνε ντρέτος σαν αγκίστρι,
Του προφήτη Λιά βγαίνει το λάδι στην ελιά,
Ανεμέλης ανεμέλα κι' ο Μελέτης εμελέτα,
Καθένας τον Παύλο του παυλούδαρο τον έχει,
Έτσι δά παραλοΐζει όποιος δή ουτέ δέν ορπίζει,
Πότε νάρθη τω Βαγιώ να δακάσω τον κολιό,
"Έγνοια του κουλού για λύρα, του στραβού για παραθύρια",
Τ' αμμάθια 'που δε βλέπουνται γλήγορις λησμονιούνται,
Εν ω μέτρω μετρείτε μετρηθήσετε υμίν,
"Όποιος περπατεί, μαζώνει  κι΄όποιος κάθεται, μαργώνει",
Έβγα στη γειτονιά πομπέψου και στο σπίτι σου πορέψου,
"Θώριε νούγα και παίρνε πανί, θώριε μάνα και παίρνε παιδί",
Η πείνα κάνει αδόντια κι΄ ο φόβος πόδια,
Κάτσε κερά μου απόκολα κι α θέλω 'γώ θωρώ σε,
Άλλα λέει βαρκάρα τζη,
Έκαμε παννιά,
"Βλέπε με, Θεέ μου, από σπανό και μαλλιαρή γυναίκα",
Ασκημέ μου φέρε να φάμε κι ομορφέ μου ίντα θα φάμε;,
Ίντα γυρεύγει η γιαλούπου ς'το το παζάρι,
Μουδέ η σούβλα μην καή μουδέ και το κεμπάπι,
Πότες θα γεράσω να 'περηφανεύωμαι,
"Το(ν) κολυμπητή τόνε ρέγουνται 'ς το έβγα, ό(χ)ι 'ς το έμπα",
Ώστε να πάη και να 'ρθη τ' άλεσμα ήφυγε το κάλεσμα,
Όσο 'κεια και μη παρέκει,
Να τύχη η κεφαλή να κατεβάζη ψείρες,
"Τρία καλά στον άθρωπο: η ομορφιά κι η γνώση κι εκείνο που 'χει στην καρδιά, να μην το φανερώση!",
"Του Μαρθιού τ' απόι, τα σίδερα κόβγαι",
Στο κακόν άλογο ποσταλλάσουμε όλες οι λαγόμυγες,
Ο πολυτεχνας ρημοσπιτάς,
"Απού τ' αβγό, θα κλέψης και την όρνιθα",
Από ένα πρόβατο δυό προβιές δε βγαίνουνε,
Το κάστανο θέλει ρακί και το καρύδι μέλι,
"Απού διαλέει πλειά καλό, γυρίζει πέφτει στα πηλά",
"Εγέλασές με φιού σου, εξαναγέλασές με φιού κ' εμένα",
Όποιος κυνηγά πολλούς λαγούς δεν πιάνει κιανενα,
Εγίνηκε βουρίδι,
"Απού 'χει μέλι, βάφει και τσοι τοίχους",
Ηύρενε το μήνα που θρέφει τσ' έντεκα,
Δεν ξέρω από που κρατά η σκούφια σου,
"Εγώ σας έκαμα τα γένεια, έχετε δα και σεις τα χτένια",
Κάνε τή δουλειά ετσά πού κατέχεις,
Ντήρα διαντήρα το σκαμνί τη τάβλα να καθίζης,
Έκαμένε τον Ιορδάνη στο κρασί,
"Απού δε θέλει χτύπους, στο χαρκιδειό δεν πάει",
Σύρ'τα τσι φέρ'τα,
Κι έτσι κακά κι' αλλιώς ψυχρά!,
"Ο μύθος βλέπω αληθινά το πως καλά το βάνει, το μάθει από μικρός κανείς ποτέ δεν το ξεχάνει",
Παρακρατείτε τη κερά και δεν ξανάρθε επαδά,
"Να κάμω θέλω τα πρικιά γλυκειά, τ' άγρια μερωμένα",
Το κακόν αντρίτσι σκιας τ' αμάτι ντου γρυλώνει,
Κάθε πουλί με το σκαλισματσάκι του ζη,
Και το καλό παιδί θέλει το δικό του και το κακό παιδί θέλει το δικό του,
Αγαπώ σε γρα να κλάνης μα να μη το πολυκάνης,
"Κουφού καμπάνα κιά κτυπάς, νεκρό κιά γαργαλίζης, και μεθυσμένο να κερνάς ούλα χαμένα πάνε",
Εγώ κακό 'χυρόπουλο κι εσύ κακό δεμάτι,
Θεού ζημιά,
Ως τοτεσά γη ο γάιδαρος ψοφά γη το σομάρι σπά,
"Η λευθεριά βασίλειο και η παντρειά καδενα, και διάλεξε, παιδάκι μου, από τα δυο το ένα",
"Όποιος δεν έχει γέρο, ν' αγοράση να 'χη",
"Λυγνά, χοντρά, ανάκατα κάτεργα",
Άρατε πήλας οι άρχοντες,
"Ήρπαξεν απού 'ρπαξε, σουβλί, σουβλί, σουβλόριζα",
Ποιός σου 'βγαλε το μάτι σου; Ο αδερφός μου. Λέει  Για κειονά σου το βγαλε ετσά βαθειά!,
"Πρασόφυλλο πρασόφυλλο ήφανα το πανί μου, και έχω και τον άντρα μου και δεν πονεί ψυχή μου",
Όποιος θέλει να μπαμπακίση το Γενάρη δε' ανεχύση,
"Εκατό αγκινάργια να ρίξης απάνω ντου, δε θα πέση χάμαι ένα",
"Ο πλούσιος έχει την τιμή, α ζη κι ανέν ποθάνη, αα ο κακομοίρης ο φτωχός μούδ' ήταν μουδ' εφάνη",
Ποπανωθώς του κερά ξυλιές του βγαίνουν ευκόλας,
Σαν κάμ' ο Μάρτης δυό νερά κι' Απρίλης άλλον ένα χαράς τονε το γεωργό πούχει πολλά σπαρμένα,
Τετράδη και Παρασκευή τα νύχια σου μη κόψης και Κυριακή μη χτενιστής αν θέλης να προκόψης,
Ο λόγος σου μ' εχόρτασε και το ψωμί σου φα' το,
Η νύφη απούσταν γεννηθή τση πεθεράς τσης μοιάζει,
Μαθημένον είν' τ' αρνί να κουρεύεται να ζη,
Όποιος σκάφτει ξένο λάκκο του μπογιού ντου να τόνε ξαμώνει,
Απ' τ' αυγό πάει στην όρνιθα,
Όποιος δεν έχει μάνα δεν έχει μάθια,
Τα πρώτα καλά και τα ύστερα κακά ούλα κακά,
"Ωσάν οι γράδες κάνουν τζα, οι ψαρομηλιγκάτες, θαμάζομαι τσι κοπελλιές πως δεν πηδούν 'ς τσι στράτες",
"Ο γιός γαμπρός δε γίνεται, κι η νύφη θυγατέρα",
Η κακοκαιρία κάνει του βοσκού την ανεκαλουρίδα,
"Του γνωστικού ανεχάραξε, του κουζουλού ξεδιάλυνε",
"Όποιος φοβάται το Θεό κόβγει τα νύχια των ποδιών του, κι όποιος ντρέπεται τσ' ανθρώπους κόβγει τα νύχια των χεργιών του",
(Έντοες εδά πως είμαι) σαν το έχνος,
Ποιος ήκαμε το φόνο; Όποιος ήδωκε το μαντάτο,
Ούτσι ούτσι το γουρουνάκι ώστε να το βάλωμε στο σακκάκι,
"Τα ρούχα μου ν΄τα κάλλη μου, κι η γενιά μ' η – γι – ομορφιά μου και η καλή καλλίκωση ειν' η προπατηξά μου",
Χίλια ξαμώνε κι ένα σύγκοβγε,
Τοις καλης ημέρας τση φαίνεται απού ντα ξημερώση,
"Μέσα της Μαρίας ο γιός, έξω τση Μαρίας ο γιος!",
Καρύδι τόνε θέλει!,
"Βλέπε με Θε' μ' από σπαό, και μαλλιαρή γυναίκα",
Με κουπιά αναφτερομένα θα να φύγη,
"Άθθρωπος θωρείς, καρδιά δεν ξέρεις",
Λοίκος απαρατήρητος ας είν' ευλογημένος,
Έχει και μάνες και πονούν κι αδέρφια και λυπούνται,
Όποιος ξενομαζώνει διαολοσκορπά,
Ζερβά μούρθανε,
Είναι κι' άλλοι γαϊδάροι στό λειβάδι,
Ευκή γονέων έπαιρνε και στο βουνό ανέβαινε,
Και ο λόγος σάρξ εγένετο,
"Σα θέλη η νύφη κι ο γαμπρός, φιλιούνται οι συμπεθέροι",
"Παίζ' ο λύκος με τ' αρνί, κακό το 'παθε τ' αρνί",
Απού τρώει το λινόσπορον του τρώει το 'ποκάμισό του,
Καίει του παπά την κατάρα,
"Το καλό παιδί, το πράμα είντα το θέλει, και το κακό παιδί το πράμα είντα το θέλει;",
Θα ιδής ποσ' απίδια βαν' ο σάκκος,
Κάνει λάκκο,
Η καλή νοικοκύρα είναι δούλα και κυρά,
"Ηθελές τα, ηπαθές τα, κάτσε δα κι' απόσαξε τα",
"Ουνειρεύγιγι τσι κλάνς, για σι φεύγιν τσι δε τς νοιώνς;",
Κουκιά με την αρίγανη,
Οντό τη θωρείς την κάψα το γαμπά σου τόνε βάστα,
Όπου θέλ' ο τσικαλάς κολλά τ' αυτί,
Στην Αγιά Βαρβάρα βρέχει κιό Θεός δεν το κατέχει,
Όσ' απ' ανέμου κι αν γεννούν παλ' απ' ανέμου 'πάνε,
"Του χαρτοπαίκτη, του ψαρά, του κυνηγού το πιάτο δέκα φορές είν' αδειανό και μνιά φοράγεματο",
Από το κεφάλι βρωμίζει το ψάρι,
Τον έκαμε σιόπαστο στο ξύλο,
Ίχι να τό 'χη η κεφαλή να κατεβάζη ψείρες,
Ήκατσης σαν την αποζυμώτρα,
"Ας κόψη το ντου, να ξεραθούν τα λάχανά μας",
Ο γάιδαρος είναι γάιδαρος άνε φορή και σέλα,
Από την κεφαλή μου πέρασε και τρίχα μη μου γγίξης,
"Του παιδιού μου το παιδί, σαν το μέλι 'ναι γλυκύ",
Ήσου πράμα εις το σπίτι μου και λόγια μη μου βγάνης,
"Ότι πάει του παπά, πάει και τση παπαδιάς",
Μια φορά το λένε του ανθρώπου και δέκα του γαιδάρου,
"Ώμορφον είναι τώμορφο πέντε φοραίς και δέκα, μ΄ απ΄ όλα ΄να ωμορφήτερον η γνωσιτκή γυναίκα",
"Όποιος κοπελλομάθη, δεν γεροντοξεχνά",
Των ατζιγγάνω η κακιά αποσπέρας ως ταχιά,
"Όσα μαχαιράκια, τόσα κοκκαλάκια",
Άλλοι τρων στί κήπους κι άλλοι τρών τσί χτύπους,
"Ποιός σου 'βγαλε τ' αμάτι σουι; Ο αδερφός μου. Αι, γιακονά ΄ναι τσα βαθειά βγαρμένο",
Του Θεού η δουλειαίς φαίνουνται μα δε στιμέρνουνται,
Να σύρη ο κλέφτης τη φωνή να φύγη ο νοικοκύρης,
Για δες τε ρούχα τα φορεί ή έχει και στη κασέλλα γάιδαρος είν' ο γάιδαρος ανε φορεί και σέλλα,
Είν' έναν προζύμι!,
Βγάλε την αράχνη από το σπίτι σου να μη σε βγάλη εκείνη όξω,
Πρωϊμόσπειρέ με κι αρόσπειρέ με και το Μάη έρχον κια δε σ' αρέσω τάισε μι,
"Καλό και κακό, είναι τση μοίρας του καθανούς",
Άλλοι σπέρνουν και θερίζουν κι' άλλοι τρων και χαχαρίζουν,
Χαράς τα Γέννα τα στεγνά και τη Λαμπρή οντέ βρέχη. Αν είν' τα Γέννα τα φεξερά είναι τα φώτα θαμπερά,
Κι οι τοίχοι έχουνε αυτιά,
Διαόλ' κάρτσα,
"Καθένας κατέει, είντα βράζει το τσικάλι του",
Όποιος κυνηγά πολλοί λαγοί δεν πιάνει κανένα,
"Του γαιδάρου κάνεις χάρι, γάιδαρος θα σε μπατάρη",
Κάλλ' ας ντραπή η μούρη μου παρ' α καη η καρδιά μου,
Ένας ποντικός κλέφτει τά καρύδια καί φταίνε όλοι,
Ο μεγάλος άθθρωπος και γάϊδαρος να γενή μην τον καβαλλικεύης,
Άλλην πόρτα χτύπα,
Από την κεφαλή βρωμέχει το ψάρι,
"Σα θέλ' η νύφη κι η γαμπρός, τύφλες νάχ' η πεθερός",
"Όποιος ζιγώνει δυό λαγούς, μουδέ τον ένα πιάνει μουδέ τον άλλο",
Πίττα που δεν είναι για να φας μη σε μέλλη κιας καή,
Ο γάιδαρος 'ς τη σέλα,
Οι πολλοί θέλουνε πολλά κι ο αμοναχός απ' όλα,
"Δεν είν' αυγό, μόνο το καμ' η γιόρνιθα!",
Ως κάν' ήμουν αργιομοίρα σκιάς καλόν άντραν επήρα,
Σταύρωμα του μεσημεριού και σταύρωμα τση μέρας,
"Φάγε γέρο μαλακό, μα κι' πολύ ζημάτο",
Θα κάνουνε την πείνα μαρεύτα,
Κι' από καιρό γυρεύγομε αιτία να του βρούμε,
Το πολύ Κυργιελέησο κι' ο παπάς το βαρυέται,
"Άη Γιώργιε βοήθα με, μα σειέ και συ τα πόδια σου",
"Θώργιε νούγια, έπαιρνε παννί, θώργιε μάννα, έπαιρνε παιδί",
Τον Αράπη κι αν ασπρίζης 'ς τον αέρα σπήθια σιάζεις,
"Από σιγανόν ποτάμό, ψηλά τα ρούχα σου",
Το πρώΐμο σπαρμένο είναι και πρόθυμο,
Άμα ο σκύλλος δεν έχει όρεξι να πάη 'ς το κυνήγι κακούς λαγούς πιάνει,
Δεν είναι δα κι' απ' το σκαμνί τση Πόλης!,
Κι αυτά κακά κι' αυτά μετενεχρά,
Τα πουσάτια κάνουν τον μάστορα,
Του Μαρτιού τ' απόι σίδερα κι' αθρώπους κόβγει,
Από τα κακά σου έργα ακουμβίζεις με τη βέργα,
Τα λόγια μεταλέγονται κι οι φίλοι ανερωθιούνται,
Το καλό αφεντικό αργεί να δείξη,
Ο θιός να μη σου δώση οχρό να΄τόνε διώξης,
"Να σε λιμπιστώ νάχης, όμορφη γυναίκα ειδέ για την αρχοντιά, χρονιά σου και χρονιά μου",
"Άσπρη ρασέ, μαύρη ρασέ, δεν είν' το πάπλωμα για σέ",
"Λίγα' σανε της γρας, κι΄ εγεύνησε κι' ο γέρος",
Το καλό το παλληκάρι κατέει κι' άλλη στράτα,
Ήφταξες στη τουρλα του Σαββάτου,
Άνθρωπος με τη γνώμη του μισέται κι αγαπιέται,
"Σαν κάνης καλά παιδιά, τι το θέλεις το βιο, και σαν κάνης κακά παιδιά πάλι τι το θέλεις το βιο;",
Και στη βρύση να πάω θα στερέψη,
"Αν το λες και δεν το κάνεις, μόνο την τιμή σου χάνεις",
Κλείδωνε το σπήτι σου να μη κακαφοράσαι το γείτονά σου,
Δε βάφει τη σκαλίδα τζη,
"Βούηθα μου, να σου βουηθώ ν' ανεβούμε τον γκρεμό",
Στη γη στην οικουμένη δεν εξ ανατισύστηνε της,
"Η μακρά με τον κοντό πάει σαν τον πατασμό, κι ο μακρύς με την κοντή πάει σαν το γιασεμί, κι ότι νά 'ναι ίσα ίσα, πάνε σαν τα κυπαρίσσα",
"Σα δε θέλω να σε φλήσω, όλο σάλια ση γεμίζω",
"Κακή μοίρα έχεις, άντρα μου, ούλοι πνηγήκανε κ' εσύ 'γλύτωσες",
"Όποιος βλέπει ξένο κρεάς, τρων οι σκύλοι το δικό ντου",
"Το σπάσιμο του καμπανού μόνο για να κερδίζης το μήνα δώδεκα παιδιά, πρέπει για να βαφτίζης",
"Όσα άστρα 'ναι στον ουρανό κ' εις όσο τόπο βρέχει, τόσο αξίζει η αθρωπιά χαράς που την έχει",
Μπουμπούρου ναν' οι αγγέλοι σου και βαθραικαί παπάδες,
Με τη βαρά να του κολλάς δε σαμώνει,
Απόθανε να σ' αγαπώ και ζιε να μη σε θέλω,
"Το ινάτι, βγάνει μάτι",
"Όλη μου η πίκρα, τ' αντρούς μ' ο θάνατος",
Όπου κι' αν πάη το στάρι ς' το μύλο γυρίζει,
Χοντρή μπουκιά μη φάης και χοντρό λόγο μη πης,
"Μπού! θα του πης του πιθαριού, μπου θα σου πη κι εκείνο",
Οντό δης την κεραζώζα,
Βρωμεί ο Οβραίος βρωμούν και τα καλά ντου,
Άθρωπο που δεν αριφνάς μπαίνει στο σπίτι σου,
Έχ΄ αμμάθια κ΄ εις τον καφά,
Με έζωσαν εφτά διαόλια,
"Κακή μοίρα έχεις, άντρα μου, ούλοι 'πνιγήκανε και σύ εγλύτωσες",
"Καβαλλάρις πας 'ςτη χώρα, καβαλλάρις γιαγέρνης κι' όλας",
"Απού το γάμο έρχεσαι κι αλλού ζουμί, κι από το πανηγύρι, κι αλλού ζουμί",
Να σου κάμω θέλω πάλι το καλαντάρι,
Τα ήπατα μου κόβγουνται,
Απού κυλιέται 'ς τα πίτουρα η γι' όρθαις τόνε τρώσι,
Των αχρείων η γιορτή έως το πρωΐ κρατεί,
Ο κλαυθμός και ο βρυγμός των οδόντων,
Τον πόνο μου μη δίδη ο Θιός μουδε του σκύλου που γαβγίζει στο σοκάκι,
"Τη γυναίκα και το σπίτι, απίς γενής ο νοικοκύρης",
Το ξένο ψωμί δεν τρέφει,
Όλο τον καιρό δεν ήτο (βροχή) και το Μάη εβροντολόγα,
"Απού τ' αγκάθι ρόδο βγαίνει, κι' από το ρόδ' αγκάθι",
Κακό 'καμες κακό θα βρης,
Η σκύλλα απού τη βιάση τση τυφλά κουλούκια κάνει,
"Ζήσε, μαύρε μου, να φας το Μάϊ χόρτα και τον Άγουστο τριφύλλι",
"Θέλετ' αμπέλια ανθίσετε, θέλετε μαραθήτε, θέλετε κάμετε καρπό, θέλετε μην τον δήτε",
"Κύκλος ήλιου, άνεμος και φεγγαριού χειμώνας",
Απου 'χει πολύ πιπέρι βάνει και στα λάχανα,
Τ' απορριξιμιό καράβι πρώτο στο λιμάνει τρέχει,
"Σα σαραντίση το παιδί, δαιμόνους δε φοβάται",
Του μπαμπά του μοιάζ' ο Γιάννης,
"Μήτε γάτα, μήτε ζημνιά",
Και οι τοίχοι έχουν αφθιά,
"Όπου κουτσός κι΄όπου στραβός, στον άγιο Παντελεήμο",
Από μικρό χαλίκι τοίχος δε χαλά,
Το μπαμπουνιάρικο κερί αγαπούν οι άγιοι,
Όψιμος γυιος με κόρη δε θερίζει,
Σαν το σκλάβο δούλευε και σαν τον άρχο γεύγου,
"Μέ τή μιά μου θυγατέρα, πέντε γάμους θέ νά κάμω",
Η σκύλα η βγιαζόμενη τυφλά κουλούκια κάνει,
Σ' τω πολλώ το θάνατο θάνατο μη φοβάσαι,
Θαρρείς όσοι χαρκομουζώνουνται καλαϊτζήδες είναι;,
Ο κλέφτης και ο ψεύτης τον πρώτο(ν) χαίρουνται,
Λόγια τ' αέρα,
"Οι ασφεντυλίες δεν κάνουν μεσοδόκια, παρά τα κυπαρίσσια",
Άμε κι έλα το πουλάκι ήκαμε μονοπατάκι,
Του 'πάιξε μια βούλλα,
Ταγιού Φιλίππου την αυγή φιλ' η πηλιά τα όρη,
Το καλό παπούτσι κάνει και καλό κλαπούτσι,
Το ξύλο δεν κόβγεται μονομαναράς,
"Συναλλήνω γάμο κάνουν, συναλλήνω τονε τρώσι",
Του κουζουλού το χέρι στου καβρού την τρύπα,
"Βούι απού κείτεται, άχερα δέν τρώει",
"Σότουν (σειόταν) τα μήλα στο γιαλό, σόταν κι οι καβαλίνες",
"Ξυπόλητη σ' εκάτεχα κ' επάθιες τα χαλίκια, κ' εδά που καλυκόθηκες ζητάς και σκουλαρίκια",
"Απού σου κλάσει κλάσεν του, να μη φανή καλλιά σου",
Πλιά μπρός βρήκαν τό βαρέλι παρά πού φυτέψανε τ' αμπέλι,
"Απ' αστραπή, φωτιά, σεισμό, πανώκλα, πείνα, χιόνι, κι από καμπουρη και σπανό, ο Θιός να σε γλυτώνει",
"Νεκρού καμπάνα καν χρυπάς, νεκρό καν θυμιατίζης, και μεθυσμένο να κερνάς, όλα χαμένα τάχεις",
Ο Νάχας και ο Νάβρας ήσαν αδέρφια,
"Μα αν παίζης με γρογάιδαρους, δέχου και τσοι τσινιές τως",
"Ο κάτης κιάν εγέρασε, κι άλλαξε  το μαλλί του μουδέ τη γνώμη ντ' άλλαξε, μουδέ  την κεφαλή ντου",
"Σα σόργιστη ο Θεός κάθου, σα σοργιστούν οι ανθρώποι φεύγα",
"Ίσα κάνε, γρα, την πίττα κι' ίσα την πιττάρωνε",
Του Γενάρη τα λιατσάκια είναι πρέπει και φαρμάκια,
"Σα μάθη ο σκύλος στην αλευροδόχη, γ ή το σκύλο σκότωσε ή την αλευροδόχη χάλασε",
"Άνθρωπο θωρείς, καρδία δε βλέπεις",
"Η συμβολή του βαρεσάρη : Μουδέ και την καθημερινή, μουδέ παρασκολάδα μόνο τον άνζο σου άπλωνε όλη την εβδομάδα",
Παπά παιδί διαόλου 'γγόνι,
Τούτα τα 'νεβολέματα δά φέρουν και το χύμα,
Απού ζυγώνει δυό λαγούς μήδε τον ένα πιάνει μήδε τον άλλο,
Όποιος πεινα καρβέλια 'νειρεύγεται,
"Μάννα θώριε, παίρνε κόρη, κύρη θέριε, παίρν' αγόρι",
"Τα πράματα, τα γράμματα, πολλούς κακομοιριάζουν",
"Το είδες είναι θηλυκό, το δεν είδες είν' ασυρνικό",
Αυτός κατέχει την Μπάντοβα,
"Χαράς τα Γέννα τα στεγνά, και τη Λαμπρή οντέ βρέχη",
"Που πήρε χίλια πέρπυρα και κακουδιά γυναίκα, τα χίλια παν στο διάολο κ' η κακουδιά του μένει",
Ξένο ψωμί δικό του μαχαίρι,
Απρίλης γρίλης κοντά το θέρος,
Ας έχουν μοίρα τα προυκιά κι' ας είν' και κορκιδενια,
Αυτός είναι βίδα,
"Τα κακά νοικοκυργιά, οι σκύλοι τρώνε τα μισά",
Η όρνιθα το γέννησε κι' αυγό δεν έν κρασμένο,
"Οντέ πλουτάς μη χαίρεσαι, κι οντέ φτωχάς μη κλαίης",
Άλλα 'ν' τα μάτια του λαγού κι' άλλα τσή λαγουδίνας,
"Ο διάβολος όταν δεν έχη δουλειά, καμπανίζει τ' αρχίδια του",
Ο παπάς μη δη παπά,
Μίλα γάδαρου ν' ακούς πουρδές,
Επάτησε η αράπισσα τον πόδα τζη στο τσικάλι,
Με τον αραμπά πιάν' ο σκύλος το λαγό,
Απού δεν έχει μοίρα και το' χω μαχαίρι στη καρδιά,
Ψωμί δεν έχομε και ραπανάκια για την όρεξι,
"Το πολύ ψιψί, χτυπά στη ψη",
Του γαιδάρου κάνεις χάρι τάχερα που χάνεις,
"Σαν έρθ' η νύφη στο χωργιό, μη βγιάζεσαι να τήνε δής",
"Μύλος μη γυρίση, κι' αλεστικά μη δώσω",
Απουρι γλοπεργελάξη κουμούλωση τα κουκλώνεται,
"Το κακό αντρίτσι, όλο γρίτζι",
Κάνουν πουλιά τα μάτια του,
"Καιρός για φίλου σπίτι καί να κοιλιοπονά κι η γυναίκα ντου, και να μην έχη και ψωμί και να στάσση και το σπίτι ντου",
Από την κεφαλή βρωμίζει το ψάρι,
Σαν καίγεται του διπλανού σου το σπίτι φρόντιζε για το δικό σου,
Ο γάιδαρος ο κουζουλός τη μνιά στραθιά του κάνει δυο,
Άκουσε το η νοθιά πως ανθούνε τα κουκιά,
Από την Έμπαρο κρασί κι' από τη Βιάνο λάδι,
"Αρνί που βλέπει ο Θεός, ο λύκος δεν το τρώει",
"Σαν του δώσης μούρη, θέλει και τ' αστάρι",
Εύρε χίλα στουμπώματα να φράξης χίλια στόματα,
Του Γεννάρη το φεγγάρι παρά λίγο να 'ναι μέρα,
Ο σκύλλος οπου γαυγίζει δε δαγκάνει,
Ακριβός θαρεί κερδαίνει και φυρά και δεν τ' ανιώθει,
Οπίσω ο σκούλος βράζει,
"Μίαν κακή γυναίκα, δύο φορές τηνε χαιρέτα",
Τρώγουνται σαν τσοι σκύλλους,
Ότι να την κάνης τη γωνιά γωνιά πάντα γωνιά,
Τα ήκαμε ντάρι – νάξι,
"Κατά μάννα, κατά τάτα, είν' ο γιός κι η θυγατέρα",
Έχει τα βιαστικά τσ' χελώνας,
Σάββατο βάζε μια δουλειά και μη την ξετελευγης,
Απόμεινε κεφαλοπύρωτος,
"Το δεν θές να σου κάνουνε, αλλού να μην το κάνης",
Αυτά τα λε στον κλείδωνα,
Αν δεν γίνης μούτσος καραβοκύρης δε γίνεσαι,
Το πράγμα κάνει τον κλέφτη,
"Α θες να 'δης την κόρη, τη μάνα θώρει",
"Σα δε σ' αρέσει η αιλιά, πάρε το βούι να γεννά",
"Από Μαρτιού κ' Σεπτεμπριού, ίσα τα μερόνυχτα",
"Είπα 'ς το κρομμύδι πως έγεινε μήλο, μον έκαιγε",
Ο νους σου και του ατζιτζίκου,
Όλοι γυρένε το σεισμό κι ο μαραγκός γυναίκα,
Τρίψ' του στου γδί σ',
Αψές επήραν οι για γερανοί την κούνια σου,
Από Μαρθιού καλοκαιριού κι απ' Άγουστος χειμώνας,
Όποιος έχει δύο έχει ένα κι' όποιος έχει ένα δέν έχει κανένα,
"Όντε διψά η εδική σου αυλή, μη χύνης στην ξένη νερό",
Βγήκε στο ασ' εύγορο,
"Γάιδαρος είν' ο γάιδαρος, αν βάλη και τη σέλλα",
Ευρήκα τά πλατειά μου,
Είναι γρούνα τσί μσό,
Ποιός σου 'βγαλε το μάτι; Ο δικός μου. Για κειονά σου το βγαλε βαθειά,
"Θε μου δος μου την υγεία μου, να φορώ το Μάϊ γούνα",
Ά δεν το μέλλει να πνιγή ποτέ του δεν πεθαίνει,
Πήγαινε αργά να φτάσης γρήγορα,
Που 'χει τα θάρρη ντου στο Θιό αδείπνητος δε θέτει,
"Εγροίκου κι΄ίδρωνα, κι' είδα κι' εξέδρωσα",
"Απού ζη, μεταζώνεται",
Ήσκα η πυροβόλο και μαγιάτικη καβαλίνα,
Προπατηξάρικο νερό κι' απού τ' ανεγυρίση να το(ν) 'ς τση μάννας του να μη ντόνε γνωρίση,
"Η ο γάδαρος ψοφά, ή το σομάρι σπά",
"Δε μου την κάνεις εσύ, μόνο κείνο σα που στέκει από πάνω",
Όπου κυλιστή η γαιδούρα κυλιέται πάη το πουλάρι,
"Δος αυτοίς, Κύριε, κατά τα έργα αυτών",
Το Μάη ν' είναι το ψωμί το Μάη ν' είν' κι η πείνα,
Βόηθα μου να σου βουθώ ν΄ανέβουμε το γρεμνό,
Εσηκώθηκαν τα πόδια και χτυπούν της κεφαλής,
Η βιάση ψήνει τό ψωμί μα δέ ντό καλοψήνει,
Ο Θιός μη δώση του παιδιού τα βάνει ο νους της μάνας,
Έμπα κ' έβγα κι ανταρέψου κι απ' το σπίτι σου πορέψου,
Βασιλική 'ναι η διαταγή και τα σκυλιά δεμένα,
"Όποιος θέλει ν' αγαπήση, πρέπει να κακοπαθήση, και τ' άσπρα του  να μην τα άσπρα του να μην  τα ντουσουντίση",
Είχε κι η γαλιά μονί κι ήβγε να το καυχηθή,
"Ώστεν απού θερίζαμε, Βασίλη κυρ Βασίλη, τώρα π' αποθερίσαμε, που σε 'δα μπρέ κασίδη",
Η αγάπη φούρια δούδει κι ύστερα κακαποδούδει,
Όποιος γοργοφάει και γοργοπαντρευτεί δε το μεταγνώθει,
Φέρε του διαόλου την αθιβυλή να τονε δεις όμηρός σου,
Και τα καλά δεχούμενα και τα κακά ...ας έλθουν,
Ούλα μας ξανάστροφα κι ο γάμος τη Τετάρτη,
Το βουβάλι κι αν αδυνατίση πάλι βουβάλι είναι,
Η καλή μέρα από την ταχινή φαίνεται,
"Ο βασιλιάς Αλέξανδρος, απού 'χε το παλάτι όπου 'φτανε η χέραντου εκρέμα το καλάθι",
"Σα δε ξέρεις να φουρνίσης, τι το θέλεις το ζυμωτό;",
Αποτάσσει ο σκύλος καρτσοδέτη;,
"Άϊ Γιώργι βούηθα μου, λέει, μα κούνιε κ' εσύ τα πόδια σου",
Στου κλέφτη το σπήτι κλέφταις δεν πατούνε,
Ευλογημένος ο ερχόμενος εν ονόματι Κυρίου,
"Τα ξένα χέρια σ' ανεπεύγουνε, μα δε σε θεραπεύγουνε",
Όπου πηδήσει η σανάδα πηδά και το σαναδάκι,
"Πότε 'γίνη η κολοκύθθα, πότε μάκρυνε ο λαιμός της",
"Ό,τι κάνει η δεξιά να μη το ξαίρη η αριστερά",
Κυρά που διακονεύεσαι έχεις κι αλεύρια και πουλάς,
Ρήγα κατάμονο,
Η μοίρα μου τον άντρα μου καλό να τονέ κάμη,
Γιαχουντής,
"Τσι καλομοίρας το παιδί το πρώτο τσι είναι κοπελλιά κι είντα ναι η καλομοιριά τζι, για να κάνη τη δουλειά τζι",
"Εγούγια ντου του κοτσυφού, οντέ μαδεί η ορά ντου",
Του κόσμου το περίγελο τον κόσμο περιπαίζει,
Κάθε αρνάκι κοπριούδα του χαίρεται,
"Έλα, μπαμπά μου, να σου δείξω τα γονικά σου",
Του Μάρτη ξύλα φύλασσε και τ' Απριλιού κριθάρι του Μάη κακοντυλα μη χάσης το ζευγάρι,
Τση νύφης τα προικιά σαν τση Λαμπρής τ' αυγά,
"Παραμέρισε απού το κακό, να ζήσης χίλιους χρόνους",
"Όποιος τη νυχτα περπαεί, για κλέφτει για πορνεύει για μίαν αγάπη κυνηγά, για σκοτωμό γυρεύει",
Οντόν είσαι καβαλάρης να χαιρετάς και τσι πεζούς,
"Το κοντό κοντορνιθάκι, πάντα δείχνει πουλαδάκι",
"Αναθεμα στα Σάββατα τ' αναθεματισμένα: τση Κράτινης, τση Τυρινής, τση πρώτης Εβδομάδας που φάγανε τσι κόρες μου και κούρσεψε το σπίτι",
Όπ' ακούς πολλά κεράσια κράτα και μικρό καλάθι,
Δεν έχει δροσιά,
Λια τα μεταξωτά βρακιά 'πιδέξα σκέλια θένε,
Πότε σκά η οργή του Θεού; Όντε δα δή την αράπισσα μουργτωμένη,
Κουρέματά τζη που σ' αλάτιζε,
"Όπου ακούσης μέγα τρύγος, παίρνε μικρό καλάθι",
Το διακονίκι είναι βασιλίκι,
"Ντράπου σου τον ένα, ντράπου σου τον άλλον, δεν ήκαμα με τη γυναίκα μου κοπέλλια",
Του χωριάτη το σκοινί μονό δέ φτάνει και διπλό βατζέρνει,
Άμα βγή ο ήλιος θα δώση κ' επαδά,
Το μαντατοφόρο δεν τόνε δέρνουνε,
Έχεις γρόσα έχεις γλώσσα,
Τά δώσα τον Χριστόν επαραδώσα,
"Ο κλέφτης οντέ δε δα βρη πράμα να κλέψη, βγάνει το σκούφο ντου, και τονε βάνει στην αμασκάλη ντου",
"Η αλουπού 'χεν αργαθιά, κι εκείνη αργατολόγα",
Όποιος γάιδαρος κι εγώ σομάρι,
"Πότε 'γίνη η κολοκύθα, πότε μάκρυνε ο λαιμός τση",
Εξαιρνά είδ' η γρά φεγγάρι και παράξενο τση 'φάνη,
Ίντα δα ρίξ' ο ορανός να μη το δεχτή η γης;,
Ανάφτει του διαβόλου κερί,
Από μπαμπά μαλή,
"Του Μαρταπρίλη τα νερά, πηλά και χώματα 'ναι",
"Βρωμεί δε βρωμεί το δαχτύλι σου, δικό σου είναι",
Τρελλός παπάς σε βάβιζε,
Ο Μάρτης ο πεντάγνωμος πέντε φορές εχιόνισε και πάλι το μετάϊδενε πως δεν εξαναχιόνισε,
"Ουδείς αναμάρτητος ει μη εις, ο Θεός",
Έρρηξα ςτά μπόσικα κι΄ έπεσε ςτα γομάτα,
Η νύχτα κι η αυγή βοηθούν τη μοναχή,
Τα κάνει κιανενούς το κεφάλι του δεν του κάνει ο χερότερος του ντουσουμάνης,
"Απού καή στην κολοκύθα, φυσά και το γιγούρτι",
Περνά 'σαν γαμπρός,
Του κοράκου τ' αυγό δε βγάνει περιστέρι,
Από σειρά πάει το βασιλίκι,
Το πολύ ψι – ψι χτυπά 'ς την ψύν,
Βάνει κι η αλουπού τα μούτρα τζη μα τσί πραματευτάδες,
Εγώ μουνα που ήμουνα κολόννα και ραΐνα και τώρα εκατήντησα βουρβουλοπροβατίνα,
Μόνο η' κακία σ' απόμεινε,
"Στον κόσμο τρία πράματα δεν κάνουνε στο σπίτι δυο κούνελοι, δυό πετεινοί και πεθερά και νύφη",
Από την αυγή φαίνεται η ημέρα,
"Νάταν η αρφανιά καλή, ήταν να τηθ θέλουν ούλλοι",
Η Ρκά το μισοσιήμονον ξηλάκκουρον εζήτα,
Έβαλα το νερόσ στ' αυλάτζιν,
Αρνίν πασσίυν,
"Μήναν πον έχω λούφεν εν αρωτώ μήτε πότε μπαίνει, μήτε ποτε βκαίνει",
"Ο πελλός αν δεν έση νουν, έση πόδκια",
Το ψέμμα ψέμματίζει τζ' η αλήθκεια αθκεί,
Είες το μεσωμέρι καμάραν κόψε τα ζεβλοράμματα τζιαι τράβα,
"Ούλλους εμ παστά τζαί τσυλλιούνται, τζ' εμένα εγ καρύδκια τζαί φακκούσιν",
"Γεορτή σου 'σένα, παραμονήμ μου 'μένα",
Κύλισε ο τέντζερης και βρήκε το καπάκι,
"Για τούτον κλαίει ο στραός, γιατ' εθ θωρεί τον νήλιον",
Εν αλευρωμένος ποντικός,
"Τομ Μαμ μήτε δεντρόν να φυτέψης, μήτε παι(δ)ίν νν αρμάσης (ή παντρέψης)",
"Κόφτει το ορμάνιν, αν αγκριστή ο λαός;",
"Σσύλλον λούσης σσύλλον πλύννης, πάλαι σσιυλλιές μυρίζει",
Ο Θεός μπορεί να θρέψη χωρίς να βρέξη,
"Όταν θέλει ο Θεός, θέλου τζ' οι άγιοι",
"Λάλε μου να σου λαλώ, να παιρνούμεν τον τζαιρόν",
Ήρταμεν στο ψιυνηίν ψαι εξιχάσαμεν να φέρουμεν μπαρούτιν,
"Άλλοι σπέρνουν τζαί θερίζουν, τζ' άλλοι τρων τζαί βορτωνίζουν",
"Γλέπου, να σε γλέπη τζ' ο Θεός",
"Ο άρρωστος με τρώει, με πίννει, με τοθ Θεόδ δοξάζει",
"Αν είσαι γιατρός, τα σκατά μου να τρώς",
Πουλεί σε τζ΄αγοράζει σε,
Επήρεν ο νους σου αέραν,
Του πελλού η απάντηση εν η σιωπή,
"Βάλε αλεύριν, να κάμης πίττες",
"Με τον οκτρόν μου να δω, με τον σταυρόμ να βάλω",
Τρώει με η γλώσσα μου,
"Ο καθένας ο νους του εμ πιδκιάβλιν, τζ' όπως θέλει παίζει το",
"Εν τζείνη πόντζισεν ο πετεινός πάσ' στο φουστάνιν της, τζ' έκαψέν το",
"Κατά τοδ δάσκαλομ που είσαι, έτσι γράμματα μαθθαίνεις",
Εγεύτην το τζ' έκατσέν το γιαστρίν,
"Κατύση του σπιδκιού, που κράζ' η όρνιθα τζαι σιωπά ο πετεινός",
Κάψε με τσαι βαρ' μου μύξαν,
Να σ' αλατίσω να μεβ βρωμήσης,
Ούλλοι σ΄ έναν τηάνιν τηανιζούμαστην,
Ο ήλιος του Μάρτι σηκώννει τα σπερμένα πούλλους – πούλλους,
Αγ – γιωρκήση το μονόνιασμαν του παιδκιού σου μεν το πής,
Είδες του κάττου το μαλλίν να κλώθεται μετάξιν; Είδες τζαι του κακόγνωμου η γνώμη του ν' αλλάξη;,
Η Ρκά καθούμενη κόφκη μυάλα αντάτζια,
"Γεναίκα πολλοπάητη τον άθθρωπον ζηβκάλλει, τζ αμ μεν ι-ξέρει γράμματα, μαθθαίνει τον τζαί ψάλλει",
Από της αγίας Παρασσεβκής ως τ' Άϊ Παντελεήμονα,
"Του πελλού κοκκόμ μεδ δείξεις, τζ' αν του δείξεις μεν του κρύψεις",
Το τέρτιν πύρκον καταλυεί τσ' ανώγεια βάλλει κάτω,
"Της αγιάς Μαρίνας σύκον, τ' Άη Λιά σταφύλιν τζαι τ' Άη Παντελεήμονα γεμάτον το κοφίνι",
Άδρωπος αγράμματος ξύλον απελέτζιητον,
Ο κάττος τα σκατά του σέζει τζαί σσεπάζει τα,
"Όποιος εγ καλά, καλύτερα γυρέβκει, τομ πελάν της τζεφαλής του γυρέβκει",
"Κάλλιογ κακόχ χρόνον, παρά κακόγ γείτον",
Είχα σε καλεσμένον με το τζερίν όξα με το λαμπά(δ)ιν τζαι παραπονιέσαι πως δεν επέρασες καλά;,
Νάξερες είντα σου μαειρέβκω,
"Δίχα ρουφκιάκον, κάστρος εμ πέρνεται",
"Τον τζαιρόν που έμπαινες εσού στο σκολείον, εγιώ εξησκόλουν",
Ευρήκες τον άγιον σου νάψης το τζερίν σου,
Αγκρίστηκεν ο λαός με τ' όρος!,
"Εδώ σε θέλω κάβουρα να παρπατάς, τζ' όϊ στηλ λάσπην",
"Μάνα μου, το κανίσσισ σου, ξερόν απόχτιν ήτουν",
"Αδ δέρ ρίξης δόλομα, ψάριν έμ πιάννεις",
"Όποιος βουρά μεινίσκει πίσω, τζ΄ όποιος παρπατεί γιάλι – άλι πάει μπροστά",
"Εκαλέσαν τηγ καμήλαν για ξύλα, για νερόν",
"Προστάζω 'γιώ τηγ κάτταμ μου, τζ' η κάττα τα καττουδκια της",
Βού(δ)ιν που την βου(δ)ατιάσ σου τζαι παι(δ)ίμ που τηγ καρκιάσ σου,
Ο ένας μήνας θρέφει τους έντεκα,
"Αμ μεν αρκήση στογ γιαλόν, εγ κάμν' η πέτρα ρίζες",
Γιον της πολιτιτζής μεμ πάρης τζαι κόρην έπαρε,
"Τάσπρα ξυπνούν τον άνθρωπον, τζαι το ψουμίν τοδδύλλον, τζαί το κριθθράριν τάλογον, τζαί το πουττίν τοβ βίλλον",
Ο φυννιατός τα ποκαθαρίζει,
Παρά να βκη ο λόος σου καλλύττερα να βκη τ' αμμάτιν σου,
"Με τοδ δικός σου φαε πκιέ, τζι αλισιβερίσιμ μεγ κάμης",
"Όπκοιος κοπρίζει τομ Μαν κοπρίζει το δεντρόν, όπκοιος κοπρίζει τον Άουστον κοπρίζει τογ καρπόν του (Βαρόσια)",
"Απού θέλει ν' αγαπήση, θέλει να χασομερήση, θέλει τζ' άσπρα να ξοδκιάση τζαι να μεν τα λουαρκάση",
Το κρομμύδιμ που το πωρνόν φά το εσού το μεσομέριδ δος το του φίλου σου τζαι την νύχταν του σκούντρου σου,
Το περβόλιθ θέλει άθθρωπομ καμπουρην,
Παίζε του γαδάρου λύραν να χορέβκει βίρα – βίρα,
"Τζιείνον πούσσιεν η 'ρκά στον νούν της, εθώρεν το όρομαν",
Σάσ' τα τζ' εγύρασιν,
Έγνοια πούπιασεν τον κκέλην πως ακριβωσεν το κτένιν,
Η αρώσκεια μπαίνει με το σατσίν τζαι βκαίνει με το κουτσίν,
Ο ρεσπιέρης πρέπει να ταΐζη τα βούδκια του ο ίδιος,
"Άμα τρεσ' ο ποταμός, εν ούλλα καλά",
"Απου νηστέψη Σάββατον ναναι καταραμένος, μόνον το μέγα Σάββατομ πον απηγορεμμένος",
"Ο ποντικός κέφτει ταβκόν, τζ' η κουτσουκούτα τρώει το",
"Αντράπου τζείνον, αντράπου τούτον, παιδίμ με τον άντραμ μας εν εκάμαμεν",
Άμα κάμη ζωνάριν το πρωΐν πκιάσ' τα βούδκια σου τζιαι λάμνε στο ζεβκάριν,
Η κρυάδα μπαίνει με το σατσίν τζαί βκαίνει τρίχαν τρίχαν,
"Αλοί στ' αντζειόμ πον να ραή, την κούππαμ πον να σπάση",
Γιατί να καλιέσαι τζει που 'σ σε καλλιούν;,
"Λαλεί ό,τι έρτη στηγ γλώσσαν του",
"Αύγουστε, καλέ μου μήνα νάσουν τρεις βολές το χρόνο",
Ούτε τοδ δαίμονα (δκιάολον) να δω ούτε τοσ σταυρόμ μου να βάλω,
"Που τζύνηα δκυό λαούς, εμ πιάνει μήτε τον ένα",
"Αντάν γιωρκήσουν τα βουνά, εσού τους κάμπους χώρει",
"Το βράτζιν τους αθθρώους, εψ ψηλά δημμένον",
"Ο κόσμος τό σει τούμπανον, τζ' εμείς κρυφόγ καμάρι",
Άρκοντας τζαι κλέφτης,
Κάθε πέτρα στον τόπον της εδ δυνατή,
"Φωνάζει ο κλέφτης, να φοηθή ο νοικοτζύρης",
"Είντα παπά μου, ούλλοι επνιήκαν τζ΄εσού εστράφης;",
Ανάγνιωσ' τογ κολλιόν να βκάλει τ' αμμάτισ σου,
Αγ κάμη ο Μάρτης δκυό νερά τζι' Απρίλλης άλλον έναν τότε να δης την Ορεινήν σιτάριν να γιωρκήση,
Απ' αντραπεί τζ' αγκαστρωθή πικρόν αγκάστριν έσει,
"Αγαπάς τζαι τημ μηλιάν, αγαπάς τζαι τα μήλα",
"Με το' οφτόν να καή, με το σουβλίν να κρούση",
Πελλός ράφτης μιάλη βελονιά,
"Ένα τάσει τα βρεμμένα, ίσια με τα μουσεμένα",
Έλειψαν τον τα κάρβουνα τζ' έμεινεμ μεσ' την μέσην,
Τζοιμάται αμπέλιν,
Σαν να τους είχα καλεσμένους με τα μαντήλλια,
"Γούμενος καθηγούμενος, μεγάλ' αντά τζιακόβκει",
Την κουφήν να την ησκοτώννης τον τζιαιρόν που εν μιτσιά,
"Μήτε γάμος χωρίς κλάμαν, μήτε θαφκειόν χωρίς γέλοιον",
Ο λαός κάμνει λαούδκια και το περτίκιν περτικούδκια,
"(Συνέβαλε ο ένας, συνέβαλε ο άλλος) έκαμαν τον όρη τζαι νουνά μετά μου",
"Που σε παίρνουθ, θκεια Μαρού, τζ' έμειναν τα παιδκιά σου;",
"Αλλού ο παπάς, τζ' αλλού τα ράσα του",
Ο ήλιος του Γεννάρη τζιαι τα λόγια της πουτάνας εν έχουν πίστιν,
Εμείναμεσ στα κρύα του λουτρού,
"Οκνιός ράφτης, μακρυά η κουτσαζιά του",
Ο ήλιος γεννιέται τζ' ο κόσμος θωρεί τον,
Το νερόν τ' Οχτώβρη αδ δεμ μπορής να το ποτίσης σ΄ιύψε τζ'αι πκιε το,
Τζει πουσ σε καλλιούν να μεγ καλλιέσαι,
"Η γλώσσα του εν τρώεται μήτε με το λάϊν, μήτε με το ξύ(δ)ϊν",
Θαρκέσαι όπου καπνίζει μαειρεύκουν,
"Βούννου, βούννου δουλαππάτζιμ μου να κάμω το νημάτζιμ μου να πα να κατουρήσω βρε λοή",
"Εν το 'λπιζεν η ργκά να γαμηθή, τσ' ήθελεν τζαί ποπανοπροίτζιν",
"Αλ λείψη το νερόμ που τηθ θάλασσαν, λείπει τζ' ο Μάρτης που τησ Σαρακοστήν",
"Η αθασιά, η στρινιαρκά, γεννά που τόγ Γεννάριν",
"Αβ βρέξ' ο Μάρτης δκυό νερά, τζ' Απρίλλης ούλλος ένα, τζ' αντάν να δόξη τζαι του Μα να μιλλοψιχαδίση, θέλει τοβ βασιληά να πα' να το θερίση, τζαι τηβ βασίλισσαδ δεμάδκια για να δήση, θέλει το βασιλόπουλλο για να τα κουβαλήση",
"Τζείνος πον να σε γαμήση, ξέρει πον να βάλη την τζεφαλήσ σου",
Μαλλώνει ο λαός με τ' όρος;,
"Απόν αππέξω του χορού, πολλά τραούδκια ξέρει",
Αφήκαμεν τα θέρη μας τζαί ξηκανναουρίζουμεν,
Απού μιτσίν τζιά που πελλόν να μάθης την αλήθκιαν,
"Η πέτρα αδ δερ ριζώση, εμ μαλλιάζει",
"Αν είχ΄ ασσιά τζαί λάϊν, κατσαρολούδκια τζαί τηάνιν, έθεν να σας κάμω τηανιές",
Αγ κάμη ο Μάρτης δκυό νερά τζι' Απρίλης ούλον έναν τζιαί την Ανάστασιν πηλά τα σέντε γεμωσμένα,
Ας πάη να κουρέβκεται,
Εδώ σε θέλω κάβουρα ν' αππηδάς στα κάρβουνα,
Είες το πωρνόν ζωνάριν; Λάμνε στο ζεβκάριν,
"Ούλλοι με τα περσινα, τζ' εμείς με τα προπέρσινα",
"Το σσιυλλίν σου, το καττίν σου κατά που το μάθεις, έσσιεις το",
"Ο πελλός εποτζιοιμήθην, τζιαι πελλόν όρωμαν είδεν",
Έσσιεις πράμμαν τζι' έσσιεις έννοιαν;,
"Τ' άι Φιλίππου πέρασε, σφόγγα τα σειλούδκια σου",
Ο απόστολος Βαρνάβας ανοί(γ)ει τα παντα(γ)ύρκα τζ' ο απόστολος Αντρέας βαδώννει τα,
Τ' αμπέλι θέλει κλάδεμαν να κάμη το σταφύλιν τζ' η κορασιά χάδεμα τζαί φίλημα στα σείλη,
Ο πίννει κρασίβ βερεσεέμ μεθκιά δκυό βολές,
Βάρ' του καθενού την τσαέραμ που του πρέπει,
"Αν είσεν ο λύκος γιατρειάν, εγιάτρευκεν τον λύκον του",
Άγρωπος αγράμματος πεύκος απελέτσητος,
Ο τζαιρός πουλεί τα ξύλα τζ΄η φουρτούνα τ΄αγοράζει,
Βούν σελλάν και γάδαρον καμπούρην,
"Να περπατώ μ' έναμ πόδιν μπροστά, τζαι τάλλομ πίσω",
"Ο Μάρτης εμάλλωσεν με τον Οκτώβρην τζι' ο Μάρτης λαλεί του: “Που να πας; εν να μ' αρκαστής”. Τζι' ο Οκτώβρης επολοήθην του: “Παρατήρα τον Νιόβρην τζιαί τοδ Δετζιέβρην που σ' έχουν ανάγκην, τζι' εγιώ ανάγκην εσ σ' έχω. 'Αλοι του Νιόβρη τζιαί του Δετζιέβρη που σ' έχουν ανάγκην”",
Ο καλύτερος μάστρος εν ο νοικοτζύρης,
"Τζαί του κουμπάρου μου ο σσύλος, κουμπάρος μου τζ' ετζείνος",
"Ο κάουρος έσει οκτώ πόδκια, τζαι πάει ομπρός τζαι πίσω",
"Θεωρίαν επισκόπου, και καρκιάν μυλωνά",
Έξη τζαί τρία ενιά αδκειζέ μου την γωνιάν,
Πέρσι έκλασεν τζαι φέτη εβρώμησεν,
"Αδ' δεφ φασήση κανένας εις τ' ανώβλιον, εθ' θωρεί το κατώβλιον",
"Επήεμ πελλός, τζ' ήρτεν αρκόπελλος",
"Απού λείπει, λείπει και η μοίρα του",
Έννεν Αλής τσιέν Αληχότσιας,
Στείλε τομ πελλόν τζαι άμε τζ' εσού μιτά του,
"Απου πεινα φούρνους θωρεί, τες ταπατζιές γεμάτες",
"Σαρανταπέντε Παύληδες, τζ' ο καθένας τομ Παύλον του κλαίει",
Άδε πεύκους για υλάρκα,
"Για τζείνοσ σκάζουν οι οχτροί, αντάν να κλάννουν οι πεθαμμένοι",
"Κάλιομ μια ώρα πετεινός, παρά σαράντα χρόνια όρνιθα",
Όπου θέλει ο Θεός μπορεί να βρέξη τζαί να μεβ βρέξη,
Ο κλέφτης τον κλέφτη αφφορκείεται,
Εγ κρατεί παττίσες,
Αν εύρης σύκοσ σήκωσ' το γιατί σηκώνουν τάλλοι,
Έφαν τηγ γλώσσαν του,
"Ο Θεός βλέπει τον κλέπτην, μα βλεπει τζ΄ αι τον νοικοτζύρην",
"Ο νους του μαύρου, εμ μέσ΄ στο συκοκόκκονον",
Που ταμμάδκια φως εν είδα τζ' εν να δω που τα φρύδκια;,
Του ππιντή ταβκόν κρόκον εν έσει,
Καλός καλός ο σιοίρος μας τζι' εφκήκεν χαλαζιάρης,
"Ο Θεός θωρεί τηγ κρυάδα, τζαί δκιά το πάπλωμα",
"Τα γραμμένα εν τα κάμνουν, τζαι τ' ανέγραφα γυρεύκουν",
Τζαί τα είκοσί μου νύσια να του άψω πάλι εν το ξέρει,
"Ξένοι πόνοι, ούλλογ γέλοια",
Άκουε πολλά τσαι πίστευκε λλια,
"Ο λόος ο καλός, βκάλλει το θερκόμ που την τρύπαν",
"Το γαίμαν νερόν εγ γίνεται, τζ' άγ γινή, εμ πίννεται",
Επήασιν του κούκου,
"Της γεναίκας οι παράδες, της πόρτας εμ μαντάλια, τζ' άμα περνα ο άντρας της φακκούσ στην τζεφαλήν του",
"Απού τσικνίθα βκαίνει βασιλιτσιά, τζ' από βασιλιτσιάν τσικνίθα",
Όποιος καεί εις τομ πορτόφ φυσά τζαί εις το ρέσιν,
"Λόος σου, τζαι λόομ μου",
Η γεναίκα εγ κάττος εφτάψυχος,
"Άμα φυσοϋν το καλοτζαϊριβ βορκάες, εν νάρτη αστοσιά",
Γίνεται το γαίμαν νερόν;,
Κάθε πουλλί με την φωνήν του σιαίρεται,
Το αγώγι ξυπνά τον αμαξάρην,
Ετσύλλησεν τους το στρατούριν,
Ώσπου στέκει το πλάσμαν στέκει τζαι το κκισμέττιν του,
Ο γιατρός εμ πνευματικός,
Εγύρευκά τον στον ουρανόν τζ' ηύρα τοσ στηγ γήν,
Ήρτεν ο μασσός να βκάλη λόον,
Φάκκα την τζεφαλήσ σου στημ μεγαλήτερημ πέτραν να πήξ' ο νους σου,
"Αβ βρέξ' Οχτώβρης πούλε σιτάρι 'γόραζε βούδκια, αβ βγη Οχτώβρης όφτζαιρος, πούλε τα βούδκια 'γόραζε σιτάρι",
Σαν το λάϊσ στήμ πούζαν,
"Θεέ μου, κάψε τζ΄ άφησε",
Παίζει τηγ κάτταμ μόρταν,
"Είπαν του λαφκιού, γιατ' είσαι πασύ; Γιατί κάμνω τήδ δουλειάμ μου με το σέριμ μου",
Ο θυμός του χωρκάτη ζημιά του πουντζιού του,
Αν γιωργίση το Καρπάσιν εν να βγάλη κολοκάσι,
Πολυτεγνίτης και γερημοσπίτης,
Όπου τζι αν πα η κλανναρκά τον κωλόν της κρατί του,
"Απού θέλει τα πολλά, χάννει τζαι τα λία",
Το γτίν τζαί το γτουσέριν,
Όπου τζ' άμ πα η κλαννιαρκά τογ κώλον της παίρνει τον,
"Ο ήλιος γεννιέται για ούλλον τον κόσμον, τζαί για ούλλον τον κόσμον λάμπει",
"Τα βούδκια άμα τζημωθούν, εγ' κάμνουν χαϊριν",
Γράψε τα στο χάσ' δευτέριν,
"Μαρία που τα τσέκκουλα, τζαί τα πλαδκιά μανίτζια. Ας εσ΄ αλεύριν το κουμνίν, τζαί τούτα ας σ΄ελείπαν",
"Η πρώτη εγ γεναίκα μου, η δεύτερη εν τζυρά μου",
"Ο Θεός παληοτζαιρά, μά δικαιοπκερώνει",
"Η μάννα εμ μάννα τ' ουρανού τζ' ο τζύρης εσ σκλινίτζιν, τζ' άμα του δόξη του τζύρου, μπαίννει μέσ' στο κατζίν",
Εχάσαμεν ταβκά τζαί το καλάθιν,
"Πωρνόσ στο χωράφιν, τζ' ανώρας εις το σπίτιν",
Αν εμ μήλον εν ναθθίση,
Αγ γεωρκήσ' η Πάφου πιάσ' τα ρούχα σου τζαι χάθου,
Ο φρένιμος σηκώννει τημ πέτραμ που χαμαί πριν να κουτσουφλήση πάνω της,
"Ό,τι έσπειρες εν να θερίσης",
Απόδ δουλέψει μισταρκός εγ γίνεται αφέντης,
"Ό,τι γυαλίζει εν εθ διαμάντι",
Ψάλλει μας τολ λάζαρον,
Ανάποδος γρόνος δεκατρείς μήνες,
Το σιοινίν του χωρκάτη μονόν εν εφτάννεν τζιαί διπλόν εφτάννει,
"Τα λόγια τα άσσημα, τζαι τα ριάλλια τα κάρπικα του αφέντη τους μεινίσκουν",
Το γαίμαν νερόν εν τζαι γίνεται,
Ο πουκάτω της επήρεν τομ που πάνω της,
Με τα μυαλά σου κάμνεις μπαϊράμιν,
Μήτ' η αρκονκιά κληρονομιά μήτε τ' οφίκκιον πάντα,
"Πού τ' αγάπουν τογ καλόμ μου,τζ' απού τον είχα έννοιαν, πέντε χρόνους τον εφίλουν, τζ' εν τον είδ' αν είσεγ γένεια",
"Όσοι καπνίζουγ, ούλλοι εμ μαειρεύκουν",
Εγινήκασιν τζ' οι κότσιροι σινιόροι,
"Αθ θέλ' ο γείτος σου, παντρεύκεις το παιδί σου",
Ο γάδαρός μου εν' οκνιάρης τζαί βαρογομαριάρης,
Έκατσεν τομ μύλον,
Φάκκα τ' αυκόσ στον τοίχον,
Όπκοιος εν ακούει καλά ταιρκάζει τα,
Όπκιος δεν ακούει του γονιού του παραγωνιάς τζ' οιμάται,
Μεν ταράσσεις τα σκατά που τον τόπον τους,
Ο σσιύλλος ξέρει καλωσύνην;,
"Εν είμαι λίξις, μμα είμαι παραπονιάρης",
Αρκινήσαμεν πάλιμ πού το άρφα,
Εφάαν οι ποντιτζοί τα ρούχα μας,
"Που θέλει να κάψη θεμωνιές, τ' αλώνια εν τα φτάνει",
Λείπει ο Μάρτης που τησ Σαρακοστήν;,
Άλλος χασκά τζ' άλλος μπουκκώνει,
"Για παπάς παπάς, για ζευκάς ζευκάς",
Ποιός σ' αρωτά πόθεν κρατεί η σκούφκια σου,
"Ανάθεμα την αρφανιάν, όσα καλά τζ' αν έση",
"Κατά που σου κάμνουν κάμνε, τζ' άγκριμ μεβ βαστάς",
Τομ Μαν τζαι τα λιβάδκια θέρος,
"Ταυρά ο σσύλλος αναπάν, ταυράει τζαι λιμάγκραν",
"Να σου ζουλέψω ναν η γεναίκα σου καλύτερη που τηδ δικήμ μου, όξα για το ρεσπερλίκκιχ χρονιά σου τζαι χρονιά μου",
"Από Μάρτηγ καλοτζαϊριν, τζ' απ' Άουστοσ σειμώνα",
Απόν αππέξω του χορού πολλά τραούδκια ξέρη,
Έθελές τα τζ' έπαθές τα τζαι τώρα 'ν τάσεις τζαι κλαίς τα;,
Άρκα βουνά και μαύρα όρη,
"Άθθρωπος άδ δεν εδούλευκε, γεναίκ' αμ μέν εγέννα τζαι βους αδ δεν αλώνευκε ποττέ του εν εγέρνα",
Πας στηγ κόντραν βλαστά μιμμίτιν;,
"Όσοι καπνίζουν μαειρεύκουν, τζ' όσοι κατουρούν μουνιά έχουν",
Εν είμαι ο παπάς που το σατσίν,
Το περβόλιν το καλόν θέλει κόπριν τζαι νερόν,
"Άρκος πεύκος, κουννίν ανάποδον. Γλύτζενος πεύκος κουννίγ γερόν",
Θέλει νουν τσ' ανανούν,
Τα πίσκαλα εν δανεικά στον γάμον,
"Ο λύκος τζι' αν εγέρασεν τζι άλλαξεν το μαλλίν του, την γνώμη του δεν άλλαξεν μητέ την τζιεφαλήν του",
Όποιος τα ξένα 'πεθυμά τα δικά του χάννει,
Ο γάιδαρος μένει γάιδαρος μακάρι να φορέση σέλλαν,
"Αντάλ λάμνει ο μοούναρος τζαί ο ατόμουττος, θέλουν τα σπίδκια μας βοτάνι",
"Ούλλα σάζουνται, μόνον του σπανού τα γένεια εβ βλαστουν",
"Δεντρόμ που κλινίσκει, εφ φοάται να κοπή",
"Αβ βρέξ' ο Μάρτης δκυό νερά, τζ' Απρίλλης ούλος ένα, τζ' αδ δόξη τζαι του Μα τζαι μιλλοψυχαδίση, τότε να δης τομ Πλάστημ μου ψουμίμ πον να γεωρκήση",
Όπκοιος σπέρνει τον Οκτώβρη έχ΄ει οκτώ σειρές στ΄ αλώνι,
Άκουε πολλά τζαί λάλε λλία,
"Εκαλέσαν την καμήλαν στογ γάμον, για ξύλα για νερόν",
Βάλλω αντήλιον,
"Έτσι που γινήκαμεν, αντρούλλη μου, κάλλιον να πεθάνω. Μη κακόσ σου γεναικούλλα μου, κάλλιον να σηρέψω εγιώ παρά να πεθάνης εσού",
Ο νους εν αγέρας τζαι πετά για φεύκει,
Η όρνιθα η σεζαρκά όπου πα τογ κώλον της κρατεί τον,
Ο πελλός αμ μεν έσιει νουν έσιει πόδκια,
Όπκοιος (δ)εν εγιώρκησεν σιτάριν τογ κόσμον (δ)εν εχάρη,
"Είντα σε κόφτει που του Χατζαλή τ' αρνιά, ανν εμ πέντε για εννιά",
"Κάθε σαράντα λόγια, ν' ακούης τζαι μιαφ φοράν της γεναίκας",
"Τοθ θυμόσ σου τόσ σημερινόν, φύλαξέ τον για την αυριανήν ημέραν",
"Εμάκρυνεν το γαδούριν, τζ' εκόντηνεν το στρατούριν",
"Ο Μάρτης το πωρνόν νερά, το δείλις χώματα",
Εζέξαν τον εις τηγ κάρνταν,
"Τα έξοδα του γάμου μας, η νύφη εν τ' αξίζει",
Ξώρτσ' ιασ' τον όχτον του χωραφιού σου να παχ' ύνη το νουρίν του γουρουνιού σου,
Ράβκε τζαί ξηπόραβκε δουλειά να μέσ σου λείβκει,
Η ορκή του Θεού που τα τζεραμύδκια κατεβαίνει,
Πελλόδ δέντρον πελλόμ μάστρον ή νοικοτζύρην (θέλει),
Μήτ αρκονκιά εν κληρονομιά μήτε το φίτσιο πάντα,
Τα πολλά λόγια εφ φτώσεια,
"Έτσι που επάθαμεν, αντρούλλη μου, για εσού εν να πεθάνης, για εγιώ εν να σηρέψω",
Ο παθός εν ο γιατρός,
"Αν τρώς πολλά, διόλιζε, τζ' αν τρώης λλία, νιάζε",
Αβ βρέξη ο Μάρτης δκυό νερά τζι' Απρίλλης ούλον έναν τότε να δης τοσ σίταρον μέσα να λειβαΐση να μπη μέσα ο θεριστής τζιαι μέσα να θερίση,
"Του παιδκιού μου το παιδίν, εν εκατόφ φορές παιδί μου",
"Τζείνος πόγ κρατεί τηγ γλώσσαν του, μηδέ τογ κώλον του",
Ο Μάρτης έν λείπει πού τήν σαρακοστήν,
"Όπκοιος σέζει μέ τήβ βίαν, πάει δκυό βολές στήχ χρείαν",
Βάωσε τζαι ρωμάνισε τζ' όποθθεθ θέλεις έμπα,
Αδε μουτσούναν του σσύλλου,
Οκνιάρης γάδαρος εις το ανήφορο κλάνει,
Σταλαμαδκιάν – σταλαμαδκιάν γεμώνν' η στάμνα η πλαθκειά,
Που σε παίρν' ο γάδαρος τζαι που σε φέρν' ο νους σου!,
"Αν το ρουφήσης, πίννεις τζαί το ξίδιν",
"Αμα βκη ο μελισιάτος, πείναν έν έχ'ιει",
Έθ θα σε κάμω καβάτζιν,
Κρατεί τον παπάν που τα γένεια,
Απού πειράζει τογ γάδαρον πίνει τες πορκιές του,
"Αδ δεβ βρασει ο κώλος του ψαρά, ψάριν εμ πιάννει",
"Αγκρίστηκεν η καλή μου τζ' αι πα να τημ μερώσω, έναγ καθίζιγ κότσιρους να της παρασ' ονώσω.",
Το μπαστούνιν έσει δκύο νάκρες,
Μικτσύν γαούριν πουλαροδείχνει,
"Τόρα που εγεράσαμεν, εβάλαμ μας φώκος στογ κώλον",
"Έσσιεις ππαράν, έσσιεις χαράν εν έσσιεις ππαράν, έξω μασκαρά",
Φτωχός άγιος δόξαν εν έχει,
Με το μήνυμα χατζής εγ γίνεται κανένας,
"Αντάγ γεράσ' η αλουπού, πειράζουν την τζ' οι όρνιθες",
Πράμμαμ που δεβ βλέπεται χάννεται,
Όποιος νικά την όρεξή του είναι μεγάλος καπετάνιος,
"Ο άντρας κάμνει τηγ γεναίκαν εικόνα,τζ' ο άντρας τηγ κάμνει χώμα",
"Άρκα πωρνή, καλή μέρα",
Θέλεις να φτωσύν ο γείτος σου; Δος του μιστάριν,
Ο νους ο άφρος κάμνει την τύσην γέρημην,
Άντρας παντρεμένος γάαρος παλλουκωμένος,
Κάμνεις μας τομ πετεινόν,
"Η αρκογκιά, πάει τζ' έρχεται. Η τιμή έσ σαλεύκει",
"Η καμήλα ανάγυιωσε το καμηλίν της, τζ' εφορτώννετουν τζαι το γομάριν του",
"Αν αγκριστή ο γείτος σου, η ταπατζιά σου να μεν αγκριστή",
Ο πελλός εν και θέλει κουδούνιν,
Επήραν τον οι πέντε ανέμοι,
Καρκιάν καθαρήν τζ' όπου θέλεις πάτα,
Εν η δουλειές του Παπάμπαλου,
"Ο ξένος γάδαρος τρώει λλία, τζαι σηκκώνει πολλά",
Ο λαός και το περτίκιν και ο κακός ο νοικοκύρις τογ Γεννάρην χαίρουνται,
"Άμα φυσούν το καλοτζαίριλ λιβασιές, έρκετ' ο χρόνος καλός",
Ο θεός να δώση του πελλού νουν τζαί του φρόνιμου ριάλια,
"Ποταμός κατεβασμένος, βίλλος καυλωμένος, ξέρει αν έση Χατζημπακάν η χώρα;",
Τσάππισ' τους όχτους των χωραφκιώσ σου να γεμώσουν τζ' γυροί των ψαχαρκώσ' σου,
Έκατσεσ σάν τογ Γούμενον,
Με τα λόγια τα δικά μας νεπάφκεται η καρκιά μας,
Άμ μεν ι-βρέσει στάσσει,
Το σατσίν του αλευτιού έμ πάντα σκονισμένον,
Έτσι τζι' έτσι το πουλλίν επέτασεν,
Με το μήνυμα Χατζιής εγ γίνεται κανένας,
Ούλλα τα δάχτυλά μας εν έν ίσια (:ένα),
"Βάστα με, να σε βαστώ",
Αντάν να νιάζης με βαθκιά διόλισε μ' αναρκα τσαι σπείρε μς ανέβαθα τσαι γέμωσε τ' αμπάρκου,
Όπκοιος ανακατώννεται με τα πίτερα τρων τον οι όρνιθες,
"Δουλεύκει σαν τομ μαύρον, τζαί τρώει σαν τον αφέντην",
Που τ' αγάπουν τογ καλόμ μου τζαι που τον είχα έννοιαν πέντε γρόνους τον εφίλουν τζ' 'εν τον εί' αν είσεγ γένεια!,
Τον άρκονταν τζαί το λεμόνιν σφίξε τους καλά τζαί βκάλλουν,
"Τζαι με τογ κούδελλον να κάτσω, εν να θέλη μαλλίμ που λόου μου",
Λείψε που το καλόμ μεσ σ' εύρη κρίμαν,
"Ότι έρτη του παπά, ας έρτη τζαι του χότζα",
Αβ βρέξη ο Μάρτης δκυό νερά τζι' Απρίλλης ούλον έναν τότε να δης την Ορεινήν σιτάριν να γιωρκήση,
"Όσην ώραμ μου παράντζελλες, εκατόμ μιαμ μούγιαν εμέτρησα πάσ' στηψ ψωλήν του γαδάρου",
Στα γεράματά μας τζέρρατοι,
"Όπκοιος κοπρίζει, κερτίζει, όπκοιος κλαδεύβκει, δυναμώνει",
Κάθε αρνίμ που το τσουνάριν του εν να κρεμαστή,
Ανάγιωσ' τον κολιόν να βκάλη τα μμάδηια σου,
"Οι τοίσοι έχουν φκιά, τσαι τ' λαόνι αμμάδκια",
Της χωραφερής πάει της παραπάνω η ξεροβολιά,
"Αππέξω σου γυρεύτου, τζ' αππέσω σου δουλεύτου",
"Βαρετον ναν' το πιπόνιν, τζ' αλαβρ' η παττίχα",
Αλί τ' αντζόν που να ραή,
"Θέλεις να κάμης τόγ γείτόσ σου νοικοτζύρην; Μέν του δώσης ό,τι σου ζητήση",
"Ο μάντις, ρήας και α γενή, πάλε μαγκές μυρίζει",
Οι γυναίκες τζαί τόμ παπάν ξηπαπαδεύκον τον,
"Όποιος βρίσκει τζαι πορέβκεται, ποττέ του εμ παντρέβκεται",
Κόντραν είχα τζ' έβκαλά την τζαι του γείτου μ' έβαλά την,
"Αν έμ μήλον, εν ν' αθθήση",
"Να κατουρήσης του νερού, να σέσης, μεσ' στησ στράταν να κλάσης μεσ' στην εκκλησιάν τα κρίματα ταυράς τα",
Βουνό με βουνό εν ησμνήει,
"Ειντάν ο κάουρος, τζ' ειντάν η μαειρκά του",
Επέλλανεν τζ' εν να φα τες φτείρες του,
"Ντζίζεις μου με το βελόνιν, ντζίζω σου με το σακκοράφιν",
"Ότι κάμνουν οι ρήαινες, κάμνουν τζ' οι μαείρενες",
"Αθ θεν να πλήξης για (ή) να χαρής, έλα τομ Μαν τζαι θε με",
Αφήναουν τζαι κανέναν να αγιάση;,
"Τ' αρρώστου η βούκκα φαίνεται, του νηστικού χωρίζει",
Το ανήφορον έσει τζαι κατήφορον,
Απού λοαρκάζει τα έξοδα του ζεβκαρκού μεινίσκει άσπορος,
Εκαμέμω μου όσα κακά έσει το λινάριν,
"Απόσει τες όρπίδες του εις τον Θεόν τον ένα, τρώει τζαί πίννει ήσυχα, τζαί πέφτεθ νεπαμένα",
Είνταμ πού σου λείπει κκέλη; Μαρκαριταρένια σκούφκια,
Η αρρώσκεια μπαίνει με το σατσίν τζαι βκαίνει με την τρίχαν,
Κου(β)αλεί νερόμ με το καλάθιν,
"Η πουτάνα θέλει να κρυφή, μμά η χαρά εν την αφήνει",
Τον Μάρτην ξύλα φύλα μεν κάψης τα παλλούτζια,
"Στον γέρημον τον τόπον για ξύλα, για νερόν",
"Απόν αντρέπεται να μαλλώση, μήτε να μερώση",
Η ρκά το ξυλοσάμονον αγγούριν εμ που ζήτα,
Ο άθρωπος εν ο τόπος τζι ο τόπος γέρημος,
Που γνάφει το μνήμα του γειτόνου του ππέφτει μέσα,
Εν έγ για τα δόγκια σου τα ποζαμάδκια,
Ντζίζεις μου τζει που πονώ,
Κόπριμ πολλύν τζ αι νερόν κάμνουν τομ μάστρον τους πελλόν,
Εν το κορτίν της πεθεράς,
Πάμεν εις τημ Πόλι να χέσουν ούλοι' οι κώλοι,
"Ο παράς του Πουτανιού, εμ πιάννει τόπον",
Κρεμμύδκια στην κόκα σου,
"Εν κλιώ του καλιομάθητον κόπου να καλομάθη, κλαίω τον καλομάθητον ωσπού να κακομάθη",
"Αντάγ γιορκάς μεσ σαίρεσαι, αντ' αστοχάς μεμ πλείσσης",
"Εδώ εμ με ξέρουν, ειδεμή αλλού καθόλου",
Μεμ μ αρωτάς έκουμαι. Αρώτα με που πάω,
"Η σιωπή τους φρονίμους, εν η απόκριση τους πελλούς",
"Κατά τοδ δάσκαλομ που έκατσες, έτσι γράμματα εν να μάθης",
Του καλού τζαιρού τα νέφη όποθεγ γυρίσουν βρέσει,
Ο γάιδαρος ο κόντρης πριν να δή το σαμάρι κάθεται,
"Με τον ήλιο τα βκάλλω, τζαί με τον ήλιον τα βάλλω",
Ακριβός στα πίτερα τζαί φτηνός στ' αλέυριν,
"Έκαμεμ που το πωρνόζ ζωνάριν; Ζέξε, βούρα στο ζευκάριν",
"Κύρι' ελιές κουτσιά γλωρά, σπανάσιμ με το ρύζιν",
"Να ξανακάτσω νύμφη, τζαί ξέρω να καμαρώσω",
Αγκρίστηκεν η καλή μου τζαι πα να τημ μερώσω έαγ καθίζιγ κότσιρους να της παρασονώσω,
Πιάσ' τον τίτσιρον τζ' έβκαρ' τα ρούχα του (βρατζίν του),
Στογ καταρεμένον τόπον οι μαϊμούδες προεστοί,
"Η σσύλλα πναζει, τζ' η πουτάνα εμ πναζει",
"Νηστεύκ' ο δούλος του Θεού, γιατί εν έσει να φάη",
"Τσέκκερε σσυλλοκούμπαρε, που τ' άσσισ σου. Ελάλουσσου να πάμεν του λατούρου, τζ ελάλες να πάμεν του Μαζωτού",
Εν η κατζή πεθθερά που λαλούσιν,
"Αβ βρέξ' ο Μάρτης δκυό νερά, τζ' Απρίλλης ούλλος ένα, τζ' αδ δόξη τζαι του Μα να μιλλοψιχαδίση, αξίζει το χρυσάμαξον, τζαι το αμαξοβέρκιν",
Επάτησεν του τηφ φτέρναν,
"Όντας λάμνει το καλάμιν, θέλουν τα σπίδκια μας βοτάνιν",
Ως που κάθεται ο βοσκός τα ίδκια ξημακρίζουν τοαί πκιάνουν τον πελλοβοσκόν την ράσιντου βακλίζουν,
Ερίξαμεν άγκυραν,
Καθανού η μίξα του εγ γλυκειά!,
Θωρείς δκυό τζ' αγαπιούνται; Έξερε τζ' εμ που τον ένα,
"Αθ θέλης να κάμης νύφφην, πάαιννε έσσω την Σάββατον",
Μάρτης γτάρτης τζιαί παλλουκοκάφτης,
Ούλοι να βλαστημούν τζ' εσού να λαλής Κύρι' ελέησον,
Μεν αγοράσεις το σσοινίν πριν ν΄αγοράσης το βού(δ)ιν,
Ο κώλος ο ξεβράκωτος είδε το βρακί και εχέστη,
Η 'ρκά 'τσι κατασ'είμονα τ' αγγούριν εθθυμήθην,
Βουνόμ με βουνόν εν ι – σμήγει,
Κατύση του χωραφκιού πόθ θωρεί τον αφέντη του,
Εμ Πάσκα; Πιάσ' το κουτάλιν τζαι χάσκα,
"Όποιος γαμεί κοτζάκαρην, τζαι σπέρνει μέσ' στησ στράταν, τοσ σπόρον του χάνει",
Η καμήλα που το φτίν εν κουτσαννίσκει,
"Θέλεις να με χαρής, θέρισ΄, με συγχλώριν",
"Ομπρός δακκάννει, τζαί πίσω κλωτσά",
Άδε νους για πίσκοπον!,
Στο φτίσ σου σκολαρίκι,
Του γυιαλλιού κατά που να του δείξης δείχνει σου,
Εξικαρντίστηκα που το γέλλοιον,
"Απού μνήεται με τα πίτερα, κουκκουφούντον οι όρνιθες",
Οι τοίσοι έχουν φκιά,
"Αχ χλιάνει την αρκούδαν ο ήλιος, ο μισός χειμώνας εμ πίσω",
Να σε κάψω τζαί να σου βάλω μίξαν,
Ο ρεσ'πέρης πον εβκάλλει δί ολα χαίριν (δ)εν κάμνει,
"Δεντρόμ που κλινίσκει, ποττέ του εν τσακκίζει",
"Ο πελλός έχτισεν, τζ' ο φρένιμος ενοίκιασεν",
Εν ο καδής ο αβάνης,
"Το χωρειόν εγ γεμάτογ κλιθθάριν, τζι ο γάδαρος μου πεθυμά το",
"Να κορακά η πούζα του, να κλαίει το κοπελλούδιν;",
Είδα ργκάν τζ' αππή(δ)α φούρνον,
Έκαμα τοσ σημειδκιάν,
Παρά να κλαίης τον τζ'αιρόν κάλλιον να κλαίης τόσ σπόρον,
Εσήμανεν τογ καλά,
"Αδ δεν αθθυμούμουν τα δικά μου, έθεν να σκοτώσω τα παιδκιά μου",
Τα πολλά λόγια στα γράμματα 'φελούν,
Ο πελλός θαρκέται πως εν ούλλοι πελλοί,
"Το πουττίμ μ' εγιώ τ' ορίζω, τζ' όποιου θέλω το δανείζω",
"Πολυφάς τζαι πολλοδούλης, με ζημιάν τζαι με διάφορον",
"Πκιάσ' τογ κκέλην, τζ' έβκαρ' τα μαλλιά του",
"Το κοφτερόν ξίδιν, τρώει τ' αντζειόν του",
"Ξωρινός τ' άι Χαρίτου, τζαί πο τζείθε πομ περίτου",
Τον αγαπάς ξητίμαζε τζαι τον μισάς σιαιρέτα,
"Έσει το γέλοιον τάξιν, τζαί το χάχχανον παιγνίδιν",
"Όποιος έσ στησ στερκάν, τηθ θάλασσαγ γυρέβκει, ο δκιάολος του κώλου του κουτσιά του μαειρέβκει",
"Όποιος εμ μπορει να δέρη τον γάδαρον, δέρνει το σαμάριν",
Αφεντικός ορισμός τζαί τα σσυλιά δημμένα,
"Ξένα σέρκα σε 'νεπαύκουν, μα τηγ καρκιάσ σου καύκουν. Ξένα χέρια σ' αναπαύουν με την καρδιά σου καίνε",
"Ξίδκια μας τζαί λάδκια μας, επήαν τα λιβάδκια μας",
"Αν έσης παιδκιά, αναρκόσπερνε. Αν έσης χτηνά πυκνόσπερνε",
"Στογ κόσμον άλλοι εν έχουν τζαί κάμνουν, τζ' άλλοι έχουσι τζαί χάνουν",
"Απόδει πλήξες τζαι καμούς, η λύπη έν τόλ λείπει",
Δόσ' του μασαιρκού γροθκιά,
Ποτάβριζε τα πόδκια σου ως τζιαμέ που φτάννει το πάπλωμαν,
Πάνω στηγ κόντραν εβλάστησεμ μιμμίτιν,
"Ο ντελλάλης ό,τι έσει στον νώμον του ντελλαλίζει",
Πωρνόν εις τήδ δουλλειάν τζ' ανώρας είς το σπίτιν,
"Σαράντα λεμονιές στον άμμο φυτεμένες τζ αί το νερό στήρ ρίζαν τους, μα μ' πάντα μαραμμένες",
Συντυχχάνει με βούκκους μεγάλους,
Εγέννησέμ με η γαδάρα του Ζιά,
"Πα τσι θα βγάλ' ι τόπους νιρό, τσι δε καθίγ'ς;",
Άγιος Ηλίας στα βουνά κι΄άη Νικόλας στα πελάγη,
"Νιός καρπός, καινούργια μάτια",
"Δευτέρα δε δουλεύου, την Τρίτη τη μεθώ, Τετάρτη την κοιμούμαι, την Πέφτη ξεμεθώ. Παρασκιυή – Σαββάτο γυρίζω δω κι κει, και κάνω κι τον Κόντε την κάθε Κυριακή",
Σα γκ αρκούδα χόρηυγι,
Σα γάιδαρους μι κ' σέλα,
Τσ' αγιάς Μαρίνας σύκον τσι τ' λτρουπιού σταφύλ,
Που γεννηθή στην κουπριά την κουπριά θυμάται,
"Γενάρη μήνα κλάδιβι, φιγγάρι μη γυερύης",
"Κάλλια κακό χρόνο, παρά κακό γείτονα",
Μη περί τους ιερείς!,
Πιάσ' τουν αξ'πόλτον τσι πάρ' τα παπούτσια,
Ηύρα του ίσου μ',
"Ρο – ρο, για τσ΄παράδες, για τ' αυγό!",
Καλόπιασσι του στσύλου τσι βάστα τσι του ραβδί σ',
"Που πονείς; Η κακίνα μ',η τσ'λιά μ, η κ'τάλα μ' κι' ούλα τ' άλλα μ'",
Τρώγε και μη πίνης νερό νερουλιάζ' το φαγητό,
Κάλλια να βγη του μάτ' σ' πάρα τόνομά σ',
Απί σαράντα βρύσις φέρν' νιρό,
Η πείνα κάστρα κατιλεί τσι χώρες παραδίνει,
Χάνου μεσ' στου νιρό,
Όπ' λαλούν πολλοί πιτνοί α να ξμερώσ,
"Πούνι τα παλιά γαδούργια, πούχαν τις πλακιές ουρές",
"Πάρε με στο γάμο σου, να σι πώ και τ' χρόν'",
Γ' ρούν πέ σόϊ και στσύλο απέ μάντρα,
Αυτά να τα πης στο χλήδονα,
"Δεν ηγέννσα ένα κβάρ κλουστή να μπαλουθώ, μα γέννσα όχινις τσι φάγαν τα τσλιά μ'",
Άνιμους στη βράκα κι αγέρας στα πανιά σ',
Λίγα τσι παστρικά,
Γίντσι τ' Κουτρούλ' η γάμους,
Τουν έκανα απ 'άσπρου,
Μι τα δυό μ' τα χέρια έμπλιξα,
Αύγουστος κι' Αυγουσταρέλ' τρεις ιλιές μεσ' στο ξ'τιλέλ',
Το να τ' του χέρ' ήτνταν μέσ' του μέλ' τσι τ' άλλου μέσ' 'ςτου γάλα,
Βρεμένον εί'; άμετε με,
"Πάρι ώρμα, πάρι κι΄άγγουρα",
"Σαν αποθάνω από βραδής ποτές ας μη χαράξη, κι όταν θα με ταφιάσουνε ο κόσμος ας χαλάση",
"Έρμα τα λάχανα, έρμα τα μαρούλια",
Αμπέλ' έχ' ενί τον ευήθον,
Αυτά να τα πης στου χλήδουνα,
Ήπιι τ' αχλιουτούμ',
Α κάν' η παλάμη μ' μαλλιά,
Του γαρόφαλλου στ' αυτί τσ' η κασσίδα στην κουρφή,
Ούλα τάχ' ο κασσιδιάρς μόνου μαργαριταρένια σκούφια τ' μαραίν' ει,
Πλάκωσαν πα 'ς τ' αυτιά μ',
Είνι πικροαίματος,
Ακριβός τσιλάρς πάντα τσιλάρς,
"Έρμα ταύρις, αραχνιασμένα αφ ς τα",
Δέκα να μιτράς κι ένα να κόφτ'ς,
Μι' τα ρούχα τ' πιάντι,
Οι γναίτσις χαλούν τσι οι γναίτσις κάνιν τς ανθρώπ΄,
"Σαν με δής έπαρέ με, σα με θέλης έχε με",
Πλάκουσι μια μπατόλια πά 'ς τ' αυτιά μ',
"Σαν έχ'ς καλά πιδιά τι τουν θέλ'ς του βιο; Τσι σα δεν έχ΄ς καλά πιδιά, πάλι τι τουν θέλ'ς του βιο",
Αυτή ν' η γιαγιά σ',
Τώρα σε θέλω κάβουρα να περπατής στα κάρβουνα,
Έχ' τς νυχτερίδας του κοκκαλάκ',
Ι κόσμους τόχει τούμπανο κι μείς κρυφό καμάρι,
Δίν' του χέρ τ',
Του πιδί θέλ' παίδα,
Σάλια – μπάλια,
"Όπγοιους την εύρ' ας τη χαρή, μο' τη αριχιά να φέρη",
"Μπόλια μ' ήθελες, Φωτ'νέ, άϊντε γκίτ, μενεμενέ",
Με τσι πουρδές ε βάφτιν αυγά,
Πέρσι ψόφ'σε λαγός και φέτος βρώμ'σε,
Κόρδα τσι γαμπρό να μη διαλέγς,
Γάιδαρους φουρεί σαμάρ' δεν του νοιώνει να του βγάλ',
Η γλυτσά η γλώσσα βγάζ' του φίδ' απού μέσ' απ' τρύπα,
"Γάμος άκλαυσος, λείψανο αγέλαστο και κ.... άκλαστος δεν γίνεται .....",
Ρώτα μένα τουν αζάτι να σου πω για την αγάπη,
Ούλα τάχ' η Μαριγή μό' η φιριτζιές τής λείπ',
Εθύμωσεν ο βαθρακός και η λίμνη δεν το ξέρει,
"Τα θκά σ' είναι σύκα τσι δε βροντούν, τα θκά μ' είνι καρύδια τσι βροντούν",
"Ήκσα θειά μ, πως ηγαμιόσ' κι' ηρθ' κι γω η γιανιψός σ",
Ήταν η Σάρα κι' η Φάρα,
"Έρμα βνα, γεμάτα λύτσ΄",
"Τυφλίς να χ'ς, τσ' αλεύρι να πλής",
Μ' έχ' στ' μαχιριού τ' μύτ',
Γη πίττα π' θά μί 'φράν' απ' του φούρνο φαίνετι,
Σε πότ' σε ζουμί,
Σκόρδο την άνοιξη γερό στομάχι,
"Τ' Αγιού Ν'κόλα γι σπαρμένα, γι φ'τρουμένα",
"Η γάτα, τα νύχια ποχ' δε τ' αλλάζ'",
"Τσί γένας καλό χουράφ', μά τσί γιάλλους καλό δριπάν'",
Τα 'κανις σα ταυτιά σ',
"Το Μάη εγεννήθηκα, τα μάγια δε φοβούμαι εξό' κι' α με μαγέψουνε, στο στρώμα που κοιμούμαι",
Ι καλός καλό δε βλέπ',
"Δεν είμι 'γω ζουλιάρικο, μο' είμι παραπονιάρικο",
"Τον έχουν' απουρράβδ', απουμπάτσου κι απουκλώτσου",
Ούλα σύστρηφα τσί νύφ' αγγαστρωμέν',
Τσ' αλιπούς τα τριχάματα,
"Αγάπα με να σ' αγαπώ, θέλε με να σε θέλω, γιατί  θα νάρτ' ένας καιρός να θέλης και να μη θέλω",
Κάνω 'γω κι ας είναι σκόλ' για να ντύσου του Μανώλ',
"Γέρο σα δεν έχ'ς, γέρο ν' αγοράης, κι' όπου θέλεις για να πας πάντα γέρο να ρωτάς",
"Τα λόγια 'νι λόγια, αμ τα μακαρόνια 'χουν του φαγί",
"Σκάς αυγό, για χύνισι;",
"Όποιους ανικατώνιτε με τα πίτερα, τουν τρων γι' όρνιθις",
"Να' μι τσέντας τσειν τη ώρα μιτου μαχαίρ', δε θ'άσταζι είμα",
Κάθι πόρτα του καρφί τς,
Μουνιά μουνιά είχαν ριζικό μουνιά μουνιά είχαν μοίρα και το δικό μου το μουνί το έφαγε η ψείρα,
Κουκ'βάγις πι τα κ'δούνια πα στ' ανεμογούνια,
"Όποιος δεν έχ' γέρου, γέρουν αγοράζ'",
"Τρέξιτι, γειτόν' κι δε γλυτών'",
Σα βαστούν' τα κότσγια σ',
Ήρτι σα Μπαχύλς! Πως τούφιρ ι Μπαχύλς!,
Όπ' ακούς πολλά κεράσα έπαιρνε μικρό καλάθ',
Του πολύ Κύριε 'λέησον κι' η παπάς βαρυέται το,
Πότ' η νύφη αγλήγορη; Το Σαββάτο το βραδύ,
Τα λόγια τ' κουμμένα,
"Σα σου δίνη χέρι Λάμπρο, ξαναπέρασ' απ' την Άνδρο",
(Αυτός) Περνά του νερό αεπ κατ' απ' τάχυρου,
Μήδ αυτί δεν απόμ΄νι,
Η Θιός είναι μεγάλους τσί δεν αφήν' κανέναν να χαθή,
Τώρα ψήλωσ' ο Θιός,
Πουνάτσα έχ',
Του πήγι δύο χέρια (ή τρία ...),
Πού να τ βάλ' τσι πού να τ θεσ',
Είδα μια (κουπέλλα π.χ.) τσ' είδα τα νύχια μ',
Λάκου έχ' η φάβα,
"Του καλό του πανί, φαίνιτι απ' κ' ούγια",
Αυτ'νού κόφτ' η μαχαίρα τ',
"Σαν έρτ΄τουν αγιώ Φίλιππ΄τ΄άγια τουν αγιώ δε λείπ΄.Σαν έρτ΄τ΄άγια τουν αγιώ, τα Νικολοβάρβαρα ν΄ιδώ με τα χιόνια χιουνισμένα τσι μι τα νερά βριμένα",
Εύτους σ ι λόγους σκών' νιρό,
Είνι τ' γλυκού νιρού,
Του πολύ του Κύριε λέησον τσι παπάς του βαρειέτι,
Κάψ' οκνό να δης πηδήματα,
"Κακά, ψυχρά τσ' ανάπουδα",
"Του μουνί τσι του χταπόδ' όσου του χτυπας, απλων'",
"Γέρο σα δεν έχ'ς, γέρο ν' αγοράης",
Ένας νους τσι τσος ρουμάικος,
"Ένα έχ' ς, κανένα δέν έχ' ς",
Αγαπά τα δουξάρια,
"Στέκουντας ρουδουπαππούδα, τι 'σι συ τσι τι 'μι 'γω",
Αυτά τα λεν στου χλήδουνα,
Πιάν' τς μυίγις,
Σα δεν αδειάση η μιά σακκούλα μέσ' στην άλλη έν αρχοντίν'ς,
Τα λόγια τ' δεν έχεν μήτε ουρτιά μήτι ανουκατιά,
Πρόσωπο βλέπ'ς μα καρδία δε γνωρίζ'ς,
Κόρακας στον ουρανό για αγέρας για νερό,
"Μένα, μια φορά μ' γέννησ' η μάννα μ'",
"Νιρό να βαστάς, να τ' αφήχ'ς κι' να ρτ'ς",
Γυρίζου του λόγου μ' πίσου,
Η θειά μ' η κουλού τα κουλάει αλλού,
Πιτσί τσι κόκκαλου,
Αφ' ου μπρέπ' να βρέξ' δε βρέχ' τσι του Μάη δρουσουλουγά,
Αυτά είναι σάλια μπάλια,
“Διώξι μι γι θα σί διώξου” λέγ' η αράχνη,
Ούλα τσ' ούλα τσι τ' αντρού μ' γ' έγνοια,
Πίσου τάχ' του γ'ρούν',
"Τέτοιου τσιφάλ', τέτοια θέλ'",
Άμα την έπαθε η γριούλα 'σφάλισε και την πορτούλα,
Αυτός θα κόψ' του ριπάνι,
Πέρσαι (ορίστε)απ' τα σιντουτσα μιριά,
"Του δίν'ς, του παίρν'ς του μέγα Σάββατου πιθαίν'ς",
"Βασιλικιά διαταγή, τσι τα σκυλιά διμένα",
Σαν ανήμερον θηρίον κάν΄ς,
Του μιλίγαλου η βανεί με' στου σπίτ',
Άρραντα μάρραντα,
Η παθός είναι γιατρός,
Αλιβροπαπούδες κι παπόγλυνες,
"Έχι συ τα σάλια σ', να 'χου τσι γω τ'ς μύξις ιμ",
Του νύχ δε χουρίζ' απ' του κρέας,
Οι άσχημις τσι οι τρελλές έχουν τις τύχις τις πολλές,
Γιού καβαλλάρις δεν ιρουτά του περπατάμενου,
Τριχάμινου νιρό κατούρησε κι' πιε,
Ένι ένα κουμμάτ' μάλαμου,
"Επίσκοπε του Δαμαλά μηδέ νου, μηδέ μυαλά. Τα μικρά δεν ήθελις τα μιγάλα γύρευις. Γύριζε του χερόμυλου κούνα τ΄ αραπόπουλο.",
Οκ' κάν'ς βρίσκ'ς,
"Απού δώ είχι, απού κεί είχι",
Τουν πα ως τη βρύσ' τσι νιρό δε τ' διν,
Τ' ατζά γινήκαν θυνιατήρ' κι τα σκατά λιβάν',
Έχου τόνα του χέρ μέσ΄ ς του μέλ΄ τσι τ΄ άλλου μέσ΄ ΄ς του γάλα,
"Βάλε ψάρια στο τηγάνι, Παναγιά και αγιο-Γιάννη",
Άνιμους στη βράκα σ ;,
Απ' το θέρους ως τσοι 'λιές ποτέ δέ σώνουνται οι δ'λειές,
Του αίμα νιρό 'έ γένιτι,
"Ζω δεν έχεις, ζωή δεν έχεις",
Του σι μάρανι,
Τα νύχια τ' ένι σα τ' καλκατζάρ',
Γιμάτ' τσ'λιά αυτιά δεν έχ',
Ακόμα τ' αυγότσιφλου δεν ήβγι απ' τ' μύτη τ',
Θυμώνις για στσύλλους γίνιοι,
Άπστους στσύλους (ή άπστους Θωμάς),
"Ι Θεός, όσου τσι να γηράσ' πέντ' εξ αγιοί καταπουνεί",
"Του καλό σ' του λόγου πε τουν, τσι του φαγί σ' φα του",
Τάχουμι στου σκοινί δεμένα,
Πάτ'σι μέσ' 'ς πίττα,
"Ξένου άλογου καλ'κεύεις, μάνι μάνι κατιβαίν'ς",
Πότι είπι ψέματα να πη τσ' τώρ' αλήθεια,
Κατά το μαξούλι κι ο ταχιφάς,
Σκαλίζ'ς τσ' αχλιές μέσ' στα μάκια σ' παγαίνουν,
Η πρωκ η φλέγα είνι τ' νουνού,
Μι του νύχ' στσίζιτι,
"Τ' λαχτάρα που σ' έχου, σα δε σ' ιδώ δε τρώγου",
Κόρακας κουράκ' μάκια 'ε βγάζ',
Η γρίνια η πουλλή είνι γουρσουζιά,
Οπ' πδήξ' η κατσίκα πδά τσι του κατσκαδέλλ',
Η γλυκειά γλώσσα βγάζ' του φίδ' απ' τ' τρύπα,
Άδραχτους μονάδραχτους τι 'ν το δέκατο,
Μη χυνς πα' 'ς φουτιά λάδ',
"Λαγός την φτέρη έτριβε, κακό του κεφαλιού του",
Όμοιους τουν όμοιου τσ' η φωτιά τα λάχανα,
"Μαζεύγιν και τα κοπελούδια ελιές, με τα καλαθέλια τς",
"Κούκνι κούκνι του μουρό, εφάγι τονέ εμνυαλό",
Καλός γουνιός καλά πιδγιά,
"Πολλά μουρά, πολλά κισμέτια",
Θαρρείς πους έχ' ιφτά γλώσσις μέσ' στου στόμα τ',
Ούλα τά χ' ι κασσιδιάρ' ς μόνι μαργαριταρένια σκούφια τ' έλ' πι,
"Κ'τσοί στραβοί στον άη Παντελεήμονα, και τσ' αρωστ' μένοι στ'ν Αγιάσσο",
Σβάτι να μην άφτουν,
Θα κόψη τ' μπόρα να ψ'γούν τα λάχανα,
"Κούνα κούνα το μωρό, ξεπατώθ'κα να γελώ",
"Άγιος Βασίλης έρχιτι απ' τσι Γιαντσαριώτις, δόμ κι μέ τσανάκ' αλγόμ' γες",
Μεις οι Βλαχ' όπως λάχ',
Αγαθός τσιιλάρς πάντα τσιιλάρς,
Ακριβός τσιελάρς πάντα τσιελάρς,
"Μι καλόν κάτσι, φάγι, πιε κι νησ'κός σήκου κι διέβαινε",
Του Αγίου Σπυρίδωνα παίρν΄η μέρα ένα σπειρί λένε,
"Ό,τι ξέρ' η ν'κουτσύρης εν του ξέρω ούλ' μαζί",
Ούλα τάχ' η Μαριορή μόν' η φερετζές τ' ς λείπ',
Κοκκινόρριζες κόκκινο αίμα,
Κάλλια να ξέρ'ς παρά να χ'ς,
"Όπγοιους 'εν έχ' γέρου, γέρουν αγουρά",
Μη χ'πάς του πατέρα σ' ή τ' μητέρα σ' τσι δε θα λύσ' του χέρ' σ,
Άγρα τσ' αμύρουλα,
"Αγιά Βαρβάρα γέννησι, Σάββας υιγίον εποίκεν, γι' Άγιος Νικόλας έτρεξε να πά ΄τονε βαφτίση μέσ΄στα χιόνια χιονισμένος και μέσ΄στα νερά βρεμένος",
Οι πολλές μαμές πνίγουν το μωρό,
Κάλπ' κα δίν'ς κουριμένα παίρν'ς,
"Άμα δεν ήταν οι γιατροί, θα 'πέθαινανοι παπάδες απ' την πείνα",
Να μη βριθή νιρό κι πλύνουν τα κόκκαλά μ',
Έχ'ς κάτου Θιό; Έχ'ς κι απάνου,
Είνι νύχ' τσι κριάς,
Άσπρος γιννειέται 'κόρακας και κόκκινος μαλλιάζει και μαύρος καταστήνεται και τω γονιώ του μοιάζει,
Τ' αρνί να βαστάς,
Ας λέγ' ι κόσμους κι ας δεν ι κόμπους,
Μι του μιγαλύτερου σ΄ σκόρδα να μη φυτεύγ΄ς,
"Τον Μάρτ' ξύλα φύλαγι μη κάψης τα παλούκια, κι ως δώσεκα του Απριλιού μη κάψης τα καρούλια",
Ι καλός ι λόγους βγάζ' του φίδ απού μέσ' απ' τρύπα,
Ένας παλαβός ρίχιν (ρίπτει) μνιά πέτρα μέσ' το πγάδ' τσι μαζιβγόντιν σαράντα γνουστοί τσι δε μπουρούν να τ' βγάλιν,
Δε φουβάσι Θγιό,
Αλεπού τσαρά 'λεπού τσι στα κμάσα στι παντού,
Στόμα έχ' τσι μ'λιά δεν έχ!,
Δε μπουρεί να δείρ' του γάϊδαρου τσι δέρν' του σαμάρ',
Τα πήρε 'γρά πλυμένα τσ' έφ'γι,
Να σας πη η παπάς μέσ' στ' αυτί,
Τσ' αγιά Μαρίνας σύκο και τ' αλιτροπιού σταφύλι,
"Οπ' έχι' αμμέλια ας βάλ' εργάτις, κι καράβια καλαφάτες",
Του τσιφάλ΄ το ΄χει να κάν΄ ψείρις,
Δα γκ' στουλ'σμεν κ' νύφ΄ απομ' νι,
Ο ζουρνάς είναι ζόρ – οϊνά,
Λόγια τ' χλήδουνα,
Έχεις γρόσα ; έχεις γλώσσα έχεις φλουριά ; έχεις θωριά,
Τα μάτια μ' κάνιν κάννις για τουν Α,
Ηύρε λιός του Παντιλιό τσι τιριάσαν τσι οι δυό,
Να μη ραγίσ' του γυαλί,
"Φασ'λέλλ', φασ'λέλλ', γιμίζ' του σακκ'λέλλ'",
Άμα γλήνα είνι!,
Λόγια όρτα κι άνου κάτου,
Μήτε ρόπουδας δεν έμεινε,
Η ουχτρός εχ΄πουλλά πουδάρια,
Τάπα απ΄ του μιθύσ΄,
"Τσ' λ'α η λίτρα,σπά τ' αυγό, τσ' λά τ' αυγό,πάλε σπά τ' αυγό",
"Απ' το σαράφη, τρως απ' τον οκνό δεν τρως",
Γαιδάρ' λαλείς παρλάς ακούς,
Έσυρα τ' λιναριού,
"Πέρα βρέχ, τσ'αλλού βρουντά!",
"Σε ξένο κώλο, 'κατό ξυλιές",
Ταχιά τ' ακούς,
Ιγώ π' έπαθα ξέρου,
Σ τουν ίδιουν ήλιου απλώνν' τα ρούχα ντουν,
"Σα διψά γι' αυλή σ', να μη χύν'ς του νιρό έξου",
"Πακείς μι, πατώ σι",
"Σα δε θουλώσιν τα νιρά, πουτέ δεν κατασταλάζιν",
Να σου πω τα ούλα και τα γενούμενα,
"Αμαρτουλός σα φα, κρυγιών'",
Σκλάβους αλύτρουτους,
"Όποιος πίνει βιρισέ, δυό φορές μιθά",
Μεις τα 'χουμι,
Γερό τσιφάλ' το γυρεύγ' απού κάτ' απ' του βατζέλιου,
"Που ΄σθαν, πάπια μ, τρυπωμένη, κι΄ήρθις την αυγή βρεμένη ;",
Τίναξι του λόγαρού του,
Μόνου τ' όνουμά σ',
Καλύτερα να δης το φίδι το πρωΐ παρά τον παπά,
Σα δεν του πιστεύγις βάλι μια πστιά,
Λόγια προυστουπίσνα,
Λόγια π' δε τα τρων μήτ' οι στσύλ' μήτ' οι κάτις,
"Παίρνε βώλοι, σκότωνε διαβόλοι, πλέρωνε τζερεμέδες",
"Αν είναι γιά νά τουρκέψω, να γίνω αγάς",
Κουπιδ' σαπιδ' αμήγιανου,
Ο νους ιμ είνι στα βαθειά νιρά,
"Σα σα πάγου 'α ξιπέσου, ναβρου πάπλουμα 'α πέσου",
"Ούλα τά χ' η Μαργιουρίτσα, μόν' ι φιριτζές τής λείπ'",
Μην είδα μήνι ξέρου,
Τα λόγια μ' ένι βγατζέλια,
Πίτυρα ανικατώνισι τα γρούνια (γι όρθις) σι τρών',
"Τι σι μέλ΄ ισένα για τ΄ Δισπότ΄ τα μλάρια, καλλβουμένα είνι για αξικαλλίβουτα;",
Χέρ' πιδέξου,
Τσ' λά του βνό άλλοι στ' αβγό. Τσ' λα τ' αβγό άλλοι στ' αβγό,
Σαρανταπέντε Γιάννηδες ενός κοκκόρου γνώσ' κι η ζυγαριά να γέρν',
Τον κάνου επ' άσπρου,
"Σα δε δηε του ψόκουλου, δε θμάσι του π' σσαναβρασμένου",
"Βνο μι βνο μόνι δε σμίγ', οι άνθρωπ' πάντα θ' ανταμώσιν",
Πε κ' αλήθγεια 'α γέν'ς κακός,
Γη αλιπού πιτναρέλια 'νειρεύγιτι,
Ξένα λόγια άκγι τσ' απ' τη βλη σ' μη βγαίνς,
Αλλοίμονο σε κείνον που λείπ' απ' τον γάμο του,
Ρίχνου λαδιές,
Ξέρ΄ς π΄ να ξηραθής,
Κφος σα δεν ακούει τα τιριάζ',
Με το γέρο γάτο κάθεσαι και ποντικούς φοβάσαι,
"Δυό λόγια 'νι στου μπουγιατζή: να τ'ς παράδις, δος του βρατσί",
Μεροδούλ' μεροφάϊ,
"Μπρος 'τα κάλη, κ' ειν ' η πόνους",
Έφαγα τα καταχόνια τς γης,
"Όπου 'νι πολλοί πετεινοί, αργίζ' να ξημερώσ'",
τον Μάρτ' έκαψ' η γριά τα παλούκια της,
Τσι του γέλιου τσι του κλιάμα θέλει κέφ',
Τα παληά 'κουνίσματα έχουν κ' χαρ',
Πίσου έχ' γι' αχλάδα κ' ουρά,
Σα δίδασκους λέγ',
Απού του φόρου στου γκαλό τσι στην Αγιά Μαρίνα,
Σκότουνι παλαβοί πλήρουνι τζιριμέ,
Οπ' έχ' τα γένεια έχ κι τα χτένια,
Παίρνου τα μάτια Μ' τσι παγαίνου,
Τσηντήξαν τα νύχια μ',
Μέσα σι μια σταλαματιά νιρό κόντιψι να πνιγή,
Τα μάτια μ' κάμουν κάννις για τουν Α,
"Αμάν Ελένη, καυγάς θα γένη",
Τα λόγια πουτέ δε σουμό δεν έχιν,
Η γλώσσα κόκκαλα δεν έχ' τσι κόκκαλα σπά,
Πάψαν κόρη μ' οι καμοί σ' κάτσι μπάλωσι το μ'νί σ',
Ήθιλές τα κ' ίπαθές τα,
Παραρριξιμνιό καράβ' 'ς αγαθό λιμνιώνα,
Τ' είπα τα πριπούμενα τ',
Απ' εδώ έως τον άπακα,
"Έχει κανείς τα ντέρτια του, έχει τα βασανά τυ, έχει και τον παλιόκοσμο να σύρνη τόνομά του",
Ξιραίν' η λύκους παστιλμά,
Κουμ'διά δώτσις αλυγαροκούκ'τσα πήρις,
"Τα λόγια 'ναι σα τα κιράσα πας να πάρ'ς ένα, τσι τραβάς πουλλά",
Σα δε θέλ'ς να ζ'μώσ'ς δέκα μέρες κοσκινίζ'ς,
Τα λόγια κουμέρκ' δεν έχιν,
Σ' κάτας του λιμό 'εγκριμάζουν ψάργια,
Χώρια τα καλουτσαίρια,
"Τουν αράπ' σ' αν σαπουνίζ ς, του νικρό τσ' αν γιαργαλής",
Τσ' κατσίκας η κ.... είνι μάστουρ'ς π' κάν' στρουτ' λες βιρβιλιές,
Τα γράφου έτσει π' δε' πιάν' μιλάν,
Τι ανάγα΄ έχ΄ τόνα το τ΄ χέρ΄ είνι χμέσ΄ στου μέλ΄ και τάλλου μέσ΄ στου γάλα,
Το αίμα νιρό δεν γίνεται κι' αν γινή δεν πίνεται,
"Η πληγή της μαχαιριάς βρίσκει γιατριά στης γλώσσας, μήτε παρηγοριά",
Πήρι μια φλέγα,
Το δούσι απ' τ' αυτί,
"Μια ψείρα π' δε σε τρώ', τι ξέσαι;",
Σε παγαίν' στη βρύσι τσι σι γυρίζ' διψασμένου,
Σ'κών' νιρό,
Τσιραμίδια που σε στάζιν μη τα σαλαγάς,
Άρμιγι τσι κούριβγι ένα σκείρου πρόβατου,
Είνι κώλους τσι βρακί,
Μάννα τ' νηρού μέρους βλουγημένου,
Ακούιτι ένας λόγους,
Λόγια ναστρατίνκα,
Δε βλέπ' τ' μύτη τ',
Βήχ' ς φάγ' αρμυρό ξύδ' ή κ' γανστό,
Μιτσμένα λόγια,
Ένα νύχ',
Αυτά είναι μεγάλη Σολομονική!,
"Ζα έχεις, ζουή δεν έχεις",
Λόγια π' τα λέγιν στου χλήδουνα,
Πίσου 'νι τα κουφτιρά,
Έχε ζεστά τα πόδια σου τη κεφαλή σου κρύα το στόμαχό σου ελαφρόν ναχης πάντα υγεία,
Πήρε τσί δώτσι,
"Κινούργιο κόσινου, που α σε κριμάσω; παλιό, που α σε πιτάξω;",
"Σκάς, αυγό, για χύνισι;",
Δεν έχου νου κ κεφάλ',
Μάρτης τρελλός,
Απ' την αστιβιά 'ε κάν'ς κατάρτ',
Τ' άπλιψι λάδ',
Κριμαστουκαν οι πουδγιές κι σκεπάσαν τις πομπές,
Τα νύχια τ' ήρταν τσι μηλανιάσαν,
Ο άντρας με το τσουβάλι κ΄ η γυναίκα με το κουτάλι,
Όρμου τσι νιρό έβαλι,
Σαν τον αβάφτιστο τυραγνίζεται,
Ούλα τάχ' η κουριμέν' μό' η φιριτζιές τής λείπ',
"Αραμπάς με τα καρούλια, βάρσανα πούχ' η αγάπη",
Σαββατιανός Βοριάς τη Δευτέρα κούκουρους,
Σι' καλό μ',
Τί σι μέλλει κι ρωτάς; ποτέ κακό μην πάθης,
Άρον μ' άρον,
"Κ'τσα προυΐ, κ'τσα βραδύ τσι κ'τσα το μεσημέρ' να κουτσαθή που τά 'σπιρνε τσαι που τα μαγερεύει",
Του νονού τις αμαρτίες τραυάει το παιδί,
Τα γρούνια 'νι απού σόϊγ',
Ξέρ΄ ι Γιάνν΄ς τι έχ΄ μέσ΄ του τρουβά τ΄,
Τσ' αλιπούς τα βγιασκά,
Κλούβιο κιφάλ',
Δε σ' είπα καμπούρ' να μανίχις,
Έχ' αμπέλ',
Του πήρε ζιρβά,
Λαφρύς σά πιταλούδα,
"Ένα, κανένα, δύο, καλά, τρία, πολλά",
"Μι τη παλαβάδα μου, γιμίζου τη γκοιλάρα μου",
Μάϊος Μάϊγ'ς μάγιους Μα,
Η παλαβάδα 'νι 'κατό λουγιώ στού κόσμου,
"Τάχ΄ η θγειά μ΄ η Παλουγού, τα βουλίζει προς άλλού",
Σ τν αναβρουχιά καλό νι τσι του χαλάζ',
"Έλα, τσ' απαντέχ' του ζιρβό",
Παννί βρουμεί,
"Άμα π'λαλήσ'ς, πέφτ'ς κάτου",
Μαύρους σα του χάρου,
Κούριψι τ' αυγό πάρι μαλλί,
Όποιους αυκριέτι τς πουμενές τ' ακου;,
Τ (δείνα) τα λόγια τσι τ' Μαϊού τα χιόνια,
"Άπ' την αστιβία, δε κάνιν κατάρτ'",
"Πγιο γκαλά νάωγ' του μάκ'ς, περί τ' όνουμα σ'",
"΄Γούμενε του Δαμαλά, δίχως νου, δίχως μυαλά, τα μικρά δεν ήθελες τα μεγάλα γύρευες. Βάστα, γέρο κούλερε, γύρ΄ζε τ΄ν αχερόμυλο κούνα τ΄ αραπόπ΄λο",
Σα γάιδαρους μη τ' σέλλα,
Νόγους είσι τσι νουγάς,
Μι τα χέρια μ' σκάφτου του λάκκου μ',
"Λόγοις ένι, τσι τουν λέγιν",
Έμαθες να με γυρεύης · έμαθα να μη σου δίνω,
"Το μουνί κι το χταπόδι όσου του χτυπάς, απλών!",
Πα στα νύχια τουν κάνου,
Όχ' μόνι βρέχ',
Τσι τα καλά διχούμενα τσι τα κακά διχούμενα,
Τώρα πέταξι πλιά του π' λέλλ',
Τρις τσί γ΄ αλήθεια,
Θα σι κάνου ξιφτέρ΄,
Ζήσι μαύρι γάϊδαρι να φας του Μάη τριφύλλ',
Εστίψα βίδα τ',
Παλιό μπαλών'ς του σπάγγο σ' χάν'ς,
Τν ωρίμασι ΄ςτου ξύλου,
"Φουνή λαού, ουργή θιού",
Άθριπους αγράμματους ξύλου απελέτσητου,
Κτσά έφαγις τσι κτσά μαρτυρείς,
Πήρε τα πουδάρια τ',
"Να καν' ο Μάρτης δυο νερά κι' Απρίλης άλλου ένα, χαρά σ' εκείνου του ζιυγά πόχει στη γης σπειρμένα",
Τα δώρα κρίνουν τώρα,
Τ' αυτί μ' δε 'δρών',
Η καημέν' η αλεπού τα δικά τς τα λέει αλλού,
Μη σκών'ς πουτέ χέρ απά' ς του μιγαλύτιρού σ',
Πιάσ' τον αξ'πόλ'το πάρ' τα παπούτσια τ',
Γέρους έ(νι) τσι δε φιλά μόνου τα ψουμνιά χαλά τσι τις πίτες κατιλά,
Τα λόγια τσ'λιά δε γιμόζιν,
"Τα μάτια χάσαμε, τσι τα φρύδια γυρεύγουμαι",
"Κλέφτης άπιαστος, αφέντης λογιέται",
Για το γινάτι της γυναίκας του έκαμε το βρακί του,
"Γάϊδαρος δεμένος, νοικοκύρης ανεπαμένος",
"Σκαλίζοντας η όρ'θα, βγάζ' τα μάτια τς",
"Γιά ένα, γιά κανένα",
"Όπ' κάτ' η πέτρα, μαλλιάζ'",
Σα δε γελάσ'ς ταχτέρ' μηδ' αργά,
Κόφτου του λόγου σ' μι του μέλι,
"Διάολος σά δεν έχ' δ' λειά, τα παιδιά τ' γαμεί",
Όποιους κουντουρντίζ' του τσιφάλι τ' του τατσίζ',
Α λαλήσ' κι' α δε λαλήσ' κ'δούνια τάχ' η Μανωλής,
Κλάν' κι στ'βάζ' κι μαγκανίζ' κι ούλο το χουριό βουΐζ',
Λέει τη σκάφ' σκάφ' κι' τα σύκα σύκα,
Τα νύχια τ' ένι μακριά,
Άνιμους στη βράκα κι αγέρας στα πανιά σ' κι' ένα πουλί πιτούμενον να μη φανή μπροστά σου,
Η λόγους ιμ πίσου δε γυρίζ',
Όπ' έχει γυιο μουνουγιννή του Μα πανί να μη δγιασκή,
"Νέος σφηγκός, νέος καρπός",
Ο λύκος σα γεράση γίνεται της αλεπούς μασκαράς,
Όφκουλους λουγαριασμός,
Ένας τσ' ένας,
Άλλα μιλιτούν τα βόδγια κι΄ άλλα μιλιτά ζιβγάς,
"Νηστεύγ' η δούλος του Θιού, γιακί 'εν έχ' να φάγη",
"Κάλλια τ' Αγι' Αντωνιού φωτιά, παρά τσ' αγάπης κρίση",
Σα πιντάλφα λέγ',
Γω έχου τού γάλα σήμιρα,
Όποιους διαλέγ' τ' απουδιαλόγ' παίρν',
Ξέρει του Μ'λ΄ρι ποιον έχει πατέρα;,
Πρώτη Μαρτίου από Μαρτιού καλοκαιριά,
Και το πεπέρ' καλό είνι,
Διπλά καρδιά,
"Μήτε το διάβολο να δής, μήτε το σταυρό σου να κάμης",
Εγώ θα πλύνω τη σκάφ' ;,
Να χαγήρ' να προυκουπή,
Τι σε μέλει σένα για κάθε μάνας γέννα;,
Τ' κλέφτου λόγια,
Είναι η δεν είναι τος η τι τς απαλλαγής,
Καθαρόγλωσσος άθρωπος,
Πιο πουλύ απ΄το νουνό πίρι 'πε το γουνιό,
Όσου να γηράσ' ο Θιός πέντ' έξ άγιοι καταπουνεί,
Μπουρ – μπουρ – μπουρ τσι τ' αμπέλια άφραγκα,
Καλόμαθεν η γριγιά 'ς τα σύκα,
Κουτσοί στραβοί στον Άγιον Παντελεήμονα,
Η Μανώλης με τα λόγια κάν' ανώγεια κι κατώγεια,
Απ' τ' κορφή ώσαμι τα νύχια,
Τύφλα στου μιθύσ',
"Μιγαλύναν τα μουρά, τσί μπαμπαήδις δε φουβούντιν",
Μυίγια δε γέρν' στού σπαθί τ',
Ότι σπείρ΄ς θα θιρίγς,
"Αγιά Βαρβάρα φώναξε, Σάββας απολογήθη Γι άγιο Νικόλας έτρεξι να πά' να λειτουργήσ'",
Του στόμα σ' ακόμα γάλα μυρίζ',
Η δαίμουνας έχ' πουλλά πουδάρια,
Κρέας ωμό ψάρι ψητό,
Απί λόγου σι λόγου,
Γυμνός ημύταν τις΄ ηρίγωσα τσ΄ απ΄ το τρυπδι΄ ξεπάγιασα,
Γαιδάρ' λαλείς πορδές ακούς,
Κάθι πλέλλ' στη κοπριά τ' χαίριτι,
"Όπγοιους εν έχ' νου, έχ' πουδάργια",
Δούλευε να τρώς και κονόμα νάχης,
Μήτε στο σακκί βρίσκεται μήτε στο σακκούλι,
Κατούρησ' η αγελάδα στον ήλιο,
Εκείνος που μ' έκαμε κι έκλαψα ο Θεός συγχωρεσ τονε κι εκείνος που μ' έκαμε κι εγέλασα ανάθεμα τονε,
Φρίγει το σκατό του,
Τα κακά αναπαρωμένα τα σκυλιά τα τρων,
Παστρική η κυρά παπαδιά το παπουτσι (τσαρούχι) στην πατσιά,
Η μύτη σου εκεί που κάνει μπουμ,
Στο γάμο πάει ο γάιδαρος ή για νερό ή για χουσμέτι,
"Του πουλολόγου πουπουλο, του ψαρολόγου ψώρα",
"Δος μου, κυρά, τον άντρα σου και πάρε, σύ, τον κόπανο",
Του την έδωκε στό δόξα πατρί,
Όποιος δεν έχει άνθρωπο ρωτάει (και) το ραβδί του,
Δεν το χω για το ψόφο του γαϊδάρου μου όσο για τα ρωτήματα του κόσμου,
"Το σκυλί σου, Γεωργούλα μου!",
"Ως το μύλο ως το λάκκο, ως το καψοκαλυβίτη πάει ημέρα σήμερα",
Μέ λελέγους μή καταπιάνεσαι,
"Μη γυρέψης προίκα, οτ' έχει μεγάλη πίκρα",
Αν δεν έφαγ' ο κώλος του κατράμι ναύτης δεν είναι,
Σεβδάς είν αυτό δεν είναι τσορβάς,
Η κοιλιά δεν αποσκεπάζεται,
"Όστις γυρίζει, φθάνει γρήγορα",
Πουλί που πέταξε πίσω δε γυρίζει,
Έμαθα και δεν κλαίω πλειά και δεν κακοκαρδίζω όπως του ευρώ τον καιρό έτσι τον αρμενίζω,
Κάλλιο να κλάψη το παιδί παρά η μάννα,
"Αν σε φάω γω η οχιά θα σε σφάξω στην καρδιά, αν σε φάη ο γιός μου ο μπίλιος όσο να κεντρώσ΄ο ήλιος,αν σε φάη τ' ακονάκι,ξιναράκι και φκυαράκι και στον άγιο Νικολάκη",
Της Αγιά Μαρίνας ρόγα και του άϊ Λιός σταφύλι και της Παναγιάς κοφίνι,
"Πέντε άντρες τρεις λαγήνες, τρεις γυναίκες πέντε λαγήνες, πως το πίνουν οι μαύροι άντρες το κρασί;",
Ρύσαι ημάς Κύριε,
Όταν θές να σε θυμούνται άργειε να σε θωρούνε,
Το παιδί σ' επάντρεψες γείτονα το έκανες,
Μέ μιά τσεκουριά τό δέντρο δέν κόβεται,
Ο ποντικός με κόπο κόβει πολλά σχοινιά,
Το παιδί που θα στρηνιάζη με το μπάρπα του θα κλάψη,
Τα λόγια των πολλών κάνουν το Γιάννη τρελλόν,
Για ζούμε για πεθαίνομε για σ' άλλον κόσμον πάμε,
"Τι φωνάζει ο Εβραίος; ό,τι έχει στο πανέρι του",
Το μάτι τήμ πέτρα σπορίζει,
Φασούλι το φασούλι γεμίζει το σακκούλι και λίγο δω και λίγο κει κάνει πάτο το σακκί,
Της πουτάνας την ποδιά φίλησε την και πέρασε,
Κράξε τον στον γάμο σου να σου πή και του χρόνου,
Ελάτε σκύλοι αλέσετε κι αλεστικό μή δίδετε,
Τό βερεσέ δυό φορές μεθάει,
Λείψ από το μισθό να μη σ' εύρη το κρίμα,
Τ' 'ασπρα θέλει ο άνθρωπος για τη μαύρη μέρα,
Άφσ' το γαιδούρι κι ας κυλιέται,
Τσακοιζε δοντιά,
Ξέρει τον άμπακο της θάλασσας,
Το κολιγιακό γαϊδούρι το τρώει ο λύκος,
Αν έχης τα καλά παιδιά τα ρούχα τι τα θέλεις;  κι' αν έχης τα κακά παιδιά τα ρούχα τι τα θέλεις;,
Γυιος του πατρός,
Μαζεύτηκαν οι γνωστικοί να φάν του ζουρλού το βιός,
Του άρτον του επιούσιον δος ημίν σήμερον,
Να μην κρεμαση σκουλαρίκια,
Έγινεν αστραπή,
Δαίμονας άγιος κι αν γενή πάλι σκατά αγιωσύνη,
Κουβαλεί με το κόσκινο νερό,
Του ζητιάνου κομμάτια δοι του και μη του δείχνεις στράτες,
"Λάχανα στη μάννα μας, λάχανα στον άντρα μας",
Δεν αφήνει το γάμο να πάη για πουρνάρια,
Κατσ εκεί που κάθεσαι,
Έχει και στο κώλο μάτια,
Έχει δύναμη δράκου,
Κάμης λαβής κοιλά μη σε πονέση,
"Κοιμήσου, κουβαράκι μου, και λόγια μη μου κάνης",
Λύσε το λουρί,
Σαράντα χρονών γομάρι καινούρια περπατησιά δε μαθαίνει,
Τα θέλει κάνει νηστικός τα κάνει μεθυσμένος,
Του τριψε την κασίδα στο κεφάλι,
Τό βερεσέ πληρώνει δυό φορές,
Όλοι νάχουν κι εμείς να γυρεύουμε,
Νύν απολύεις τον δούλον σου,
Του γέρου τα κανάκια όλα πίκρες και φαρμάκια,
Είναι της γούνας του μανίκι,
Αυτή η ασθένεια ούκ έστιν προς θάνατον,
Μη σε γελάσ' ο Μάρτης το πρωί και χάσης την ημέρα,
Ανάθεμα που μπιστευτεί στων αδερφών τη μάχη κι εις τ' ανδρόγυνο την κάκια απ' το ταχύ ως το βράδυ,
Ούτε το κρίας να κάψη ούτε το σουβλί,
Ελούστηκ' η νύφη κι απόμεινε,
Δυό φείδια αερικιά σε μια τρούπα δεν κάνουνε,
Τα λίγα πρόβατα και τα πολλά τ΄αμπέλια είναι φτώχια,
Όξω ωραία μαλλιά μέσα ωραία κασίδα,
Να χουν τ' αντρόγυνο χολή,
Ξένα τρώγει ξένα πίνει και δικά του καζαντίζει,
Επήρα τα πάριορα,
Ο ων ευλογητός να τος και αυτός,
Εδώ σε τούτη τη γειτονιά σε τούτο το σοκάκι κύλισ' ο τέντζερες και βρήκε το καπάκι,
Όπ' ακαρτερεί να φάη ποτέ του δεν πεινάει,
Του βγήκαν ξυνά,
Πουλα το μαχαίρι σου και πάρ ένα ακόνι,
Από νερό κ' αλάτι,
Σαν τον κούκκο,
"Όποιος πιάνει το μέλι, γλύφει τα δάκτυλά του",
Στον ουρανό τον γυρεύαμε και στη γη τον ευρήκαμε,
Θέλ' ο Θεός και φταίει ο χρόνος,
Μ' όλα τα χορτάρια παίζω κι' απ' την ατσικνίδα φεύγω,
Όποιος φτιάνει αλλουνού τον τάφον γίνεται ο δικός του,
"Τα δικά μας είναι καρύδια και βροντούν, τα δικά σου είναι σύκα και δεν ακούονται",
Γιατί όλη μέρα τρώει ο γάιδαρος και δε χορταίνει,
Δεν το χω πως ψοφησ' ο γαϊδαρός μου αλλά πως θα δώσω τσεβάπι του κόσμου,
"Του τεμπέλη τα χέρια ιδρώνουν, του προκομμένου τα πόδια",
Χίλιες ραβδιές σε ξένο κώλο δεν πονούνε,
Δικό μας είναι το παννί δικό μας και το χτένι δική μας είναι και η κοπελιά που κάθεται και φαίνει,
Δεν είν' κατσίκια να γεννήσουν,
Πρώτα πάνε οι λαγάνες κι έπειτα τα καρβέλια,
"Η προβάτα, όταν ξυέται στου τζουμπάνου την μαγκούρα ξυλιές θέλει",
Αφύσικος βαστάει βρακί φοβάται μην το χέση,
Τα λόγια παράδες δεν πιάνουν,
Άλλα μου λεν ταχείλι σου (του) κι' άλλα η καρδιά του βάνει,
Έδωκαν του χωριάτη ψωμί και θέλει κι' άλας να το φάγη,
Βάννουν το λύκο να φυλάξη τα πρόβατα,
"Μια μουντσούρα βλέπεις, κόλλα άλλη μια!",
"Όποιος ανακατώνεται με τα πίτουρα, τον τρώνε οι κόττες",
Αυτός ένι Αλλαμάνος,
Είπαμε πολλά και δεν ήπιαμε καμμιά,
Πότε θα γίνω μάστορας να φάω μέσ΄ από σκουμπρί και κεφάλ από πράσσο;,
Ο γαμπρός είναι λαβρός (και) θέλει την αλούστα πεθερά την όμορφη γυναίκα,
Κοιμήσου χαϊδεμένη μου κι' η μοίρα σου δουλεύει,
Δεν επρόφτασε 'ς το πανηγύρι,
Ο ζουρλός στον ανήφορο ή τρώει ή τραγουδάει,
Ο λωλός δουλειά δεν είχε κι' έλυε κι' έδενε τον κόμβον,
Κάλλια άδειο το μαντρί παρά χίλιοι λύκοι μέσα,
Θέλς και τσ' απολνάς;,
Και γαλάτα και μαλλάτα κι' αρσενικά τ' αρνιά,
Κάτσε βρούλο πιε νερό και στης κουρούνας το μυαλό,
Τα 'χ' η Μαριά στο νου της τα βλεπε στ' όνειρό της,
Καλόγερος στο σπίτι σου και γομάρι στ' αμπέλι σου δε χρειάζονται,
Του δωκε τη μύτη στα χέρια,
Έτυχε κι αυτό στην τουρλα του Σαββάτου,
Κάνει τον κουφό,
Αυτό είναι μαχαιριού δουλειά,
Ο κατής τη μάννα μας γαμεί που θα πάμε να κριθούμε;,
"Μικρό κώλο δεν έδειρες, μεγάλο μην ξαμώνης",
Να τον φυσήσης θα πέση,
Άμα λύσης το σακκί δε μαζεύονται οι καβούροι,
Τώρα να βράση το ρύζι,
Δε σε κεφαλόκοβα πάρε σ' αφαλόκοβα!,
Όποιος θέλει να καν εχτρούς δανείζει χρήματα δώνεις με χέρια σου και παίρνεις με ποδάρια σου,
Κάλλιο δούλος διακονιάρη παρ' άρχοντας στον Άδη,
Γυναίκα με το λύχνο κι άλογο την άνοιξη μη διαλέξης,
Τι ξέρ΄ ο βλάχος τι ν΄ ο σφούγγος,
Η πρωτάρα την κοιλιά πολύ την καμαρώνει και σαν καθίση στο σκαμνί πολύ το μετανοιώνει,
Χίλια στ' άσπρα,
Μήτε φέτος καλοκαίρι μήτε και καιρού χειμώνα,
Γίδες δεν είχ΄ο διάολος κι εκείος επούλειε γάλα,
Της κακής γυναικός το πείσμα μοιάζει την οργιά του σκύλου,
"Αγριεύει ο κλέφτης, σουφρώνει ο νοικοκύρις",
Ο τράγος περιβολάρις δε γίνεται,
Είναι για να ξη κοιλιές,
Τι το θέλ΄ ο Τούρκος το φλουρί κι ο χαραμής το γρόσι,
Με το δρόσο πύρι και με το πύρι δρόσο,
Τα κανε στα βρακιά του,
Ηύρε το ταίρι του,
Ο θεός να σε φυλάει από τυφλού ξυλιά και από κουτσουγαμίσι (ή καβάλα),
Το γέλα γέλα φέρει και το κλάψε κλάψε,
"Τα 'χεις, γέρο, κοκορεύεις; Τα δαιμόνια δε μ' αφήνουν",
Γραμμένης φωνής μεγαλυτέρα η παρουσία,
"Στο λάδι, το μούστο θα πάρης δουλευτή",
Τα πράγματα με τον καιρόν έρχονται,
Κοιμήθη το σκατό και είδε πορδόνειρο,
Δεν πας να βρης το λύκο,
Σύρε κι έλα στον κατή έμαθα τον Μπεκησαχτή,
Καιρός για ανακάτωμα,
Άρατος και άσκαστος,
Ο γύρος τ' αλωνιού τρώγει τα δεμάτια,
"Ο Θεός είναι μεγάλος κι ό,τ' είπ' ο Θεός θα γίνη",
Κάμε καλό να βρης καλό!,
Έξω απ' το χορό πολλά τραγούδια ξέρουν,
Όσο κάθεται ο καλόγηρος τόσο μαλλί μαζώνει,
Άγιασ' ο σκύλος π' όφαγε την πάσπαλη,
Μύγα τον εκέντησε,
Δέρνε να σε σκιάζωνται κλάσε να σε λυπώνται,
Μάρτυρας έβγ αν ευκαιρής κι αν έχης εγγυήσου,
Σάν εσείς είμαστε εμείς,
Όλοι γελούν με μένανε κι εγώ γελάω με όλους,
Του πάει Τρίτη και Τετράδη,
Το κεμέρι γάτα,
Στραβοί κουτσοί στην αγ. Παρασκευή,
Δεν είναι κοντά η Κυριακή ωσάν το Σάββατο βραδύ,
Από φαγά παίρνεις από λιχούδη δεν παίρνεις,
"Περσότερος ο κόπος μου, παρά το διάφορό μου",
"Καλά τα δευτερώματα, αν λάχουν και επιτύχουν",
Στέκει να του ρθει στο στόμα σαν του μπούφου το πουλί,
Εγώ ήμουν εις τον πόλεμον κι η μάννα μου διηγάτο,
Γιά σωμός για κομμός,
"Αν βρέξ' ο Μάρτης δυο νερά κι' Απρίλης άλλο ένα, θα ιδής φτωχές αρχόντισσες να ψιλοκρησαρίζουν",
Ούτε ς΄ τα πέρ αμπέλια,
Όσοι (οι) πιστοί,
Καλήν αντάμωσιν στου Κρεββατά το χάνι,
Μου ξύνισ' ο μπουζάς,
Όλη μέρα τα κρυφά και τη νύχτα τα φανερά,
Η κότα πα να ξυ τ' αυτίν της και βγάλλει τι' ομμάτιν της,
Θησαυρός γνώσεων,
Τα λεφτά βγάζουν τό κρέας από τό τσικάλι,
Η σκύλ' αν δεν κουνήση την ορά της τα σκυλιά δεν πάνε κοντά της,
Όπως μαγειρέψεις έτσι τρώς,
Αν είσαι παπάς αύριον θα φανής 'ς τη λειτουρΓια;,
"Άρα μάρα, κακά ψυχρά και μαύρα",
Δεν αξίζει ούτε ένα μ παρά,
Όλ' η θάλασσ' αρμυριά 'ναι,
Δικό μας είν' και το παννί κι η κόρη που το φαίνει,
Θέλε να χη ο γείτονας σου μα και συ να μην είσ' άδειος,
Τα άσπρα είναι κάστρα,
Το τσινιάρικο μουλάρι δεν τρώει το παχνί του,
Κουτό μου κεφαλάκι γιατί το πίνες το φαρμάκι;,
Ο κόσμος τόχει τούμπανον και συ κρυφό καμάρι,
Τ' αυγάτισες κυρά μου,
Πόθε κατασκευάζεται ο αραβόσιτος; - Ξύσι τα δόντια σου να τον ιδής,
"Δώσε μου, κυρά, τον άντρα σου και πάρε και τον κόπανο",
Ας κάμη την αναφορά του 'ς το Μαίτιλα,
Όλοι λένε τούτ' εκείνα κι' η αλεπού για κότες κράζει,
Της αγιάς Μαρίνας σύκο και τ' άη Λιού σταφύλι και της Παναγιάς κοφίνι,
Είδα εγώ την μοίρα μου που ήταν από κρεμμύδι,
Κάμνου ραίνου,
Γι' αυτό κουμπάρε μου κλωτσούν και δε κερνούν 'ς την εκκλησιά,
Ή όλοι να ελευθερωθούμε ή όλοι να χαθείτε,
Δεν τυμόνοιασαν να φάν του γάμου τες φέτες,
Χίλιες οκάδες βούτυρο (ή σκαλότυρο) σε σκύλινο τομάρι,
Τ' άλογο το πληγιασμένο όταν ιδή τη σέλλα τρομάζει,
Ούτε πρώτος ούτε ύστερος,
Ένα παννί είν' όλοι τους,
Ρίκια για κάρβουνα,
Κάνει τον όσιον Ονούφριον,
Άσπρα μαύρα πρόβατα στην ερημιά κοιμώνται,
Έρχετ' η γριά με το μέλο,
Τι να μαντηλοδέθω και τι να 'ρήξω πίσω,
Τώρα που σε είδα σε θυμήθηκα,
Όταν η αρκούδα χορεύη στου γειτόνου σου την αυλή περίμενέ την και στη δική σου,
Πίτα στον αέρα και γάμο στό χαγιάτι,
Τρέχει η μύτη σαν αφεντικό ροΐ,
Ο ξένος πόνος ξέδραμος,
Το μήνα που δεν έχει Σάββατο,
Ο αετός μύγες δεν πιάνει και με μύγες δε χορταίνει,
Ανεβαίνω στον ουρανό και κατεβαίνω στον Άδη,
Όπου δεν έχει μαυρομάτα φιλάει και την τσιμπλομάτα,
"Ό,τι κάμης θέλεις πάθης και πέντε χειρότερον",
Ντράπου τον ένε ντράπου τον άλλο δεν έκανα παιδί με τον άντρα μου,
Αν έκαμες το καλό παιδί τα πλούτη τι τα θέλεις; Κι' αν έκαμες το κακό παιδί τα πλούτη τι τα θέλεις;,
Από φύσι άνθρωπο κι από πυριά γουρούνι,
Όποιος δεν έχει κανένα ρωτάει και τον πύργο του σπιτιού του,
"Πότ' εφτώχυνες, φτωχέ μου; Όταν μικρανάσταινα",
Έφαγε ενού γάμου σιτάρι,
Στο τρίτο κι η αλήθεια,
Το πληγιασμένο τ' άλογο από μακρυά καλοκάθεται,
Τρελλός για δέσιμο,
Όποιος τρώγει ας ξυέται,
Ήρθε στα νερά μας,
Άνθρωπος της οργής και της κατάρας,
Το πρόβατο το άχρηστο ας το φάη ο λύκος,
Το σχοινί όταν τεντώση κόβεται,
Αλίμονον και πάλιν αλί αλί αν σπάση το γυαλί σε κανενός την κεφαλή,
Κι οι πολλοί θέλουν πολλα κι ο μοναχός απ' όλα,
Κι η παλιά τάβλα χρειάζεται,
Τούμπαν' ακούς στη γειτονιά σου δέξου τα και στην αυλή σου,
Όταν χιονίζ αρμένιζε κι όταν παστρεύη ράξε,
Που κονέβουν οι στραβοί Στην αγία Παρασκευή,
Είναι απο τον αφαλό του κάστρου,
Μπήκε στα αίματα,
Δεν ξέρει πουθε κρατάει η σκούφια του,
Ένας κούκκος άνοιξη δέν φέρνει,
Τον εγονάτισε,
Είναι πανί και ρέγκι,
Είναι κι ανθρώπος φολερός είναι και δυο στη φόλα είναι και βρείς λεύθεροι που φόλα δεν αξίζουν,
Ηύρε λουλούδι να πάρη το μέλι,
Απ' έξ' από το σπίτι μου κι' ας είν' και ταδερφού μου,
"Δώσ' μου μένα, δώσε και γιά τα παιδιά μου",
Λάδι ας βρέξη κάστανα ας χιονίση,
Δεν χρειάζεται πολλή θεολογία,
Όσο να ρθ' η γνώση πάει το γρόσι,
Όπου είχα το θάρρο κύρα το χάρο,
Βάι βάι η κακομοίρα έσκασα και δε σε πήρα,
Η παππαδιά εχόρευε κι ο παππάς τσουρκοτουμπάνιζε,
Εγώ βαστώ την κλείδα μου και πίσ' εκά' η καλύβα μου,
Για τα ξένα μη σε μέλει,
Αντί να σκούζη το γαϊδούρι σκούζει το σαμάρι,
Θηλυκό γεννιέται,
Εμπρός πύρα κι' από πίσω κλαδευτήρα,
Στές οχτώ του μακαρίτη άλλος μπαίνει μέσ' στό σπίτι,
Όπου πεινα θωρεί ψωμιά κι όπου διψά πηγάδια (βλέπει),
Αλλού τηράς κι άλλον βλέπεις,
Στα παλιά λημέρια,
Ή βάρει να σε σκιάζονται ή κλαίγε να σε λυπαούνται,
Ερωτήσαν την καμήλα τι της αρέσει ο ανήφορος ή ο κατήφορος κι' απεκρίθη το σάδι,
"Όποιος κρύβεται πισ' απ' το δάχτυλό του, τον βλεπ' ο κόσμος όλος",
Εκ των οικείων τα βέλη,
Και το σπαθί 'ς το χέρι και ο πόλεμος δικός του,
Καλά ναι τα ρουπανόφυλλα με το ροΐ το λάδι,
"Βάστα, χρυσή μου βουρλιά",
Τί να κάνει ο κρύος του παγωμένου,
"Ό,τι κλάσουν τρία χωριά κι' ό,τι πω θα γίνη",
"Δευτέρα τη γιορτάζω την Τρίτη τη μεθώ, Τετάρτη πέφτω χάμω την Πέφτη ξεμεθώ, Παρασκευή Σαββάτο στρώνομαι στη δουλειά την Κυριακή πρωϊ πάω στην εκκλησιά τα χέρια σταυρωμένα μπροστά στην Παναγιά",
Ένα αχ δεν είναι τίποτε (ή τι να σου κάνει) παντρέψου να 'χης πολλά,
Στ'ανδρός τ' ανασκουμπώματα καυχιέται η γυναίκα,
Ο ακριβός κι ο ψεύτης ταιριάζουν γλήγορα,
Βόηθα η πλήθα κι ο ρογός γίνομαι και γω γοργός,
Τα κουφά καρύδια δεν τρώγει,
"Να ΄καναν οι σκούρκοι μέλι, είχε δυο άσπρα το κροντήρι",
Εμπάτε σκύλοι ν΄ αλέσετε κι αλεστικό μη δίδετε,
Μάτια κλειστά και κώλος ανοιχτός,
Νάζι πόχει το καμάρι κι όποιος θέλ ας καμαρώνη,
Ούτε γιότα δεν του έμεινε,
Έγινε μια σάρξ,
Λειτουργιά μου στην κοιλιά μου,
Και τ' άντερα που 'ναι στην κοιλιά κι εκείνα νοχλημένα είναι,
Σαν ποιός καλοδανείζεται; Όποιος καλοπλερώνει,
Ο μουφλούζης κι ο ταμαχκιάρης εύκολα τα φτιάνουν,
Δεν είν' καλό δεντρί,
"Πόσο σ' αγαπώ, παιδί μου; Έτσι θ' αγαπώ κι εγώ τα παιδιά μου",
Δεν πίν' η κατσούλα ξείδι (ζουμί),
Περισσότερα είναι τα βάσανά σου παρά τα καζάντια σου,
Τοι πάθη μου να μην τα πάθη μηδέ Τούρκος,
Ευτή που γγίζεις Οβριό το μάτι του φωνάζει,
Έξω γλέντι μέσα φαρμακίλες,
Τον πήρε σαν του βοριά τα σύγνεφα,
Όποιος ανάφει το κερί ανάφει και τα γένεια του,
Καλά ναι τα πουρναρόφυλλα με το ροΐ το λάδι,
Όπου καλογεννήση φκιάνεται ξαναγεννιέται κι' όπου κακογεννήση χαλιέται,
Ζώντος κύρη κούκ παιδί,
"Μια φορά ήμουν άγγελος τώρα αγγελίζουν άλλοι, στη βρύση ποπινα νερό τώρα πίνουν άλλοι",
Έχετε γειά κι αγλύστρισα,
Όπου λωλή και παλαβή έχει τη μέρα την καλή,
"Πολλές φορές πάει η κολοκύθα για νερό, αλλά πάει στερνά και δε γυρίζει",
Οι δρύμες του Αυγούστου στα ρούχα και του Μαρτιού στα ξύλα,
Όπ' έχ' ξένο έχει προδότη,
Νά λείψουν τά πιπέρια σου νά ιδώ τή μαγεριά σου,
Τ' ακόνι δεν παίρνει φουρνέλο,
Καλά ναι τα πλατανόφυλλα με το ροΐ το λάδι,
Ξύλα για κάρβουνα,
Δίνει και παίρνει,
Προκομμένη και γλήγορη σαν το κατωλίθι του μύλου,
Ο κακός σκύλος ψόφο δεν έχει,
Πουλί είναι κι' ας λαλεί,
Κι εκείνο δικό μας και στο μερδικό μας,
Άπό το κακό σ' άλλο χειρότερο,
Όποιος κακοθερίζει και τραγουδεί κακό χειμώνα θα χει,
Παστρική η κυρά παπαδιά τα παπουτσια (το τσαρούχι) στην πατσιά,
Του κολοβού σκυλιού κι' αυτού νουρά του βάνει,
Τες ασχημάδες σου δε βγάνεις τοίς παράδες σου τσις χάνεις,
Στον ανήφορο βοηθώντας στον κατήφορο κρατώντας,
Πόχει παιδιά και τσάτσαλα στη γειτονιά μη βγαίνει,
Καρφί δεν μου καίγεται,
Μη τα βάζης στην καρδιά βόλτα στην ποδιά,
Ο αγουροφάγος έφαγε κι ο ωρμοφάγος έμεινε,
"Είδες; φίλε μου, το Γιάννη; Ούτε είδα, ούτ' εφάνη",
Και τούτο ποιήσαι και κείνο μη αφιέναι,
Το παιδί πριν γεννηθή δεν του βγάζουν τ' όνομα,
Κι ο λόγος εις την χρείαν θεραπεύει την κοιλίαν,
Έχει το να πόδι ςτο λάκκο,
Από πίσω τον καθ' ένας και το βασιλιά βρίζει,
Ο κώλος μας βρακί δεν έχει και το κεφάλι μας λουλούδια θέλει,
Μπροστά σου κάνει το φίλο κι από πίσω το σκύλο,
Σφάζει ο γείτονας το βόϊδι κράταγε και συ το πόδι,
Το φίδι το θωρείς και τον συρμό γυρεύεις;,
"Παπά, κάη το σπίτι. Εγώ βαστώ την κλείδα μου",
Ο τάδες ήρθε στο κουλούρι,
Δεν έχω παράδες να πάρω μια σακκούλα να βάζω τους παράδες,
Του κόψαν το νερό από τα πράσσα,
Άλλοτε πάσχα άλλοτε χάσκα,
Γάμος άκλαυτος και λύπη αγέλαστη,
Το κακό μήτε να γίνεται μήτε ν' ακούγεται,
Στων αμαρτωλών τη χώρα Μαντσουράνης πίσκοπος,
Το μάθημα και το ξεμάθημα κοντά κοντά ένι,
"Όπ' ακαμάτρας ριζικό και όπου μουμούρα μοίρα, κι' όπου κοπέλα φρόνιμη καθάρια κακομοίρα",
Το δέντρο γνωρίζεται από τον καρπό του κι ο άνθρωπος από τα έργα του,
Γνέματα ανακατωμένα πανικά κακοφασμένα,
Μαύρο φειδάκι δ΄έφαγε κι ας είναι και αδελφός,
Δεν έχει καιρό να φάη,
Ο ιδρωπικός όσο πίνει τόσο θέλει,
Το πολύ το φούσκωμα σπάνει τ' ασκί,
"Αν δε δώσης, δεν αδειάζης",
Λαγού ζωή περνά,
Ο λύκος ή ραγ' ή δε ράγ απ' όλους κυνηγεέται,
Τον επάτησε στον κάλω,
Η παντρειά δεν είναι βιολί είναι πίκρα και χαζή,
Σαν πεθάνη το θυμιατό του ξεδιαλύνει,
Κι η τρίχα έχει κι' αυτή τον ήσκιο της,
Εμείς εδιακονεύαμε και σακκούλα κεντητή γυρεύαμε,
Από την πείνα την πολλή του φάν' ότ' ήταν μέλι,
Μεγάλη μπουκιά να φας μεγάλο λόγο να μη ειπής,
Δεν σώνει να βγή από τ' αυγό και θέλει να φιλήση,
Έχει της γαρίδας το μάτι,
Θα φας νύφη μου με χασμένο κουτάλι,
Σαν η καλαμιά στον κάμπο,
Από μπονώρα ςτή δουλειά κι' από νωρίς ςτό σπίτι,
Είναι από σόϊ κι απ' αράδα κι από του μπέη τη φοράδα,
Ο βασιλιάς και το μουλάρι πίστι δεν έχουν,
Αλάφια ζωντανά κι αρκούδια μερωμένα,
Πήγε να του βγάλει τσίμπλα και του βγαλε το μάτι,
Η αυγή θε να δείξη τίνος μάνα θε να λείψη,
Απ' αγαπά τήν ανεπά και τη δροσοπεζούλα πολλά καλά στερεύγεται η έρημή του γούλα,
Τοσούτον χρόνον μεθ' υμών και ουκ έγνωκας με Φίλιππε;,
Εις το στόμα του φελλού περισσεύει το γέλιο,
"Αλλού με δέρνει, μάστορα, κι' αλλού με σφαζ' ο πόνος",
Έμαθές το και το κάνεις και το κακοξεχάνεις,
Άναψε το λύχνο να φουρίσουμε καμμιά δεκαριά,
Μια μάννα που γεννοβολά καταπονάει το χάρο,
Καλά ναι τα γιαπρακόφυλλα με το ροΐ το λάδι,
Ο νέος από τη λεβεντιά ψοφάει της κρυάδας,
"Άμα παντρέψης το γιο σου, τον κάνεις γείτονα",
Ο Θεός να σε φυλάη από μουλωχτό ποτάμι,
Κοιμάται με τες κότες,
Κάλλια αχινιό στον κόρφο σου παρ' Αθηνιό στον τόπο σου,
Τα 'βρε κουμπούρι,
Τήν έχει βήτα ή τόν έχουμε βήτα,
Εμπρός γκρεμός καί πίσω πηγάδι,
Σου φταίει ο γάϊδαρος και δέρνεις το σαμάρι,
Βάστα κατακαημένη μου καρδιά,
Πότ' έγινε η κολοκύθα πότ' εστράβωσ' η ουρά της;,
Έπεσε το σφουγγάρι και τον επλάκωσε,
Όπου φτύσουνε πολλοί εκεί γίνεται λίμνη,
"Ένας πατέρας θρέφει ένδέκα παιδιά, ένδέκα παιδιά δεν τρέφουν ένα πατέρα",
Το ένα κακό φέρνει άλλο,
Τον την ίκαμε φιλιάτικα,
Κλέφτην έπιασα. Δεν έρχεται. - Άφσι τον. - Δεν μ' αφήνει,
Του εβάρεσε στο κόκκαλο,
Εγώ μιλώ και συ καταλάβαινε,
Το Σαββάτο μη κόψης και το Σαββάτο μη τελειώσης,
Έχει μπαμπούρους μέσα του,
Έχει μπουγάδα,
Η κόττα που κανε το μεγάλο αυγό ψόφησε,
Κι από τον άνδρα λόγια κι από τον καύκο μοιρολόγια,
"Όποιος ερωτά δε χάνει, αλλά μαθαίνει",
Πότ' έγινε το κολοκύθι πότ' εστράβωσ' η ουρά του;,
Νέος είναι; Παίζει. Γέρος είναι; Μέσα την έχει,
Το καλό είναι καλό μα είν' από κάτω απ' τον αφαλό,
"Έλεγε η Μαριά του Αφράτη όταν έχης πάντα κράτει, όντας έχης τες πέντε φέτες δο μου και τες πέντε φέτες",
Κομμένο το γελέκι,
Θαυμαστά τα έργα σου,
Το βουβάλι κι αν ξεπέση ενού βοϊδιού μπαχά έχει,
Έκαμε και το κακό χωράφι στάρι,
Ο καιρός δεν είναι όμοιος,
Ο αποθαμένος φθόνο δε φοβούται,
Ένας το κόβει και άλλος το ράβει,
Ελάτε γνωστικοί να φάτε του ζουρλού τα λεφτά,
Για το μούργο μαγειρεύομε τ' αρνάκι 'ςτο τσουκάλι,
Η γλυκειά γλώσσα βγάνει το φείδι από την τρύπα,
Εμπήκ' ο σκύλος στ' άντερα κ' η αλεπου στα γίδια,
Σκύλος πεινασμένος φούρνο χαλάει,
Λάδι βρέχει στην Κορώνη κι όποιος θέλει το μαζώνει,
Όπου κι' αν πάη το στάρι στο μύλο θ' αλεστή,
Ένα παιδί καλό παιδί φθάνει στον νοικοκύρη,
Θα τον κάμω να γυρίσ' η σκούφια του γύρα,
"Κώλο δέρνω, κώλ' αφήνω, πάλι κωλαρέντζος είναι",
"Στο σπασμένο σακκί θέλεις βάλε, θέλεις μη",
Βάλ' του λάδι στον αφαλό !,
Από την πείνα την πολλή του φαν ότι ήταν μέλι,
Δεν τρώει άχυρα,
Που 'ναβρ' ο κλέφτης του παρά κι ο χαραμής το γρόσι,
Καϊμός μεγάλος και λάβρα φοβερή νά 'χη τη αγάπη και να μη την θωρεί,
Κοίτα με να σε κοιτώ να περνούμε τον καιρό,
Χόρεψε αράπη. Δεν μπορώ αφέντη,
Η στάμνα που παλιώνει δύσκολα ραΐζεται,
Κατά μάννα κατά κύρη έκαναν και γιο Ζαφείρη,
Δείχνει του λαγού σκαρτούνι,
"Τον αράπη κι αν λευκάνης, το νεκρό κι αν γαργαλάς τον κώλο κι αν λιβανίζης, τα μεροκάματα χαλάς",
"Τούτο μοίρα μου, εκείνο μερδικό μου",
Τι να κάν' η άχαρη πουν η καρπούζα  (ή πούντζα) ζάχαρι,
Άλλοι σπέρνουν και θερίζουν κι άλλοι τρων και μαγαρίζουν,
"Από τα μάτια δεν παίρνεις προκοπή, απ' τα κάρφαλα τι περιμένεις;",
Οπώχει πλατιά καρδιά ποτέ του δε γερνάει,
Τα κακά της κοιλιάς το κρασί τα βγάζει,
Αν περνας και αν δεν περνας τα παπουτσια σου χαλνας,
Σαν αστραπή το χέρι του κ' του ξένου το σακκούλι,
Εδάγκασε το καρφί από την πείνα,
Επέσανε με το ρίμμα (στο τάδε πράμα),
Κοντά 'ς τη γνώση,
Νύστα από τη Μελιγού,
Δυό κεφάλια σ' ένα φέσι δεν χωρούνε,
Ένας γέρος εκατό χρονών κουνάει ένα γέρο διακοσίων χρονών,
Αντί να της βάλουν κέρατα της κόψαν και τ' αυτιά,
"Θεέ μου, κάμε με μουρλό να με φοβάτ' ο κόσμος",
Αν όλοι φορούν κόκκινα ποιος θα φυλάη τ' άλογα;,
Έχ ο σκύλος βρακί;,
Η κοιλιά παλαθύρα δεν έχει,
Μοναχός σου χόρευε και όσο θέλεις πήδα,
Η κακοτύχια αγουρογερνάει τον άνθρωπο,
Όποιος ξέρει γράμματα έχει τέσσερα μάτια,
"Πριν ιδούμε το ποτάμι, ανασκουμπουθήκαμ'",
"Ό,τι μου θέλεις νάχης κι ένα παραπάνω",
Θέλεις θέλω,
Ο μεθυσμένος ντροπή δεν έχει,
Τον έχει στο κακό κατάστιχο,
Σαν το σκατόξυλο,
Λάδι βρέχει,
Καλύτερα μονάχη παρά κακοσυντρόφιαστη,
"Γαρούφω, Γαρούφω βγάλε το ξένο ρούχο",
Όποιος δε ξετάζει το κουκί του μήτε το φλουρί του,
"Κολοκύθια τούμπανα, αρβανίτικος χορός",
Μού 'γινες γομάρι σήμερα,
Να ορίσης και να σε δείρουν,
Σα σ' αρέσ' η φάβα σπείρε κουκιά να χης,
Κάθε πρόμιο (πρώϊμο) πρόθυμο,
Επήγε αχλάδι κι εγύρισε αχλάειδο (γκόρτσο),
Την αλήθεια κι ο Θεός τη θέλει,
Ο Θεός να σε φυλάη από καινούργιο πραματευτή κι από παλιά πουτάνα,
"Πότε πίττα με χυλό, πότε πίττα μοναχή",
Ποιος έκαμε το φονικό; Εκείνος πούφερε το μαντάτο,
Κόψ το δέντρο,
Εκάη η γριά στο κουρκούτι φυσάει και το γιαγούρτι,
Όλοι φροντίζουν για τ΄ άρματα κι΄ ο Γιάννης για την πίτα,
Όσο να πης πέντε,
Πάτσις μέσ'ν πίτα,
"Κλαίν' οι χήρις, κλαίν κι οι παντριμένις, κλαίν κι ικείνις πο 'χουν 'που δυο άντρις",
"Βρήκα πεθερά – σκύλα με νουρά, βρήκα πεθερό – βοϊδοκέφαλο, βρήκ΄ αντράδερφα – κοντοήμερα",
"Άναψι του λυχναρι σου, προυτου σι φτάσ' η νύχτα",
Εκεί π' θα πης Κακογιάννη 'πε Καλογιάννη,
Τράνιψι λόγο επί κόντνι το σαμάρ΄,
Έίναι γενημένος την ημέρα της Πασκαλιάς,
"Όσου φτάνει του πάπλωμα, απλώσ' τα ποδάρια σου",
Έπεσε το λάδι μας μέσα στο τηγάνι μας,
Περιπάτει με μέτρα νάσαι γερός σαν τη πέτρα,
"Ρώτα τον παθό, μη ρωταί το γιατρό",
Σ' αυτό του πλιβρό να κοιμ'θής,
Το μεγάλο ψάρι τρώγει το μικρότερο,
Έβγα όξου κι πομπέψου έμπα μέσα κι πορεύσου,
"Στα είκουσι δε γνώστιψις, στα τριάντα δε καζάντσις, ούλα χαμένα τά χεις",
"Πίσκοπος του Δαμαλά, ούτε γνώσ΄ ούτε μυαλά τα μικρά δεν σ΄ άρεζαν τα τρανά τα γύρευες. Τράβα το χειρόμυλον κούνα και το διάβολον",
Ή αβγα ή πουλιά,
Τον λύκο τον κούρευαν κι' αυτός έλεγεν αφσέμετε παν τα πρόβατα,
Μη μι λες παππασπασμένι να μη σι πω ξικοιλιασμένι,
Το μήλο που θα πέση αποκάτ' απ' τη μηλιά,
Άλλος φτεύει και κλαδεύει άλλος πίνει και χορεύει,
Του φύγι ένας βλάχος,
Μαύρις πέτρις θα σι φέρ',
Άντρας πέρπιρας γαμπρός της αχελώνας,
Πέρσι έκλασε κι φέτος βρώμσε,
Μη φυτρών'ς όπ' δε σι σπέρνουν,
Όποιους δε φχαριστειέται μι τ΄ ολίγου ούτι με το πολύ,
Σαν της αράπισσας τα μαλλιά,
Έπεσαν οι μύτες τ',
Πολυτεχνίτης και λιγοψώμης,
Έχει τη γλώσσα σαν το σκατόφκυαρο,
"Καληνύχτα εμένα και τον άντρα μ', τον πεθερό μ' και ν πεθερά μ' καλή ξεπατωμάρα",
Ημείς ιλούμι τς δώδικα κ' ημάς οι δικαπέντι,
"Σιγανα περπάτα, νύφη. Να περπατήσω σιγανα, μοι λένε καμαρώνω, να περπατήσω γλήρορα, μοι λεν άντρα γυρεύω",
Ν μη πετάξ' το πλι πο το κλουβί δεν ξαναρχεται,
"Πάππου, σκαπέτησαν τα γίδια",
Έπαθα τσ' ελιάς,
Σαν η σκρόφα μι του γκδούν',
Πέτρα που κατρακυλά δεν πιάνει χόρτον,
Σ του κουφού την πόρτα όσο θέλεις κτύπα,
Περπατάει με το στάρ' 'ς 'ν' ποδιά,
Άντρας στην κόχη κι κόπανος στην τσέργα,
"Πότε φύλλα, πότε μήλα",
"Εγώ τον άγιο που δεν με βοηθάει, δεν τον ανάβω κιρί",
Βάλ' το λύκο να φυλάξ' τα πρόβατα,
"Έχουν ο κόσμος πρόβατα, έχομε κ΄ ημείς κουδούνια",
Τί ρίχν' ο ουρανός κι δεν το δεχετ' η γης;,
Ποιος έχ' μέλι 'ς τα δάκτυλα και δεν τ' αγλείφει,
"Δέκα μήνις, πέντι κόμποι",
Προβάτου σχήμα και λύκου γνώμη,
Ο λύκος ράγ' δε φάγη ντου τον φωνάζουν,
Λίγο κάθσε καί πολύ να ιδής,
Όξου απ' του χουρό πουλλά τραγούδια λέν,
"Τάθιλιν η μάνα σ', τάθιλις κ' ισύ",
Πίσου τα 'χ' του γρούν',
"Του λύκου τουν ικούριβαν κι αυτός έλιγιν παν, σκαπέτσαν τα πρόβατα",
Έκοψε λάσπη,
Σώνει και καλά,
Όποιος δεν θέλ' ν' ακούση βαρδάρια δεν πηγαίν' στον μύλον,
"Έμ γαλάτα, έμ μαλάτα έμ ταρνί θηλ' κό",
"Δός μου, κυρά μ', τον άνδρα σου και συ κράτει τον κόπανον",
Πήρε το κατήφορο,
"Αυτά, κυρά μ', τα Φώτα, αυτά κι 'μ πασχαλέα",
"Δεν φτάν' καένας που σκοντάφτ', μον' του λεν κι τύφλα",
Σα τουν κόρακα με του χαμπέρι,
"Έμου πίτα έμου φλασκί, θέλεις και κόττα ψητή;",
Ο λύκος γιατί έχει το λαιμό χόντρο; - Γιατί κυττάει τη δουλειά τον μονάχος,
Σιμά 'πό το βασιλικό είν' η γλάστρα το νερό,
Ο κατήφορος θα φέρη και ανήφορον,
Δε σε μύρωσιν καλά ο παπάς που σε βάφτ'σιν,
Ας με πουν Κυρά Μπεΐνα κ' ας πεθάνω 'πο την πείνα,
"Πέθανε να σ' αγαπώ, ζήσε να σ' έχ' αμάχη",
"Πουλλές φουρές πά' η στάμνα ια νιρό, μα μια φουρά τσακίζιτι",
Σφίχ'καν τα λουργιά,
Πάει πέταξε το πλι πο το κλουβί δεν ξαναγυρίζει,
Καλημέρα λάλου. Κουκιά σπέρνω,
Το λσάρικο το σκλί τρώει πρώτα τον αγά τ',
Τα πουλλά λόγια είναι φτώχεια,
Τραυήτε μι κι ας κλαίου πάρτι κι το καζανούδι μ',
Βάζει νερό στο κρασί,
Λείπ' ο Μάρτης απ' τ' Σαρακουστή;,
Δεν ονομάζει Θεό,
Τα δόντια σ' ακόμα μυρίζ' ν γάλα,
(Σ' αγαπώ) όσο ο ήλιος 'ν' πάχν',
Πίσκοπος κρεμάμενος έγραφε κ' απόγραφεν,
Χωρίς φωτιά δε βγαίνει καπνός,
Ο πνιγμένος κι από τ' φίδ' πιάνεται,
"Ποιός είδε θυληκόν παπάν, διάκον εγγαστρωμένον; Ποιός είδε κ' έναν Γούμενον εννιά μήνες λεχώνα",
Ο Μάρτης το πρωί το ζοφάει κι ως το βράδυ το βρωμάει,
Ού Θεός ουρφανόν κάμν' άμοιρουν δεν κάμν',
Τ' ακριβού του τίπουτα 'ς τ' χαρουκόπ' τα χέρια,
Οπ' πάη το βρωμάει,
Το πρόβατον όπου βόσκει θα ψοφήση,
"Βρύσι παλαιά και έστυζε, πάλι νερό θα τρέξη",
Εξήντα χρόνια γκεμιτζής και πάλι τίρο – μόλο,
Αρχοντιά κράζομε και γύφτικα περνούμε,
Κτσαίν' η καμήλα που τ'αυτί,
Τάδε σκούρα,
"Μάτια π' δε φαίνουντι, γλήγορ' αστοχιούνται",
Κάθε πετεινός στην κοπριά του λαλεί,
Σαν ου διάουλους τα φώτα,
Χίλια μίλια ένας τάκος ένα μίλι χίλιοι τάκοι,
Βόδαρος το βόδαρο,
Μόνον η γλώσσα έμεινε στεγνή,
"Βροχή περασμένη, κάπα δεν χρειάζεται",
Όποιους έχ' 'μ πουλλακίθα τρώει ταυγό κι όποιους έχ' τουν πέτνου τρώει 'ν κουτσλεά,
Καλημέρα πάππου. Κουκιά σπέρνω,
Το αμπαλωμένο καινούργιο δεν γίνεται,
Αναφερις του σκύλου πάρε και το ξύλο,
"Πάρε με, όταν μ' εύρης, να μ' έχης όταν με ζητής",
"Έλα, μπαμπά, να σι δείξου που το 'χ' η μάννα μου",
"Εγώ 'μουν τ' αρχοντόπουλα, νεψιός τς κυρ Νικουλάκη, και τώρα πως κατάντησα σε γύφτικο κρεββάτι",
Έχει νουν σιαρνκόν,
Έρημο βιό το τρωγ ο  λύκος,
Άλλος κούκος λαλεί,
"Του Ρώσου πρέπει τάλογον, του Φράγκου το καράβιν, του Άραβος η κάμηλος, του τουρκου ταγαλίκιν",
Άγδις κανάτις πουρδές γιμάτις,
"Πέτρα που κουρδοκυλάει, μουχόν δεν πιάν'",
"Άσπρους κώλους, μαύρους κώλους στούμ πόρο φαίνιτι",
Τον εχθρό σου να μη δής,
Γκυλ γκυλ ο τέντσουρος βρήκε το καπάκι,
Λάδ' βρέχ' κάστανα χιονίζει,
"Στην ξέρα, καλό κι του χαλάζ'",
Όποιος έχει τα γένεια απ έχη και τα χτένια,
"Όταν γηράση ο λύκος, τον περιπαίζουν τα σκυλιά",
Πέτρα που κυλάει από τόπο σε τόπο δεν κάνει χόρτο,
Ο καλός ο νοικοκύρης τον χειμώνα χαίρεται,
"Δούλεψ' το καλοκαίρι, να χ΄ς το χειμώνα",
Σκλι π' αλχτάει δε δαγκών',
Αυτός βγάζ' απ' τη μύγ' αξούγκ',
Μοναχοχούλιαρος,
Ο βρικόλακας από το σόγι του αρχινάει,
Ο τσουκαλάς όπου θέλει ακολνά το χερούλι,
"Πότ' ου Γιάννης άχιστους, κι τώρα τσαρλισμένους",
Όποιος έχει τα γένεια ας έχη και τα χτένια,
"Τη βροχή 'ς τη χαρά την γύρευαν, 'ς το παζάρι πήγε",
Βρήκ' ο τυφλός κατήφορο,
Απιρασμέν' βρουχή ταρλαγάν' δε χράζιτι,
"Ου παπάς απ' τημ Πόλη, η παπαδιά να μουλουγάη",
"Περπάτα με μέτρο, νάσαι γερός σαν την πέτρα",
Δεν τον έβαλαν τζιάρ' ς 'ν καρδιά,
Όποιος δεν ξέρει να βοηθάη μένει κατάμονος και δυστυχάει,
Μερών δουλειά χρονών ντροπή,
"Χώσε το χέρι σου σε σακκί γεμάτο διαβόλους. Όποιον να πιάσης, διάβολον θα πιάσης",
Του κάνει τα γλυκά τα μάτια,
"Ήλθε στη γειτονιά μας, καρτέρ' και στν αφεντιά μας",
Έχς Θον; Έχς κι παραθόν,
Ο λαηνάς οπ' θέλ' κολνάει το χερούλ',
Η καρακάξα από παλούκ' σε παλούκ' έβγαλε τα μάτια τς,
Πήραν του υούφτου να τουν κάμν βασιλεάν κι αυτός ποιο δέντρον κάμν΄ ια κάρβνα,
Βάλι κι ψίχα πιδιμόν,
Ακριβά είναι τα σφουγγάτα τ' α Γεώργ',
Ώρσαν ν' αλπού κ' η αλπού τν ουρά τς,
Το ρίχν' στο μεθύσι,
Θα του ανάψω ένα κερί,
Τον λύκον τον εκούρευαν καυτός ταρνί ζητούσεν,
"Όσου κάθισι, καλόϊρι, τόσου μαλλιάζ΄ ουκώλους σ΄",
Όποιος αψχάει να δώση τη γάτα χωμί του τρών τα ποντίκια,
"Όσον σιδιρώνιτι του βαέν', τόσον ιρότιρον ένιτι",
Δεν σ' έκοψεν η μπάμπου καλά τον νουφαλό,
Το μήλο ποκάτ΄ απ΄ τη μηλιά θα πέση,
Ο ακριβός δίδει περισσότερα κι΄ ο οκνός πάγει μακρύτερα,
Μη μι σπάηζ μι του βιλόν' να μη σι σπάσου μι τ' σακκουρράφα,
"Ακόμα δεν τον είδαμε, Γιάνν' τον βγάλαμε",
"Αλλού με τρίβεις, γέροντα, κι' αλλού με σφαζ' ο πόνος",
"Βάρτι, βούρτσις κι λανάρια, έφτασι του Μέγα – Πάσχα",
Ποτέ στον αιώνα,
"Πάρε με. Όταν μ' ευρής, να μ' έχης όταν με ζητής",
Ρίξι μπάμπου στου καυκί να ιουμίση του σακκί,
Τηράτι ιμένα στου κιφάλ' κι τουν άντρα μ' στου βρακί,
Μιά ελαιά στό σκουτέλι,
Του γείτονά μας το φαγί είναι γλυκύτερο,
Μη φυτρώνεις εκεί που δεν σε σπέρνουν,
Με τον ιδκό σ' φάγ' κι πι αλισβερίσ' μη κάμς,
"Γιάννην είχα, Γιάννην πήρα. Τι 'χα και τον άλλαζα!",
Αγαπάει ο Θεός τον κλέφτη άμα αγαπάει και το νοικοκύρη,
Με πολεουμάει με δκές μ' πέτρες,
Η δυστυχία λ'γάειν τον άνθρωπον,
"Θα προυκόψη, όταν διω τη ράχη μου",
Πήρ' ου γκαβός κατήφουρουν,
Ο κόσμος τό'χει τούμπανον κ' ημείς κρυφό καμάρι,
Αυτές οι πίτες οι παχειές κι' αυτές οι λιπαρίες θα κάμουν τον αφέντη μας να χέσει τις αρίδες,
Τον έχει καβαλλικέψ' ο διάολος,
Όποιος έφαγε το μέλ' έχ' τη μύγα 'ςτο σκιάδι,
"Τρείς, τρείς ειννιά κι ας μας αδειάση τη γωνιά!",
Ναχωμε καλό ρώτημα,
"Κόρη π' αγαπούσι του χουρό, ηύρι άντρα ζουρνανζή",
"Ευχή γονιού αγόραζι, κι στου βουνό πιρπάτα",
"Π' αγάλια, δε θ' αποκρέψ'",
Πήγεν η καρδιά τ' τον τόπο τς,
Μου το χτύπησε στα μούτρα,
Κόφτει πράσο (με το σπαθί),
Άκουι κι τουν άλλουν μα κι απ τν ιδέα σ να μη βγαίνεις,
"Πολλά καλά στον έρημο, και πέτρες και ξύλα",
Άναψε' ς το Διάβολο κερί να σε κάμη να χεσθής,
Πότε σκάν' ο διάβολος; Όταν κλάν' ο αποθαμένος,
"Μπρουστά γκριμνός, κί πίσου ρέμα",
Δέν γνωρίζει τό σκυλί τόν αγά του,
Η γυναίκα είναι ραμμένο σακκί,
"Κινούργιο κόσκινου, που να σι κριμάσου; κι παλιό, που να σι πιτάξου;",
"Αν ρίξ' ου λύκους του μαλλί, τότι αλλάζι κι αυτός γνώμ'",
"Σ εκείνον όπου καρτερεί, η ώρα χρόνος φαίνεται",
Πού χίλιες καρυές καρύδια,
Τον ξένου δός του ξενητειά και ξένα μη τον δίδης,
Πότε είπε ψέματα κι τώρα θα πή αλήθεια,
"Τον λύκο τον εκούρευαν, καυτός το νούτ' 'ς τα πρόβατα",
Αιρετικοί,
Ξύσ' κι κακουπόριτζι κι τ' Πασχαλιά αλλάειζς,
Κατά τουν κιρό κι του χουρό,
"Ο παράς όταν υπάρχη, κάνει θάματα πολλά. Τα στραβά τα κάνει ίσια και τα άτοπα καλά!",
Τον άνθρωπον λέγουν μια φορά και το γομάρι δέκα,
Απλώνει το ζωνάρι του για καυγά,
Μαθ'μένα τα β'να 'που χιόνια,
Ξεύρει ο Γιάννης τ΄ έχει ΄ς τον τροβά του,
Με την ψιλή τη σίτα κοσκινισμένος,
Αϊλλοί τουν παντιχούμιν 'ς της γειτουνεάς του δείπνου,
"Ποιός έχασε την εντροπή, να την εύρη αυτός;",
Τα γραμμένα άγραφα δε γίνουντι,
Είνι Βοὐλγαρους ανάλατους και κρομιδοκέφαλους,
Αλαμανίζω,
"Άφησε που ψόφησε το γομάρι μας, τι τζαπ δεν, εις τον κόσμον;",
Καλά ν' τα λόγια σ' γέροντα μα δεν σ' ακού' η χώρα,
Του έδειξα τα δόντια,
Κι' αυτές με τ' αρνιά κουρεύεσαι,
Ο άνθρωπος που το κεφάλ' τ φκιάνεται κι από το κεφάλ' τ χαλνέται,
"Όπ' έχ' πιδί κι τσάνταλα, στο γάμο τί γυρεύει;",
"Μαλλιά μακριά, κι κουντή γνώσ'",
"Μάθε γέρο γράμματα, μάθε και σκοντάματα",
"Άλλος την πορδή, κι' άλλος τον παρά",
Ή βάρτο τ' αρχοντόπουλο ή μην το παταρίζεις,
"Είχαμι βαριά τη γριά, φάσκιουσιν κι ου γέροντας",
"Κουλουκυθιά μου, πότε έγινες κι μάκρυν' ο λαιμός σου",
Τόρριξε στις γυναίκες,
Κτσαίν' η καμήλα 'που του φτί,
Ο θυμιατός τα ξεδιαλέγει,
Όλ' έκλαιγαν τον πόνο τους κ' ο μυλωνάς τ' αυλάκι,
"Οι πολλοί, όταν φτύνουν 'ς ένα μέρος, κάμνουν ποταμό",
"Αν δεν θολώση το νερό, δεν ξεκαθαρίζει",
"Χαλάλι σου, σαν το γάλα της μάννας μου",
"Έξω Παναγία, μέσα Παναγία",
Αλλού 'ν' τόνειρο κι' αλλού τα θαύμα,
Δεν τον παίρνω 'ς τον λαιμόν μου,
Ο βρουκόλακας που το σόι του αρχινάει,
Πέτρα που γκυλναει μούσκαρα δεν πιάν,
Π' αμπρουστά κυρά Μαρούδα κι απ' ουπίσ' κουσκινόκουλ',
Σ' είπαμι κυρά και κλάνης αμά μη το παρακάμης,
"Ό,τ βρέξ' ας κατεβάσ'",
Κάθιτ' η μπουμπή 'ς του δρόμου κι ιλάει τουν κόσμουν όλου,
Κυλίσθηκε ο τέντσερης βρήκε το καπάκι,
"Η φαρμακερή η μαχαιριά γιατρεύιτι, όχι κι ου φαρμακερός ου λόγους",
"Γάιδαρος δεμένος, Αγάς θερακθεμένος",
Ένα κιφάλ' π' δε συλλουιάζ' 'ς του μπουστάν' φυτρών',
Γεόμωσε το ποτήρι,
΄Εφαγ' ο Ζαρίφ'ς αυγά κι' αναλείφ'κε ως τ' αυτιά,
Έχεις οκνόν; Τι τον θέλεις τον προφήτην,
Απ' του ίδγιου ξύλου κι' φουρνόφκιαρου κι  σκατόφκιαρου,
Πέσε πίτα να σί φάου,
"Πως παν, κόρακα, τα πουλιά σου; Όσο παν μαυρίζουν",
Το αψύ το ξύδι χαλνάει το βαρέλι,
Ποιανού τσέργα κάηκιν!,
Όποιος έχει σχέση με τον καμηλάρη ας ψηλώσει την πόρτα του,
"Πρώτου μάζομα, δέυτιρου ζιτίναγμα",
Ξέρει η μάννα μ' να φκειάση και πίτα και τούρτα αλλά δεν έχ' αλεύρι,
Καβάλλα τόκαμες το παζάρι,
Ξύν΄ κ΄λιες κι΄ φκιάν΄ μαχραμάδις,
Ας μι 'πουν Κυρά Μπιΐνα κι ας πιθάνου 'που την πείνα,
Μικρά παιδιά μικρός καϊμός,
Η Μοίρα όντας με μοίριασεν ήταν συννεφιά,
Βοή λαού φωνή Θεού,
"Νε σκόρδα έφαγα, νε σκορδιές μυρίζω",
Πέτνος μας κόπκεν στο κεφάλ',
"Μάρτη, Μάρτη ορθοχέστη και παλουκοκαύτη",
Παίζ ο λύκος με τ' αρνιά,
"Όχ' γριά, μόν ζαρουμέν!",
Μ' ακόλλησεν σαν βεντούζα,
Θα μι κόψ' του νιρό π' τα πράσσα,
Μάτια που δεν γλέπονται γλήγορα λησμονιώνται,
Μέγας ει πλάτανε και θαυμαστά τα κουκουρέτζια σου,
"Του τι πέρασα του ξέρω, δε ξέρω τι μου γράφ'",
"Αν δεν πέσ' τόνα κεφάλι, δε σηκώνεται το άλλο",
Και το θκό σ' το τσκάλ' να βράζ' κι το θκό μ' να μη σιγάη,
Ημείς ψωμί δεν είχαμε πούρτσιο χορεύαμε,
Παστρικιά Θοδώρα μι του τσαρούχι μέσ' την πίτα,
Τήρα σι σηκώθηκε;,
"Ου λύκους φάη δε φάη, τόνουμα τόχ'",
"Καλιάνδρα μου, καλιάνδρα μου, ξελόγιασε τον άνδρα μου",
"Εγώ σου λέγω, είμαι χαντούμης, και συ μου λέγεις, πόσα παιδιά έχω",
Τράνιψι η κουλουκύθα στράβουσι το λιμό τς,
Από το μαλλί βαστά η σκούφια του,
Είχαμεν την γρία στινά μας φάσκιωσε κι ο γέροντας,
"Αν δε σηκώσης το σπίτι σου, πέφτει και σε πλακώνει",
"Ξέν' γκαϊλέδες μας τρων κι οι δκοί μας, γηράζν",
"Σα σ' άρισαν τα κόλιαντα, έλα κι τα σούρουτα",
"Άλλα είν τα μάτια του λαγού, κι άλλα της κουκουβάγιας",
Ούλα τα γ' ρούνια μια μούρ' έχ' ν,
Παντρεύουντι τα στπιά κι' παίρν τα κρουκύθια,
Λαντούρα θέλ' ου λύκους,
"Ξέρ΄ ο θεός ΄ς βρέχει, αλλά ξέρει κι΄ ο Γιάννης και παίρνει την κάππα",
Έκαμε το γρόσι ζολότα,
Ο ξπόλτους τσαρούχια κι ου νηστ'κός κουμμάτια,
"Θα γίνουν τα κράυα φέτος, πόθεν το ξέρεις; Τα θέλει η κοιλιά μου",
Η σάρα κι' η μάρα,
"Ο Θεός να σε φυλάη από καινούργιον άρχοντα, όψιμο χειμώνα, και παλιά πουτάνα",
Σ τομ πάτο λούζουν το γαμπρό,
"Περυσινα κομμάτια, φετεσινές χαψιές",
Γκιλ γκιλ ο τέτζερης βρήκε το καπάκι,
"Σαράντα χρονών γάϊδαρος, καινούργια περπατησιά",
"Δόσ μου, κυρά μ', τον άντρα σου και σύ βάστα τον κόπανο",
"Το μισό δεν έφτανεν, το διπλό περίσσευεν",
"Κατά μάννα, κατά κύρη, έκαμαν και γυιο Ζαφείρη",
Η πολλή η δλειά χαλνάει τον νοικοκύρι,
Σ' έπιασα 'ς τα βρόχια,
Μαλώνουν σαν τα προγόνια,
"Τι ου κάβουρας, τι του ζουμί του",
Κάθε κόκουται 'ς τ' γκοπριά τ' λαλάει,
"Ποιός γάμος άκλαυτος, και νεκρός αγέλαστος",
Με το μεγαλύτερό σ΄ κουκκιά μη παίρνης,
Είμαστι για τα παν'γύρια,
Έλα μπαπά να σου δείξω που το έχει η μάννα μου,
Μ' έναν κούκον άνοιξις δέ γίνεται,
Η μέρα φαίνετ' απ' του προυί,
Έχ' τς καλούς,
Όλοι γελούσαν μετ' εμένα χάνουμαν κ' ιγώ απ' τα γέλια,
Ότι πάρ' η νύφ' 'ς  το νυφοστόλι,
Πήρες τον Θεό 'πο το κεφάλι σου,
"Πέσε πίττα, να σε φάγω",
"Τον λύκο τον γλέπουμε, τς πατσιές τ' χαλεύουμε",
Η κολοκύθα 'που το κεφάλ' τ' θα σπάσ' (ή στο κεφάλ' τ'),
Μικρό παιδί δεν είχαμεν τον πάππον χορεύομεν,
"Όξω Παναγία, μέσα Παναγία!",
Νηστεύ' ο δούλος του Θεού;  Νηστεύ' όταν δεν έχη,
Να μιλάς μον΄ του Σαββάτου,
Όλα τα βαρέματα 'ς της γρηάς τον...,
Παλαιός πλοκός χαλνά παλιό μπόρτζι δεν χαλνά,
Έτσι τον μοίρανεν η μοίρα,
Στου ζήτουλα μη δείχνης πόρτις αλλά κουμμάτια,
"Κρά, κρά η κουρούνα έβγαλε τα μάτια της",
Σ του θκό μας του σπίτ' όλοι μας τριλλοί καμπόσ' μας λίγου καμπόσ' μας πουλύ,
Άντραν θέλω τώρα τον θέλω,
Δεν είδα με τα μάτια και θα ιδώ με τα φρύδια;,
"Ο λύκος έχ' τόνουμα, μα η αλ'πού τη χάρ'",
Τι καλό που ένι του σιμίτ΄ μι του χαλβά – Από που το ξέρς – Έφαγιν ου θειός Μ' ς΄ την πόλ΄,
"Κάηκα, μάννα μ', κάηκα! Κάηκες, πιδί μ', κάηκες! Οχ' μάνα μ' απ' τουν άντρα, απ' του λουκάν΄κου",
"Ή δείρ' του τ' αρχοντόπ'λου, ή μην του παταρίηζς",
"Να περπατήσω σιγανα με λέγουν καμαρώνω, να περπατήσω γλήγορα με λεν άνδρα γυρεύω",
Σ την αναβροχιά και είναι και το χαλάζι,
"Όποιος έχ' τα γένεια, έχ' και τα χτένια",
"Ξέφραγος κήπος, έρμα τα λάχανα",
Αλλού ν' τα κακαρίσματα κι αλλού γεννούν οι κόττες,
Οπ κουπριά κι αυτός μαντάρα,
Είνι ήλιους μι τα δόντια,
Είναι πέσε πίττα να σε φάω,
"Ο Θεός σκάλες ανεβάζει, σκάλες κατεβάζει",
Γκαβός βελόνα γύρευε μέσα στην αχυρώνα κι άλλους κουφός από μιριά “αυτού σάματ' τσιγκάλτσι εκρότησε”,
Αϊλλοί που τα δεν έχει νύχια να ξυστή,
Δε με σκάζ',
Η γιάθρουπους αγιάζ' τουν τόπον,
΄Επαθε τσηλέας,
Σκαλίζοντας σκαλίζοντας η όρνιθα βγάζει τα μάτια της,
"Η πέτρα πέφτει 'ς τ' αυγό, τ' αυγό σπάζει. Τ' αυγό πέφ' 'ς την πέτρα τ' αυγό σπάζει",
Όλα τα γρούνια μια μύτ' έχν',
Πέρασε 'που τ' αμπέλια,
Δε με κόφτ' για τέτοια,
"Το λυσσιαγμένο το σ'κλί δαγκών' όποιον βρη μπορστά τ', κι τ' αφεντικό τ' ακόμα",
Του ζήτουλα κομμάτια δος του πόρτες μη του δείχνης,
Περασμέν' βροχή κάππα δε χρείζιτι,
Τα χομε τα μισά,
Είδες ποτέ ράφτ' αμπαλωμένο;,
"Δημήτρην είχα, Δημήτρην πήρα τί 'χα και τον άλλαξα;",
"Όποιο δάκτυλο κι' αν κόψης, σε πονεί",
Άφηκ' ο Γιάννης την κλεψιά κι' έπιασε το ζευγάρι,
Δεν είναι όλουν του κιρό μήλα είνι κι΄φύλλα,
Έμεινα Γιώτα μοναχή,
"Άντρα μ' άντρα μ', μη ν' τρανή τ' γούννα – Αμ' είχε μώρ; -Δεν είχιν μα χα να φτει'ασ'",
Όσο χορταίνει η φάβα λάδι τόσο κι η γαστρωμένη γαμήσι,
Ιδέ τη μάννα και πάρ' την κόρη,
Τήρα τ'ν ούγια κι πάρι παννί,
Ας μι λεν “κυρά μπεΐνα” κι' ας ψουφώ από την πείνα,
Το ρίχν' στο πιοτό,
"Σπείρε απαναστρατα, σπείρε και κατώστρατα",
Πότ' Θυβριός κι πότ' σαράφης;,
Συντρόφιασες με καμηλάρη κάμε την πόρτα σου μεγάλη,
Τι γένεται και δεν ακούεται!,
Μιά φορά θέλτσε κι' ο Οβριός να καβαλλικεύψ' κ' έτυχε Σαββάτο,
"Όταν πήγαινες να τα μάθης, εγώ γύριζα",
"Κάηκιν η γριά στ'κουρκούτ', φ'σάει κι στου γιούρτ'",
Τον έχω παλάσκα,
Έχει ακόμη αμαρτίαις,
Δια τον ψύλλον καίει το πάπλωμα,
Κι' αυτός κακό χειρόβολον κι' ημείς κακά δεμάτια,
Να π'ρ' ο κλέφτης τη φωνή να φύγ' ο νοικοκύρης,
"Πάρε με, όταν δε με θέλης, να με έχης, όταν θέλης",
Πήρα τον Θεό από το κεφάλο του,
Κρούει 'μ πόρτα ν' ακούσι του παραθύρ 'μ,
Μιά ελιά 'ς τό σκουτέλι,
Πέντε λίρις τ' άλογο δέκα το σαμάρ',
Η μύτη του να πέσ' δε σκύφτει να την πάρη,
"Το μισιακό το γομάρ, ο λύκος το τρώει",
Το ψάρι βρωμάει που το κεφάλ',
Πέθανε να σ' αγαπώ και ζη να σ' έχ' αμάχι,
Πέρασεν οασβεστάς,
Ο θυμιατός ταξιδιαλέγ΄ς τον άνθρωπο όλα,
Τράνιψαν οι πουδιές σκέπασαν τοίς μπουμπές,
Τ' άγνεστα τα αύφαντα 'ς τον πλακό ριγμένα,
Πρώϊμα βλάχου την νταγή,
Όλα γένονται με τον καιρό μόνο του σπανού τα γένεια δε γένονται,
Εκεί που θα πης κακογιάννη πε καλογιάννη,
Όποιος αφκρέται τα δκα 'τ' ακούει,
Ποτές το γαίμα νερό δεν γίνεται,
Έκαψα τα ρούχα μ' να μη με τρων οι ψύλλ',
Κολλτσίδα με γίνκιν,
Ο κόσμος τό'χει τούμπανο κ' ημείς κρυφό καμάρι,
Έβγαλε τ' απλυτά του 'ς τον φόρου,
"Που πας έρημο βιο, πάγω να ρημάξω κι΄άλλα",
"Ο Θεός δεν είναι Βλάχος, αγ αργάει, μα δεν λησμονάει",
Γερόν το στρώμα δε χωρεί και άρρωστον η ρούγα,
"Πολλά καλά σ΄την έρημο, και πέτρες κι ξύλα",
Μ΄ έφυγεν ο νουφαλός,
Γλυκάθηκε η γριά στα σύκα,
Ο λύκος κι' αν γηράσ' τα μυαλά τ' δεν τ' αλλάζ,
"Καινούρια 'μέρα, καινούριο κισμέτι",
Απ' όξω μούκλα κι απού μέσα πανούκλα,
Κάθομαι και δεν αδειάζω,
Παίρνω τ' αλεύρι δανεικό και αναποπιασμένο,
Ασημώνω τή δλειά,
Σύψωμα και δίχως ρόγα και τσαρούχια από τη ράχη του,
"Αλλού με τρίβεις, γέροντα κ' αλλού με σφάζ' ο πόνος",
"Παπάν σταύρωσες, κακό θα 'πάθης",
Όλες οι μυίγες δεν κάμνουν μέλι,
Πά' στόα βρόντο,
"Μουνός ου νους, διπλός ου κόπους",
Πήρε τό λέλε,
"Κάηκ' η γριά πο το κουρκούτι, και φυσά και 'ς το γιαγούρτι",
Με το βαμπάκ' σι ρφάει το μάτ',
Δε λερώνω τό μέτωπό μ',
Όταν υρνούν οι Ιβραίοι απού του θέρου,
Καλογερικό γ.... βουβαλινό όργωμα,
Μαύρου σκ'λί σι δάγκασι άσπρου στου κιφάλι,
Κουτσός στον κάμπον έτρεχι να πιάση καβαλλάρη,
"Βάρ' τα πίσου, να τ' αρμέξουμι",
Πέρσ' έκλασιν κι φέτος βρώμσιν,
Ταγώγ΄ ξυπνά τον αγωγιάτη,
Παλιό γουμάρι κινούργια πιρπατσιά,
"Μ' όποιον παγαίντς, τέτοιος θα γέντς",
"Σ΄κώθηκιν ου Γιούφτους να χουρέψη, έσπασε του νταούλι",
Χωματές μυρίζει ο κώλος τ',
Βγήκ' ασ' τα στράνια μου,
Το ίσως το σπείραν κι δε φύτρωσε,
"Μ' όπχοιον δάσκαλου καθίης, τέτχοια γράμματα θα μάθ'ς",
Όλην την ημέρα λάχανα μάζωνεν η γυναίκα και το βράδυ πάλι χωρίς πίττα,
Όλ' έκλαιγαν τον πόνο τους και ο ... τον πόρδο του,
Α ο Θεός άκουε τες καραμούζες όλα τα γουμάρια θα ψοφούσαν,
"Καιρός κουπιά, καιρός πανιά, καιρός για το τιμόνι",
"Πραγματευτής αλογάριαστος, καθάριος γάϊδαρος",
"Ό,τι δίνεις, παίρνεις",
Ο άνθρωπος είναι βαρύτερος από το σίδηρο,
Το λουλό και το χωριάτη ξένες ένοιες τονε νοιάζουν,
Όσον ήσκιον το βελόνι τόση προκοπή ο ράφτης,
"Τ' αυγό είτε χτυπήση την πέτραν είτε το χτυπήση η πέτρα, σπάει",
Ρώτησαν την καμήλα γιατί έχει το λαιμό στραβό κι' είπε “ποιό έχω ίσιο”,
Ποιός είδε γάμον άκλαυτον και νεκρόν αγέλαστον,
"Καινούργιο κόσκινο που να σε κρεμάσω; παλιό, που να σε πετάξω;",
Η πολλή δουλειά νίκησε την τύχη την κακή!,
"Αν δεν πέσ' ένα κεφάλι, δε σηκώνεται τ' άλλο",
"Ξαστεριά, χαρά Θεού",
"Όπου σε κράζουν, πήγαινε όπου σε διώχνουν, φεύγα",
Απ' το τζάκ' τίποτα δεν κατεβαίν',
Γλυκά να μας έρχεσαι γαμπρέ,
"Ο Γιάνν'ς, ως τα σαράντα δεν έβαλε βρακί και τώρα μιας ζητεί κοκκίν' βρακοζώνα",
Ανάθεμα τη μαμμή που σ' έκοψε τον ομφαλό και δε σ' έκοψε το κεφάλι,
Τι καρδιά είχαν;,
Στα νύχια πατάει,
Όταν λέγ' η πεθερά σ' να τσιουλώνς τ' αυτιά σ',
"Κλέφτης άπιαστος, οικοκύρης καθάριος",
"Οσο κάθηται ή πίττα, τόσο φίλον καρτερεί",
Μη ανακατώνεσαι με τα πίτυρα για να μη σ' αγλείφουν τα γορούνια,
Να ΄κουεν ο Θεός τες κουρούνες δεν θ' απόμνισκαν ζώα!,
Κατά μάνα κατά κύρου έκαμαν και γιον Ζαφείρου,
Τόρριξε στο μεθύσι,
Πέρδικα 'ς το δάσος σου πέντε αετοί την κυνηγούν,
"Θα σι ' που, που κατ' ρούν, ισύ θα πας να χέϊς",
Δεν πάει με (κατά) τα νερά τ',
Ποιος αφήνει το γάμο να πάη για πουρνάρια,
Έχ' ν' απαλάμη τρύπια,
"Δέν λείπει λαγκιόλι, λείπει μάννα",
Ένας άνθρωπος κί τό φκειάν' τό χωριό κί τό χαλνάει,
"Βάστα, καρδιά, νταγιάντα",
Ο Γιάννης ούτε είχε βώδια ούτε θ' αποκτήση,
Γύρσεν η γίδα κ' είδε τα πισνά τς κι αντράπκεν,
Θα πηδήσω μπάρμπα – Να σε δω παιδί μου,
Άλλους χάσκα κι' άλλους Πάσχα!,
Τώρα κι τ' πάμπου κουλλούρα,
Ν' ανοίξ' η γης να με πχή,
Τα γράμματα είναι δεύτερα μάτια,
"Ζήσε, μαύρε μου, έσπειρα χλωρό γρασίδι",
"Ό,τι ο κόσμος κι' ο Κοσμάς",
Το γκαβό κομμάτια δώσ' του,
Από τον λαιμόν μου κρεμάσθηκεν,
"Με τα πίτυρα ανακατώνεσαι, τα γουρούνια θα σε φαν",
Αλί που τοχ' η κούτρα και κατεβάζει ψείρες,
Αυτός είναι κατέβα να φάμε,
Του ΄ρθε ανάποδη,
Βασιλικός κι' αν ξηραθή πάντα μοσοχοβοβουλάει,
Άθρωπο θωρείς καρδία δε γνωρίζεις,
Θα σε γυρίσουν τα δαχτυλίδια!,
"Δεν είναι που θα πεθάνωμ απ' την πείνα, θα μας λένα πως έσκασαμ απ' το πολύ φαγεί",
Μάχαιραν έδωκες μάχαιραν θα λάβης,
Απ' τα μαλλιά δε φαίνεται θέλει και τις τρές,
Ανέμου και καπνού πήγανε,
"Αυτός είναι αδιάντροπος, ξετσίπωτο μιλέτ",
Μαχαίριν ήταν η λόους του,
Εδώ είναι ο κόμπος,
Φύιτι μύις απού μπρος κι κούνουπι' απού πίσου,
Ηπήιν να βγάλη πατέλλις κ' έππεσιν του μαχαίριν εις την θάλασσαν,
Να με κάψει ο Θεός,
Δείξε μου τό φίλο σου νά σέ πώ ποιός είσαι,
Μαλλί στη γλώσσα έβγανα,
Βασιλικός ορισμός ιργή Θεού,
"Μικρό καράβι, μικρό δράβαλο, μεγάλο καράβι μεγάλο δράβαλο",
Παιδεύετε τους ατάκτους ίνα μη υπεραίρωνται,
Απ' τη μάνα ορφανεύουν τα παιδιά,
Αλλού τα κακαρίσματα κι' αλλού γιννούν οι κόττις,
"Κάπου σ' έδα, κάπου μ' έδες",
Κάλλιο απ' άντρα σ' άντρα παρά απ' πόρτα σε πόρτα,
Του γέλειουν ήβγιν του ξινόν,
Πήγαν να κάνουν φρύδια κι' έβγαλαν μάτια,
"Μώρο ήδωκα, Μώρο θα πάρω!",
Αν άκουγε ο Θεός κοράκου λόγια θα ψοφούσαν όλοι οι γάϊδαροι,
Κ' έτσι βριμένους κ' έτσι μουσκιμένους,
Κουφό καμπάνα κι' αν λαλής τυφλό κι' αν θυμιατίζης και μεθυσμένο κι' αν κερνάς ούλα χαμένα τά χεις,
Τα δίς είνιν πουλλά για τα θά 'δής;,
Όμοιους με τουν όμοιουν τον κ' η κουρπιά 'ς τα λάχανα,
Ποιός σου βγανε το μάτι; Ο αδερφός μου; Γι' αυτό είναι έτσι βαθιά,
Μόδια κι άπατα,
Τα μικρά ΄εν έθελις τα μιάλα γύρευγις,
Από τον Καϊάφα εις το πραιτώριον,
"Το δυνατό το ξείδι, χαλάει τ' αγγειό του",
Είναι σαν την καλαμιά,
Ροδάνι πάει η γλώσσα του,
"Όταν θέλη νύφη και γαμπρός, τύφλα νάχη ο πενθερός",
Γιατί γκαλνούνα το γάδαρο 'ς το παναγύρι; Για να σηκώνη τα καλάθια,
Μήτε κρύο μήτε ζέστη με κάνει,
Η καμήλα από το 'φτι δεν κουτσαίνει,
Ανάφερε όνομα να διής κορμί,
Ο πεινασμένος κομμάτια ψωμιά γλέπει,
Ξεκάρφωτα λόγια,
"Γέρο σα δεν έχ'ς, γέρο ν' αγοράζ'ς",
Τον έκανε τά πλευρά του μαλακά σάν την κοιλιά του,
Εσου σκότος κα εγένετο νύξ,
Είνιν βούλουν περί εμού,
Έχω ράμματα για τη γούνα σ',
"Να σε κάψω Γιάννη, να σ' αλείψω μύξα",
Άλλη καμιά δε γέννησε μόν η Μαριά το Γιάννη,
Ο λύκος τρώ απ' τα μετρημένα κι αλίς που το χει ίνα,
Με τον αδερφό σου φάε και πιε κι αλυσιβερίσι μην κάνης,
Του κλέφτη και του ψεύτη το κερί ως το κεντί,
"Την Πέφτη πέφτει ο καιρός, Παρασκευή βιδιάζει, και το Σαββατοκύριακο αρχίζει και αλλάζει",
Σαν τον άμμο του γιαλού,
Γιάνν' σα δε ν' έχεις Γιάνν' να γυρεύς,
Άλλος αγαπά τη μαυρομάτα κι' άλλος την τσιμπλομάτα,
Το καλό τ' αρνί βυζαίνει δυο μαννάδες το κακό ούτε και τη μάννα του,
Οι λουλλαί κουδώνια θέλουν,
"Γυναίκα και παιδί κάνεις, αδερφό δεν κάνεις!",
"Πελέκησε, πελέκησε",
"Κόψι ξύλο, κάν' Αντώνη κι από πλάτανο Μανώλη, κι α ρωτάς κι για το Γιάνν' όποιο ξύλ' θα κόψης, κάν'",
"Αυτά κι αυτά, κι πάλ αυτού",
"Κλαίνε και χηράδενες, κλαίνε και παντρεμένες;",
Ταυγόν με την μανουβέλλαν κινεί,
"Ο πελλός είδεν το κανίσσιν τζ' εχάρην, τζ' ο φρόνιμος ελυπήθην",
Όπου τόνε δέσουν βοσκά,
Αάστον να βράζ' με το ζμίτ,
"Λαγός πιπέριν έτριβε, κακό του κεφαλιού του",
Σκύλος με το ζόρι στο άβι δεν πάει,
Γριά το μισοχείμωνο ξυλάγγουρο πεθύμσε,
Τρώγομαι (ή φαγώνομαι) μι τα ρούχα του,
Άγιος Σάββας σαββανώνει Άγια Βαρβάρα βαρβαρώνει κι άγιος Νικόλας παραχώνει,
Δεν ξέρει να μοιράσει δυο γαδάρων άχερα,
Στο γάμο σ' α βρέξ,
Ο κακός χερόβολος θέλει κακό δρέπανο,
"Ορίστε, γαπρέ, να φάς κουφέτα!",
Έχομε και λιες και λίγια έχομε κι' αγριολίδια,
Από τρελλό κι από σαλό να μάθης την αλήθεια,
Έχουνε και τα ντουβάρια αυτιά,
"Η όρνιθα πίνη νερό, κοιτάζει και τον ουρανό",
"Το έρμο τ' αηδόνι το μοναχό, που πορπατεί τοις κάμποις με τον αγιτό",
Η έρνιθα σκάλα βγάλλει τα μμάτια της,
Από 'μπρού κούκλα κι από πίσου πανούκλα,
"Αφικί μου να σ' αφίκου, ε 'μ' αφίνεις, ε' σ' αφίννου",
Στου κουφού τεν πόρτα όσο θέλεις βρόντα,
Η ζήλεια να ήτανε ψώρα ήθελα κολλήσει όλη η χώρα,
"Αλλοί στον αντρειωμένο, αν τον πιάσουν δυό σπασμένον",
Τον αράπη κι αν σαπονίζης το σαπούνι σου θα χάσης,
Μας ήβγαλ' ασπροπρόσωπους,
Τον έχουνε μύθο,
Άνρωπο απέ φυλή και σκύλο απ' τη μάντρα,
Ήταν κή καρφίν έπεσιν κή 'ς του νηρόν κή σκώριασιν,
Στ' ασήμι σκόνι δεν κολλά μηδέ στο μάλωμα σκουριά,
Βγαίνει λάδι,
Αλί 'ς τουν οπού καρτιρά 'ς τα ξένα να δειπνήση,
Τα σάλια τ' τρέχινα,
Πέρασε η μποιγιάτς,
Βυζαίνει από δυο βυζά,
Του καλουρίζικου γιννά κ' η πιτεινός του,
Αυτός έχ' το νταμάρι τ',
Και τα καλά δεχούμενα και τα κακά,
Νύφη μ' σι κάνου,
Κι' η τα καλά κι' τα κακά δεχούμενα,
"Εύγα όξου τσι μπουμπέπσου, έμπα μέσα κι παντρέψου",
Δέρνει μου κι η θάλασσα δέρνει μου κι του κύμμα,
"Ομολογημένη κλεχιά, αμαρτίγια δεν είναι",
Τα εμά εμά και τα σα εμά,
Όποιος διαλέει τα ποδιαλούδια παίρνει,
Στου κασσίδη το κεφάλι δε μαθαίνεις να κουρεύεις,
Μη σύρνης τα κάρβουνα πάνου σου,
Το νερό κοιμάται κι αυτός δεν κοιμάται,
"Παρακαλετή αγάπη, ύστερα βδελυξινή",
Η κούννα είνιν λειψή,
Δείξι μου τη ράχι σου,
Είπιν η γάραδους τουν πιτεινόν κιφάλαν,
Κούρεψε το αυτό και πάρε το μαλλί του,
Βασιλικιά διαταγή κι τα σκυλιά δεμένα,
Αυτά που λέμε εδώ να μείνουν,
Μετριούδαι οι παΐδες του,
Παπαντή γιορτουλαρί παπαντί,
Του πήγε ανάποδα,
Αυτός έδεσιν τουν γάραδούν του,
Δό μου σύκο και να πώ,
Απού 'νιν όξου απ΄του χουρόν πουλλά τραβούδια ξέρει,
Τα κάμνουν πέντι δάκτυλα εν κάμνουν πέντι άγοι,
Βρήκε τον μπεξομύτη του,
Ας κλαί που πάει,
Έν έχ νύχια να κνιστή,
Κάνε καλό 'ς του διαβόλου το χωριό,
Αλευρογυρίζεις,
Σ' έχω χάρι κάβουρα να πηδάς τα κάρβουνα,
"Άμα ψωργιάσ' ο γείτονας σου, κάνε και συ την αλοιφή σου",
Για έναν ψύλλουν καίει του πάπλουμαν,
Μιά τουφεκιά δυό λαγοί,
Που εν θέλει να ζυμώση πέντ' μέρις κουσκινίζει,
Τον Μάρτη ξύλα φύλαγε μην κάψης τα πασούλια σου,
"Μάτια που δε βλέπονται, γλήγορα λησμονιούνται",
Αυτός είναι πια καύκαλο,
Απ' τουν Κώνσταν ως του Λιόν καλό σ' το χουν κι οι δυό,
Ηκαλόμαθεν η γιργιά 'ς του μέλιν,
"Ότι κάνει η κουρεμένη, στο πασάλειμμα διαβαίνει",
Δε λείπει η Μάρτς απ' τη σαρακοστή,
"Άμα 'ν έχεις ακαμάτη, τον προφήτη τι τον θέλεις;",
Ήβαλε την οργιά στ' ασκέλια του,
Μπρουτζέϊκο κεφάλι,
Όποιος καή στην αλευριά φυσά και το κουρκούτι,
Έτρεξα να τα σάλια τ',
Δέρνεις με σκοτώνεις με πάλε μάννα μ είσαι συ,
Άνοιξ' η καρδιά μ' και γίνκε περιβόλι,
Του πιδί σσου του σκυλί σου όπως του μάθης,
Πόσα παράδικα θουρά η νηλίους την ημέραν κι του φιγγάριν την αυγήν κι τ' άστρα απ' τ' απου σπέρα,
Αυτός ο ανήφορος θα φέρη και κάνα κατήφορο,
Ήβγιν η κυραλισιά μ' έναν κόσκινον φλουριά,
Του Ματσών και τουν Βαγιών πέφτει κατάρα 'ς του γιαλλού,
Ποιός σε ΄βγαλε το μάτι σου; Αδελφός μου. Γι΄ αυτό είναι τόσο βαθειά βγαλμένο,
Τον εφάνηκεν ο ουρανός σφοντύλι,
"Όχι όπως τάξαιρες, μα όπως τάβρες",
Έβανε ευλογητό,
Όψην θουράς κι ανάκαρα ρουτάς;,
"Ψωμί στο μονατσήρι, καλογέροι όσους θέλεις",
"Ισύ, μαρή, θέλεις σαράντωμαν",
"Όπου λυπάται ξένα κόκκαλα, τρων οι σκύλοι τα δικά του",
Διαόλου κάλτσα είναι,
Μαύρισε του μάτι μ απ΄ τη πείνα,
"Τι έπαθες, αλλοίμονο τι έχεις να πάθης ακόμα",
"Όπου διαλέγει, τ' αποδιαλόγια παίρνει",
Έχει ο καιρός γυρίσματα και βγαίνουν τα πειχίσματα,
Μου 'βγαλε τη Παναγία αναποδα,
Τρώει τουν κη κάθητι του σαράκιν,
Απ' τα κάρβουνα στη στάχτη,
Πέτρα που κυλάει πρασιναδα δεν πιάνει,
Η τσεπη μου είναι πανί με πανί,
"Τα καλομαζωμένα παίρνει ο διάβολος τα μισά, και τα κακομαζωμένα παίρνει και το νοικοκύρη",
Έβρασιν το γαίμα μου κι άναψα κι κουκκίνισα,
Όπου πόρτα και συ μάδαλος,
"Το δικό σου μολύβι βουλά, το δικό μου δε βουλά",
Δικό μας είναι το κουλίκι,
Τα κοφτερά πίσω είναι,
Θα με πάρης σβάρνα,
Άπιαστα πουλιά τα χίλια στον παρά,
"Ο σκύλος λέγ' την κάτα, κ' η κάτα την ωρά 'τς",
Όλα του γάμου δύσκολα κι η νύφ' αγκαστρωμένη,
"Σ' όποιον δάσκαλο, καθήσης τέτοια γράμματα θα μάθης",
"Ίσα γιαλός, ίσα καράβι",
Σ τους πολλούς σακκί μη λύσης και σα λύσης μην το Δεσης,
Η νύφη μας πότε καματέρεψε; Το Σάββατο το βράδυ,
"Ρώτα, ρώτα πάς στή Πόλ'",
Ζήσε μαύρε γάδαρε να φας το Μάη τριφύλλι,
Της νύχτας τα καμώματα τα βλέπ' η μέρα κη γελά,
Βούλη μέραν Πασκαλιάν έχει,
Αδειανό τσουβάλ΄στον τοίχον δε στέκεται,
Χτυπά μιάν εις του καρφίν κή μιάν είς του πέταλουν,
Είναι σαν το κρεμμύδι,
Σιχχαίνιτι μου έτσι που σιχχαίνιτι η άσχημη γυναίκα τουν καθρέφτην,
Ψα π' να παγαίν' το άλεσμα στο μύλε θα γυρίτς,
Όλα τά 'χει η Φατουμέ μόν' ο φερετζές τής λείπει,
Τα δράμια του είναι κεραμιδένια,
Σιγαλοπληγή!,
"Σα σ' αρέσει, μπάρμπα – Λάμπρο, ξαναπέρασ' απ΄ την Άνδρο",
Ηγύρισιν του φύλλου,
Όπ' ακούς πολλά κεράσια παίρνε και μικρό καλάθι,
Τρώγω τη θάλασσα με το χουλιάρ',
Που πηδά πολλά καζούκια το 'να χούται στον κώλο του,
"Στου κουφού την πόρταν, όσα θέλεις βρόντα",
Ο λύκος απ' τα μετρημένα τρώγει,
Ο καθρέφτης όπως τον γλέπεις σε γλέπει,
Τση νύχτας τη δουλειά τη γλέπ ημέρα και κλαίει,
Το πεσκέσι κι ο βασιλές το χαίρεται,
Σήκω σήκω και κάτσε κάτσε,
Όσου γηράζ' ακούγω,
Ηζάρωσα σαν τσακάς αφ' το κρύο,
Δεν παίρν' το κεφάλι τ' ούτε με το μποτζαργάτ',
Ξαίρ΄ ο Γιάννης τ΄ έχει στον τουρβά του,
Ένα βόδι δυο άσπρα,
Κ' η παππάς πρώτα τα γένεια του βλουά,
Πιάστηκε στα πράσσα,
Είπαν τουν λουλόν να χέση κ' έβγαλιν κι τ' άντιρά του,
Η μοίρα σου δουλεύει,
Άνθρώπους και κτήνη σώσεις Κύριε,
Δεν είν' από λόγου του,
Δεν ξέρει να μοιράση δυο γαιδάρων άχερο,
"Μ' όποιουν δάσκαλουν θα κάτης, τέτοια γράμματα θα μάθης",
Έχει ο καιρός γυρίσματα κ΄οι μήνες εβδομάδες και το δικό σου το κορμί δεν έχει νοστιμάδες,
"Όντας σείσθηκ η αχλάδα, όσοι λάχαν κείνοι φάγαν",
Είχεν κι' η καλού πουτί κι' ήσκυβεν και τόγλυφεν,
Κάθ' αρνί από το ποδαράκι του,
Διές τη μάννα πάρ' τη κόρη,
Αγέραν κουπανά,
Ποιός το βγάζ' το μάτι σ'; Δικόσης,
Το σίδερο ζεστό κολλά,
Πάου να χάσου του νου μου,
Λαγός πιπέριν έτριβε κακό της κεφαλής του,
Από γης ως γης σκοτώνετ' ο άνθρωπος,
Ήτανε πετριά,
Θα γυρίσουν τα είδωλα πίστομα,
Κάνε το κορόϊδο,
Έμεινιν 'ς τους πέντι τους ιδρόμους,
Αγέραν τηανίννει,
Έπιασεν  τα βουνά,
"Τα περσινα τα κάλαντα, τα φετεινα κεν μοιάζουν",
Τα μεταξωτά βρακιά θένε 'πιδέξα σκέλια,
"Έναν κουμμάτιν αθρώπους κί δικουχτώ, γυναίκις",
"Όλα τά χ' η Ζαφειρίτσα, μόνουν φερεζές τής λείπει",
Αυτός βάζ' το νερό και τρέχ' κάτ' απ' τ' άχερο,
Η λόγους φέρνει αντίλογουν,
Αλλού κάμνεις κι' αλλού βρίσκεις,
Τραύα με κι ας πα να κλαίω και σαν κλαίω τί σε κάνω;,
Όπου γάδαρος κι αυτός σαμάρι,
Απ' το 'να μου αυτίν ιμπαίνει κι απού τ' άλλουν μου βγαίνει,
Ήτανε καλοπλυμένος ήρθε και με τη βροχή,
Άνθρωπος να μην απελπίζεται,
Δεν ξεύρ τα τρία κακά τσ' μοίρας τς,
Γάλας μυρίννει του στόμαν του,
"Ο πώχει δυο αγαπητικιές έχει μεγάλη χάρη άμα μανίσει με τη μια, παγαίνει με την άλλη",
Πλειότερα αρνιά 'ς το μακελειό περί πρόβατα,
"Καλός καλό δεν βλέπει, κακός κακό δεν πααίνει",
Γονιού ευκή πάρε και στο βουνό ανέβα,
Απλούνι τα πόδια σου κατά του πάπλουμά σου,
Από το Θεό και στα χέρια σου,
Αφήνει τα δέκα τ' άλογα και πιάνει τα νιά μουλάρια,
Άθρωπο από φιλί και σκύλο απ' τη μάντρα,
Τον βγάλανε μαντήλι,
"Του φίλου σου μην πιστευτής και πης το μυστικό σου φίλος τον φίλο θα το πη, ντροπή είναι δικό σου",
Συ δε ξέρ'ς απ' που κατρεί όρνιθα,
Γίνηκε τ' αυγό να ορμηνέψη την όρνιθα,
Έκαμιν τούν άνιμουν κουβάριν,
Το ένα του βρωμάει τ' άλλο του μυρίζ',
Όποιος κυνηγά δυό λαγούς εν πιάνει κανέναν,
Όπου λαχινοφάγη και μικροπαντρευτή πάνταναι κερδισμένη,
Πλούσιος κη του λόου του κη δανείννει κέλα,
Μην βάλλης την φουτιάν κουντά ς' του παρούτιν,
Κατά του πάπλουμα σσον' άπλωννι τα πόδιά σου,
Πεταύρωσ' η κοιλιά του,
Πήγε για μαμή κ' ήρτε για λεχούσα,
Ούλο ο Γιάννης το σακκούλι στο μύλο;,
Έχω βήχα,
Ίδιε σκύλος τη γενιά του και ξεσκώθκε η καρδιά του,
Όπου να πάγη τ' άλεσμα στο μύλο θα γυρίση,
Δεν τον πιάν' το μάτι μου,
Είδ' ο γύφτος τη γενιά του κι' αναγάλιασε η καρδιά του,
Αλί 'ς τουν αντρειουμένουν όταν τουν πιάσουν δυο σπασμένοι,
"Παρά σιμά και μαλωμένα, κάλιο μακρά κι αγαπημένα",
Του ψάριν απού τού κιφάλιν ιβρουμά,
Από του άϊ Θόδωρο ως τη Φανέρωμένη εκύλισ' η γαδούρα μας που 'τανε γκαστρωμένη,
Σ τα καλαντζίδικα κλάνεις,
Γένομαι μωρός,
Κάθε μέρα δεν είνι κι τ' Αγιού Γιουργού,
Εκαμίν μου του φόνου κι του παζαριού,
Κλουθουγυρίνει,
Πνίγηκε σε μιά κουταλιά νερό,
Τι γυρίζ΄ς σα το ΄ρμοπούλι ;,
Μαθμένα τα βουνα απ' το χιόν',
Κουρφή πληγή μέ τά μακρυά μοτάρια,
Άλλα τα μάτια του λαού κι άλλα της κουκουβάγιας,
Να χα τα Φώτα να τρωγα και τη Λαμπρή να φόργα,
Ηξίφτησιν τα,
Μπρός κρημνός κή πίσου ρέμμαν,
Γυρίζει ξεβράκωτος σαν Αλή,
Η πάστρα είνι μισε αρχοντιά,
"Να σι κάψου Γιάννη, να σι 'λείψου μύξαν",
Όλα καρδιάς παρευρήματα και γάμοι και αρρεβώνες,
Ηύρε τ' αγαθά τση ψυχής του,
Του βιό μ' δεν ξέρου;,
Η νύχτα κάνει επίσκοπο η αυγή μητροπολίτη,
Βρωμεί χωματοιές,
Σαν την όφια με βλέπει,
Εδώ είναι τζιφούτ παζάρι,
Του λέει λέει του κι του λαλά λαλά του,
Έχ΄ ο καιρός γυρίσματα να΄ βγαίνουν τα χαρίσματα,
Το μήλο απουκάτω απ' τη μηλιά θα πέση,
Ωχ αδριφέ! Τσ' γούννας ιμ μανίκ' είνι;,
Τον αράπη κι αν λευκάνης άδικα τον κόπο χάνεις,
Από τρελλό κι από μωρό θα μάθης την αλήθεια,
Άλλα λέει από βραδίς κι άλλα κάνει το πρωί,
Απε το κεφάλι βρωμά το ψάρι,
Άνθρωπουν απού γιννιάν κι σκύλουν απού μάνδραν,
Στα νύχια πορπατεί,
Ακριβός 'ς τα πέτταρα κη φτηνός ς' τ' αλεύριν,
Παπάρα,
Έλληνας είναι,
Πότε Μα' και πότ' Απρίλη!,
Εκεί που δεν κράζει πετεινός (επήγε),
Την πρώϊμη δουλειά την ευλόγησε ο Θεός. Την έψιμη την κάλεσε ό καιρός,
Πήρε τα βρεμένα του (κι ήρτε),
Θέλει ν' αντώννη η νήλιους μόνουν εις την αυλήν του,
Θεμελιωμένο κι αθεμελίωτο,
Δύο στο λάδι τρία στο ξείδι,
Έχει τραχανά απλωμένο στου σχοινί,
Αι κυρά Μαλακουτή γύρισ' απού τ' άλλα αυτίν,
"Χαν επρέπιν 'εν εβρέχιν, κη τουμ Μαν ηβρουντουλόαν",
Δε μπορεί να ξεθυμάνη 'ς  το γάϊδαρο και ξεθυνάινει 'ς  το σαμάρι,
Μμάτια που δεν θωριούνται λίγορα λησμονούνται,
Ηβγ' η μπομπή στσι στράτες κι' ανεγέλα τσι διαβάτες,
Δε 'δρώνει τ' αυτί του,
Του Άη Λιά καινούριον νέφαλον,
Απρίλ'ς κοπρίλ'ς,
Μεγάλωσ' η κολοκυθιά και μάκρυν' ο λαιμός της,
"Όποιος δε θέλει να ζυμώση, δέκα μέρες κοσκινίζει",
"Πότε πίττα και τυρί, πότε πίτ'α μοναχή",
Τ' άγρια τα μουχτερά κυράου δεν τα χτυπά,
Να φάς κη να γλύφης τα δάχτυλά σου,
Κατά τη βρωμούσα κι ε αγαπητικός ε τς,
Όποιος κυνηγά πουλλοί λαγοί χάνει κι τουν έναν,
Για το μούργο μαλάζουν τα πίτερα,
Να γένις άπορο,
Πλειότερες μύγες πιάνονται με το μέλ παρά με το ξύδι,
"Όσο ζω και δεν ποθαίνω, τόσ' ακούω και μαθαίνω",
Όποιος σκάφτει το λάκκο του άλλου πέφτει ο ίδιος μέσα,
"Παλαμίδα σε μυρίζει, μα ούτε κολιός δεν είναι",
Μώρικο γινάτι,
"Βάζει, βάζει του σκυλάκκιν, αμ' γυρίννει πάλι κη τρώει τον κουκκαλάκιν",
"Η αλήθεια είνιν ,αλλώτρα",
Τον φάνηκε βουνό,
Αλεπού τς Ορμής,
Απορριξιμιόν καράβιν σ' ααθού λιμνιώναν,
Ίσαμε που να πης καρύδι (το κάνω κιόλας),
Ότι κάν κανείς ατός τ΄ δεν το κάν΄ ο μπάς οχθρός τ΄,
Κάλλιο έχει να μαλώνη περι έχει να βαλώνη,
Κεντά και δε σβουρνά,
Παραγέλα τουν Άϊν Νικόλαν 'ως που να 'μπης 'ςτουν λιμνιώναν,
"Όποιος π'δά πουλλά παλούκια, θα κάτσ' στου ένα",
Τουν φτωχούν τουν Άιουν ποιος τουν πιαντά,
Κάλλιο ρακί παρά βρακί,
Κουρφή πληγή,
Το καλό τ' άλογο είναι και σκονταφιάρικο,
Το κάστανο βγήκεν απ' το τσέφλι του και γύρισεν το φτυσε,
Με τσαι μαγάλοι  μεγάλος και με τσαι μικροί μικρός,
Τα δίναμε γένεια γένεια,
Επέρασε ζωήν χαρισάμενην,
"Βουνόν με βουνόν εν σμίγει, αμ' άθθρωπους μ' άθθρωπουν θα σμίξη",
Αν δε κλάψ του παιδί δεν του δίνει η μάνα του βυζί,
Ο τρελλός δουλειά δεν είχε έλυε κι έδενε το σκύλο,
Ζη και ζώνεται και βασιλεύ',
"Ότι σε λένε άκουτα, μα από 'κείνο που ξαίρεις μη βγαίνεις",
Ότσιρε διαλέγοντα τ' αποδιαλόγια παίρνοντα,
Αλιπού κατσαμανιού τσί στα τιμσα τσι παντού,
Ηύρε του αραμπά και του πονούν τα πόδια!,
"Πέντε βόδια, εξί ζευγάρια",
Τσάκσενα τ' βυτίνα το μέλι,
Το γύρευεν απ' το Θεό και το βρήκεν απ' ανθρώπους,
Βουργάρκο κεφάλ',
"Τα γύρευγα απ' τουν ουρανόν, ηύρα τα απ' τους αθθρώπους",
Τί 'σαι σύ καί τί ΄μαι γώ;,
Η κόρακας του κόρακα του μάτιν 'εν του βγάλλει,
Άλλους είνν' η Θουρουδής κι' άλλους ικείνους πού θωρείς,
"Όποιους δε θέλει να ζυμώσ', δίκα μέρις κουσκινίζ'",
Αγάπη κρατά στα σκατά κι όποιος αγαπά σκατούται,
Εκεί πυ δεν τη σπέρνουνε φυτρώνει,
Εσέ τα λέγω ζύμη για να τ' ακούς προζύμι,
Τον έβγαλα ξεφτέρ',
Κακαρώνω,
Δρυός πεσούσης πας ανήρ ξυλεύεται,
Καμαρώνω σα γύφτικο σησπάρνι,
Καλή αντάμωσι στου Σκορδά του χάν',
Το κούρδισε,
Αμ΄ νάν το ΄χη η κιάλα του να κατεβάζη ψείρες,
"Τα καλά του Γιάννη θέλω, μα τον Γιάννη δεν τον θέλω",
Αυτός 'έν έχει να ξύση τα δόντια του,
Τού δέντρουν μί μιάν παλταδιάν δέν κόβγιτι,
Μην ειπής όσα θέλεις για να μην ακούσης όσα εν θέλεις,
Στα έρμα και στα σκοτεινά,
"Όποιος μήνας έχει ρω, πιε κρασί χωρίς νερό",
Εν είμου τον πιταμά του,
Μασχτίχα απ΄ το πολύ το μάσημα σαπίζ΄,
"Αν βρεξ ο Μάρτης δυό νερά, κι Απρίλης άλλο ένα χαρά σ' εκείνον τον ζευγά πώχει στη γη σπαρμένα",
"Ζουν κι οι γάτες, ζουν κι οι σκύλοι ζουν κι οι ποντικοί στην τρύπα",
"Γέρασα και δε φελώ, μόνο το ψωμί χαλώ",
Σκύλον από μάντρα κι άνθρουπον απού τζάκ,
"Ζήσε, μαύρε, να φάς τριφύλλι και το Μα και τον Απρίλη",
Οι δυό τουν έναν τρώουν τουν μ' οι τρείς κατά πονούν τουν,
Τον αράπη κι αν λευκάνης άδικα το σαπούνι χάνεις,
Η ακρίδα είχεν εργατιά και κείνη ακριδολόγα,
Με ξένα χέρια πιάνει φίδια,
Ούλη μου η έννοια τ' αντρούς μου ο θάνατος,
Χτυπά το κεφάλι του με τα δυό του χέρια,
Ξυέσαι ΄ς του τσομπάνη τη ράβδα,
"Ζημία που δεν έχει κόλυβα, ζημία δε λογάται",
Να κάτσης δεν έχεις και ν' ακουμπήσης γυρεύγης,
Το καλό παιδί από το σκατό του φαίνεται,
"Ο άνθρωπος όταν ακούη, δε χάνει",
Δεν αδιάζει να ξυστή,
Τ' άστρα πιάνει,
Πότε σκάν' ο διάολος; Όταν κλάν' ο πεθαμένος,
"Όποιος κλέψει το μιναρέ, έχει και το κλίφι",
Η δρόμους είνιν ανοιχτός κι όπου θέλεις τράβα,
Βάγιες μπροστά και βάγιες πίσω,
"Είδες γέρο έμορφο, απ' τα νιάτα τ' είναι ευκατάληπτος",
Η αρχοντιά φαίνεται από  μακρυά,
Επιασάν τουν μι τ΄ασημένουν τ΄αγκίστριον,
Όσες γυναίκες φορούνε μαμόκες θαρρείς πως είναι γαυλές νοικοκυρές;,
Στον απόπατο άμα ρίξης πέτρα θα τσαλαγγιστής,
Μήδε συ παπά 'ς τα φώτα μηδ' εγώ 'ς τον αγιασμό σου,
Πότ' ηγένικις κουλκούθθα κ' ησράβωσιν κ' η λιμός σου;,
"Ας λείπη και καλόγερος, ας λείπη κι η ευχή του",
Αν είσι κη ποππάς μι την αράδα σου θα πας,
"Η άθρωπους απού κεί που κάμνει εν ηυρίσκει, απού κει που εν κάμνει βρίσκει",
"Λιμοπείνα, λιμοπείνα αρρωστιά φέρνει κι η πείνα",
Ας με λένε σουπασίνα κι' ας ψοφώ από τη πείνα,
Πήγα Γιάννης κι ήρθα Κώστας,
Πέθαναν απόν τα γέλεια,
"Κυλάει η πέτρα στ' αυγό,αλλοίμονο στ' αυγό! Κυλάει τ' αυγό στην πέτρα,αλλοίμονο στ' αυγό",
"Όπου δυό, κι εμείς τρείς",
Του πουλλιού του γάλας έχει μέσα,
Αφήνει μια δουλειά στην τουρλα του Σαββάτου,
Ο Μάρτης τρεις καλές άμα κάν' οι άλλες θαν' είνι κακές τρεις κακές άμα καν' οι άλλες θαν είνι καλές,
Με το δικό φάγε και πιε κι αλισβερίσ' μην κάμης,
Δεν σκαμπάζει γρυ,
Τσαμπούρεψ' η καρδιά μου,
"Σα σπάση ο αραμπάς, χίλιοι δρόμοι ανοίγουνε",
Πγιάσ' τ' αχνάρια μου,
Ίντα σε κόφτει εσένα;,
Τ' ακατάστατα γένουνται καλότυχα,
Τ' άντερά του να δη χυμένα δεν τα πιάνει,
Τουν ισβαλά η πόρτα μου όξω του κατιφλιού μου,
Το σκυλί το λυάζ' δε δάκνει,
Σπείρε με κι αν δε σου μοιάσω φτύσε με,
"Σ' όλα υπάρχει νόμος, στα μάτια όχι όμως",
"Το μουνι σου κι' ένα πράσσο, τι μου δίνεις να στο πιάσω;",
Απόμνει στου ραφ,
"Τον άγαρο συχνάλλαζε, την κόρη συχνολούζε",
"Μικρά τα παιδιά, μικρά τα βάσανα τους μεγάλα τα παιδιά, μεγάλα τα βάσανα τους",
Σκαμνιού ποδάριν έσπασε 'ς τον τόπο καρυδενιο,
Ξεφτίζω,
Η πενία τέχνες κατεργάζεται,
"Μη χτυπάς τα γουνικά σ', θα του βρής απ' τα πιδιά σ'",
Ήταν ο καυγάς για το πάπλωμα,
Σαν το πουλί,
Βγήκε στα τρυφερίτσια,
Όσα έχω τα φορώ και το κλέφτη δε φοβώ,
"Όλοι τα σκιστά φορούν, ποιος να βόσκη τ΄ άλογα;",
"Α δεν είναι μαυρομάτα, ας είν' και τζιμπλομάτα",
"Ό,τι παρ' η νύφη στον παστό",
Κασιδιάρης ξύνουνταν και γουλιάρης κούρτανεν,
Έκατσ' η πομπή 'ς το δρόμο και γελάει τσι διαβάτες,
"Ο λύκος, γιατί 'ν' ο σβέρκος του χοντρός; γιατί κάνει τη δουλειά του μοναχός",
Όποιος έχει πολύ πιπέρι βάζει και στη φακή του,
Φύϊτι μύϊς απού 'μπρος κη κούνουπ' απού πίσου,
Τα μμάτια μου να πιστέψου γη ταυτιά μου,
"Μιά στ' αξί, μιά στ' αμόνι",
Απού του γάμουν έρχουμου της πείνας φουρτουμένους,
Εν τω άμα και το θαύμα,
Ολογυρίζ η Αγαθή σα τη πορδή μεσ το βρακί,
Του βγήκαν απ' τη μύτη,
Έμαθα τουν να κλουμπά γυρεύγει να μι πνίξη,
Τ' εφτωχού τ' αχάντ' απ'ν' 'ς σην στράταν ατ στέκ',
"Με τον αδερφό σου φάε πιε, μι αλεσφερίσι μην έχεις",
Γενήκανε τ' αγγεία θυμιατά και τα σκατά λιβάνια,
Βλέπω τον άγγελό μ',
Μικρό δόλωμα μεγάλο ψάρ πιάν,
Πέντε βόδια έναν άσπρο,
Της νύχτας ο κάντης πολλά κάν',
Από τα φάβατα ως τα κεράσια δεν θα πάει,
Κύλσε ο τέτζερες κ' ηύρε το καπάκι,
Θα του δείξω πόσ' απίδια βάνει ο σάκκος,
"Πριν να κλάψη το παιδί, να του κάνη το φαΐ",
Ευχή γονιού σ΄ αγόραζε κι όχι βουδί αλογάρις,
"Και παπάς έγινες, 'Ιάννη; Έτσι τάφερ' η κατάρα",
Ο Νάχας κι' ο Νάβρας κι' ο Καμενάχης ήτον΄ αδέρφια,
Δικό και μάλι,
"Ό,τι κάνη κόσμος, να κάνη κι' ο κοσμάκης",
"Αξώτης άϊος κι' α ενή, σκατένιος άϊος είναι",
"Έλα, πάππο, να σου πω τα ονικά σου",
"Η αγάπη θέλει γλυκειά γλώσσα, έχης δεν έχης, θέλει χουβαρδωσύνη, έχης δεν έχης",
Θα χτυπά ύστερα τη γκεφαλή ντου στο ντοίχο,
Ε΄ - αφορμήν εΰρευγα κι' ο Θιός καλώς τη στέρνει,
"Όσο βαρεί, ξίζει",
Νά 'τανε η ζήλεια ψώρρα θε να ψώρριαζ' όλ' η χώρα,
Ο παθός είναι ιατρός,
Εμουτζουρώθηκε τζη 'ύφτισσας ο κώλος!,
Πλιότεροι 'ν' οι παραπονεζούμενοι παρά τσ' απαραπόνεφτοι,
"Όποιος κερδίζει στα χαρθιά, χάνει στην αγάπη",
"Σου κολλά στο σβέρκο, σαν τη μυία στο κριάς",
Κάλλια σαν που λένε παρά σαν που θένε,
"Όποιος κυνηά πολλοί λαοί ούτε τον ένα πιάνει, ούτε τον άλλο φθάνει",
Μονοδαύλι στη φωτιά λωλός είν' που το φυσά,
Καλή νοικοκιουρά σ' έρημο ματζέ!,
Πασκαλιά Θεού κομμάτα,
Βάρτε το Θεό στη μέση,
Ο Ακριβός και το ξένο το λυπάται,
Να 'δα 'κείνος πούχε τζι δυο 'οι κι' ήττον' ο ένας ζευγάς κι' ο άλλος τσικαλάς...,
"Πεθερά, πεθερός",
Αός μυρίζει,
"Όντε νέχεις πέντε κράτα, κι όντε νέχεις δυό ξαπόλα",
Το σκεπασμένο τσουκάλι είναι πιο σίγουρ' από το ξίσκεπο,
Το πα είναι να μη ραΐση το 'υαλί...,
"Ο χωριάτης βάνει το σχοινί μονό και δεν σώνει, και το βάνει διπλό και περισσεύει",
"Μηδ' (μητ', ούτ') ο λόος μου φελά μηδε τάσπρο μου περνά",
Άνοιξε μάτι,
Δυό κεφαλές σε μιά περεττίνα δε χωρούνε,
"Όποιος θέλει να μισέψη, στην περιαλιά καθίζει",
Θα κάμη το Ζά λειβάδι,
Κάθα πρώτο δύσκολο,
"Έρημα νιάτα, κακά 'εράματα",
"Αουροφάς ήφαενε, ύαλινοφάς εν ήφαενε",
Με το μόδι μπαίνει και με την τρίχα βγαίνει,
Αύρι' ακούς,
Γελά που κλάνει μα δε του πιάνει,
"Ό,τ' ανεορέψη κανείς, το παθαίνει",
"Όποιος κυνηά δυό λαοί, μήτε τον ένα πιάνη μήτε τον άλλο",
"Βάστα, 'έρο, βάστα και, σαν απεθάνης, άσ'τα",
Τα λάθη 'ναι στσ' αθρώποι,
Απ' ακοής αλέθ' ο μύλος,
Άμα σου λάχη ο πειρασμός Δεξου τονε σαν αγιασμό,
Πλατάνοι σηκώνει,
Μύκονος,
Η άχνη ντου βρωμεί σα τζοί εφτά σκύλοι,
"Η όρνιθα πίνει το νερό, μα ΄φχαριστά και το Θεό",
Μήν κλαίς ποτές ακάμωτη δουλειά κι' έχεις καιρό να την κλάψης σά ένη,
Οι πόρτες είναι 'ια τσι καλοί αθρώποι,
Καλή νοικοκιουρά σ' έρημο ματζέ,
Δανεικά είναι τα κούρταλα στο 'άμο,
"Κάθα κακό θυμίζεται, κάθα καλό ξεχνιέται",
"Καλύτερα το σημερινό αυγό, παρά την αυριανή κότα",
Κόβω κονταρίδες,
Ο Μάρτης ψοφά το πρωί το' άδαρο κι ως το μεσημέρι τόνε βρωμίξει,
Και τουτο νείναι να περάση θέλει,
Είπα τζη γριάς να χέση κι' ήκατσε κι εξεκωλόθηκε,
"Κάθου, πράμα μο', 'κεί, που κάθεσαι, και λόια μη μου φέρης",
Ήπηρα στα ποδάρια,
Κρίμας τα χόρτα,
Τα καθαρά μαντήλια κάνου γκι' εφτές,
"Ξένα πόνια, ξένα 'έλοια",
Σ το νυν και αεί,
"Δικό μας είναι το πανί, δικό μας και το χτένι, σε κόρη, που υφαίνει, ή σε άνθρωπο, που κάνει δική του εργασία και δεν βιάζεται",
Δε νοά να μοιράση δυο αδάρ' άχερα,
Υρεύγει ψύλλοι στ΄ άχερα,
"Όποιος καή στην αλευρϊά, φυσά και το γιαούρτι (ή λιαούρτι)",
"Οπ' αγαπάς, κατούρησε, κι όπου μισάς, χτενίσου, κι οπόχεις όχτρητα πολλή, κάτσε κουτσονυχίσου",
Ήβαψες εσύ την αξίνη μου; θα βάψω κι' εω το νι νι σου,
Όποιος κάθεται καλά και δεν κάτσει και κακά του καλού δεν του θυμάται,
"Αν εΰπαρχεν ισωσύνη, ήθελε ναν' αλλιώτικος ο κόσμος",
Κώλο έδειρες κώλ' άφησες πάλι κωλαρέντος είναι,
Όλα σου τα δαχτύλια 'ναι ίσα;,
"Που καή στην αλευριάν, φυσά και το ξύγαλα",
Θα μου κόψης το νερό να ψυούν τα λάχανα,
Ο νήλιος με τα δόδια κι' η γριά με τ' αχταπόδια,
Στο καυκί ντου ουρανού,
"Σαράντα φα', σαράντα πιε, σαράντα μετανίσου, σαράταν δώσης του φτωχού να σώσεις τη ψυχή σου",
"Θαρρούνε τα τζαμόγδαλα, αγάπη φόρος  είναι, κι εώ (ή μα ' ω) την εδοκίμαξα, φόβος και τρόμος είναι",
Όποιος δε σπείρει το Οχτώβρη οχτώ σωροί δε κάνει,
Μ' ένα σμπάρο δυό τρυόνια,
Πέρισ' εκάην το μουνί κι' εφέτι τσίκνα τ' όβρε,
Κατά που χτυπά η φλάσκα...,
Μου κάνει τον γκιολέγα,
Α δε με φάνε στο ζύϊ καλά θα πάω,
Κάλι' αργά παρά ποτές,
Άλλος κάνει κι' άλλος ξεκάνει,
Η πουτάνα η στρίγκλα τα δικά τζη λε αλλού,
Ήλλαξεν ο Μανωλιός κι' ήβαλε τη βράκ' αλλοιώς,
Ήρεξέ σ' ο (γ)άδαρος. Ν' απογέψω ήθελα,
Ούτε συ παπάς στα φώτα ούτε 'ώ στον αϊασμό,
Σκύλο τρέφεις; Θα σε φάη,
Μια ζωή την έχομε,
"Όπου βρέξ', ας κατεβάση ...",
"Θώριε ούγια και παίρνε πανί, θώριε μάννα και παίρνε παιδί",
Η πουτάνα η Ιαλλού τα δικά τζη λέει αλλού,
"Εκείνο που δεν μπορείς να μου προσφέρης, μη μου τ' αφαιρείς",
Μπήει ο κλέφτης τσι φωνές να φύη ο νοικοκιούρης,
Πεσκαρίτης,
Του θεριστή τ' όνομά βγήκε κι άρα θερίση κι άρα μη θερίση,
Ο Μανώλης με τα λόια χτίζ' ανώια και κατώια,
"Σα δε με θέλη η Παράδεισο, η Πίσσα με παρακαλεί",
Δυό μαλώνουνε δυό φταίνε,
Αουροφάς επρόλαβε μα ο 'υαλιστής μήτε καθόλου,
Το Νοέμβρη νόα (γνώριζε) τσαι σπέρνε,
"Η βροχή, λέει, κι' 'έννα 'ν' ανερίφνητη",
"Νηστεύγει ο δούλος του Θεού, 'ιατί φαί δεν έχει",
"Άκου τα, σακκί δεμένο, στο χερόμυλο στημένο",
Καλύτερα τη σφάζω παρά να στην αφήκω,
Αμπασαδούρου κεφαλή ποτέ κομμό δεν έχει,
Του Ενάρη το φεγγάρι παρά λίο μέρα μοιάζει,
Δεν ήξερει τα τρία κακά τση μοίρας του,
Καλύτερα το σημερνό αυγό παρά την αυριανή όρνιθα,
Τη δουλειά όπου κατέχω παιχνιδάκι πού την έχω,
Να 'δα ο καλαθοβεργοδότης,
Χίλια λόια έναν άσπρο,
"Δικέβρης, δίκια κι' αν επόσπειρες κι' αν έχης κι' άλλο, σπείρε. Ενάρης, αν έχης τόπο καλό, βάρ' το, κι' α δεν έχης, άμε το στο μύλο, άλεσέ το, ζύμωσέ το, κάμε το ψωμί και φάτο",
"Κάμε, νάβρης (ή νάχης)",
Η καλή μέρα φαίνετ' απού ταχυτέρου,
Το πολύ κύριελέησο κι' ο παπάς βαριέται το,
Δεν ηξέρ' από που βγαίνει ο νήλιος,
"Μη δίνης αέρα του παιδιού σου, για θα χτυπήσης την κεφαλή σου",
Παστρικός (ή καθαρός) ουρανός αστραπές δε φοβάται,
"Ποιός ήθελε να μου το π' εδά, λέει, και να του το πιστέψω!",
Βήει ο κλέφτης τη φωνή να φυ' ο νοικοκιούρης,
Το μυαλό σου και μια λίρα και του μποϊατζή ο κόπανος,
"Τέτοιες κεφαλές, τέτοια θένε",
Εσύ κακό χερόβολο κι εσύ κακό δεμάτι,
Είπα γω και ασώνει και ας μιλήσει κι αγδόνι,
"Όσες κεφαλές, τόσα μυαλά",
Ο παπάς τα θαφτικά κι' ο νεκρός στ' ανάθεμα,
Το κρύο και τη ζέστη τη δουλιούνε μόνου οι ζαχαροκερένιοι αθρώποι,
Ως εκεί καί μή (παρακεί),
Μάραθο το μάραθο γεμίζει η γριά τον κάλαθο,
Εμιάωσενε μα δεν εμυάωσενε,
Και το λϊο τση γρϊάς καλό τση κάνει,
Γυναίκα θέλω το βράδυ κι΄ ας μην έχη ο λύχνος λάδι,
Αστιβές στο ντράφο να τσοι μέσα,
Τώρα πούφαα θα πέσω ('ια) να γνωρίση η κοιλιά τον αγά τζη,
"Εκάην εδά το πάπλωμα, μα κι΄οι ψύλλοι, οι διαόλοι τσ' επήρανε",
"και καλά, πώς θά πά' ένας να πνϊή, πρέπει να πνϊούμεν όλοι;",
Μα την έχει αρματωμένη,
Δε σε γνοιάζει μα 'χω ω ράματα ια τη ούνα σου,
Α' κοιμάται ο κρεμασμένος εκοιμήθηκα και 'ω,
Λάβε πόνο 'ια 'μορφιά,
"Τα μάτια που ΄χα τα ΄χασα, τα φρύδια τι τα θέλω;",
"Θές δε θές, γάδαρε, πιέ νερό",
Ο κλέφτης το εβέντισμα ια παναΰρι τόχει,
Πίσω κόβγει το κοπίδι,
Όπου τάχει τα μυαλά τζη απουπάν' α' τα μαλλιά τζη,
Τη σούβλη τη λένε ζεστασά,
"Λέει, μουνούχος είμαι, λέει πόσα παιδιά έχεις;",
Επά 'ιαλός κι' εκεί 'ιαλός και που να πέσω να πνϊώ;,
Εσπάσεν τα τσικαλούδια,
"Απού την έγνοια που σουχ', άντρα μο', ξέχασα τ' όνομά σου",
Νάλειπες εσύ κάλλια 'πάαινα 'ώ,
"Κατσίνα, λέει, του κατσού φαΐ",
Να λεφτά και δό μου πράμα,
"Μαύροι σκύλοι, άσπροι σκύλοι, όλοι οι σκύλοι μια ενιά",
Να ΄υρίση ο τρόχος να πλουτίνη κι ο φτωχός,
Ιάννης κερνά (και) 'Ιάννης πίνει,
Ια καλό και 'ια κακό πάρτε και μια γάτα,
Ο καλός μύλος αλέθει και σιτάρι και κριθάρι,
"Αν ήτονε η ζήλεια ψώρα, 'θελε νάναι όλος ο κόσμος ψωριασμένος",
"Κάθα καλ' ανευρίσκεται, κάθα κακό θυμιέται",
Το Μάρτη ψοφά ο 'άδαρος ταχυτέρ' απού το κρύο και βρωμίζει το βράδυ – βράδ' απού τη ζέστη,
Τα πολλά λόια 'ναι φτώχεια,
Στον ατζαμή (ανήξερο) λαχαίνει το ψάρι,
Κάλλια αδουρόδενε παρά αδουρούρεβε,
Τάσπρα ξυπνούν τον αωϊάτη,
"Μ' ένα κώλο γεράζει κανένας, μ' ένα βιός δέ γεράζει",
Τ' Άη Λιά (μπ)αίνει το λάδι στην ελιά,
Η κατάστασι τσι κάνει τσοι βοσκοί Αμερικάνοι,
Παπούτσια να μπαλώσωμενε,
Θα τονε βγάλης το κεφαλομάντηλο,
"Που στέκει απόξω στο χορό, πολλά τραούδια ξέρει",
Αν ήσαν μέλισσας παδί πέρνα και μη σβουρίζεις,
"Τιάρις και 'ια τσ' όμορφες εδόθην η αγάπη; Ια τσ' όμορφες για τσ' άσκημες, όποια ρεχτή το μάτι",
"Καινούργιο κοσκινάκι μου (ή καλαθάκι μου), και που να σε κρεμάσω;",
Ια την ώρα καλά είμαστα γκ' η κοράκοι ψοφούνε,
"Μήτε παιδιά, μήτε σκυλλιά",
Κώλος κλασμένος 'ιατρός χεσμένος,
"Όποιος κυνηγά δυό λαγούς, ούτε τον ένα πιάνει ούτε τον άλλο σώνει",
Λέει – Δεν έχω γρϊά ψωμί. Λέει – Βρέξε μου το στο ζουμί,
"Κατά που πορέβγεσαι, παιδί μου, ούτ' εώ δεν ηξέρω που θα σπάση το σκοινί",
"Ω καημένε άθρωπε, πως είσαι, πως γεννειέσαι, σαν πύργος θεμελιώνεσαι και σα νερό σκροπιέσαι",
"Τον οχτρό σου πρέπει να τονε ξέρης, για να φυλάεσαι",
Η Σάρα και η Μάρα και μια στραβή σομάρα,
Κόσμος χαλά και κόσμος γίνεται,
"Η ψευτιά είν' του διαβόλου, η αλήθεια του Θεού",
Ολ΄οι χαρ εφάασι μας κι΄ήρθε κι ο παντέρημος ;,
Ζόρι ζορινά Χριστός ανέστη,
Ο πρώτος δάσκαλος του παιδιού είν' ο ονιός,
Προφωνεύγω σε φτωχέ κι α δεν έχης δανείσου κι αόρασε,
"Πρασόφυλλο, πρασόφυλλο...",
Νερό δεν εβρέθηκε στο τσικαλούδι,
"Που μάχαιρα δώση, μάχαιρα θα πάρη",
"Ηύρες παλιοπάπουτσο σε κανένα ρυάκια;  Πάρ' το ρυάκα – ρυάκα, σε χωριό θα πέσης",
Μπαρούτι βρωμεί εδώ,
Τη χοιριά κάνεις λουκούμι,
"Άμα σου πούνε δυό νομάτοι πως είσαι μεθυσμένος, έπαρε τη στράτα και φεύγα",
Ο παπάς μας ο καλός μοναχός κυλά τ΄αβγό,
"Ο Μάρτης ο γδάρτης, κι' ο παλουκοκάφτης",
Η αγία Βαρβάρα βαρβαρώνει άη Σάββας σαβανώνει κι άη Νικόλας παραχώνει,
Τονέ βάνει και πλερώνει όσα δύνεται η προβιά του (ή η πέτσα του),
Πόσα μίλια πάει ο άδαρος;,
Φτωχός στο σπίτι πλούσιος στο παναΰρι,
"Όποιος κατουρήση στη θάλασσα, το βρίσκει στ' αλάτι",
"Ενάρης, αν έχης τόπο καλό βάρ' το, κι' α δεν έχης, άμε το στο μύλο, άλεσέ το, ζήμωσέ το, κάμε το ψωμί και φα το",
"Πόχει τη μυία, σκιάζεται",
Απέθανε να σαγαπώ και ζε να σεχ αμάχι,
Κάλλια 'χω το σημερινόν αυγό παρά την αυριονήν όρνιθα,
"Ο βλάχος, άρχων κι α ενή, πάλι βλαχιάς μυρίζει",
Ή νάναι τό τίοτα ή νά μήν είναι,
"Νάτονε η ζήλεια ψώρα, θένα 'ψώριαζ' όλη η χώρα",
Θυμός Θεού είναι!,
Τα μυαλά σου και μια λύρα και του μποϊατζή ο κόπανος,
Άρατ' αθέματα κουκκιά μαειρέματα,
Δεν επέρασεν α το μάτι μου,
Νά λείπαν τά πιπέρια μου νά δώ τσοί μαεριές σου,
"Χαρά στο 'έρο π' αγρυπνά, στον νιόν όπου κοιμάται",
"Με τ΄ αχείλι πόχω, φως μου, μετά ΄κείνο σε φιλώ",
Κάνεις το καλό και κολάζεσαι,
Δικό σου το μαχαίρι και ξένο το ψωμί,
Στά σαράντα του μεσίτη άλλος είναι μές στό σπίτι,
Όλος ο κόσμος είναι κερατάς,
"Ποιός είδεν ένα, να κρίνη δυό;",
Εδιάηκα 'ια μαλλί κι ήβγηκα κουρεμένος,
Η αμαρτία θάνατο 'εννά,
Ο οχτρός φίλος ποτέ δε ΄ίνεται,
Ετσά κι΄ ετσά ΄φάαν οι σκύλοι τα πετσά,
"Ότι γράφει, δε ξεγράφει",
Και το πουλλί που 'ναι πουλλί κι' εκείνον έχει πόνο,
Κάλλια στο μάλι μου παρά στο κεφάλι μου,
Το καλόν αραθάκι από μικρό του δείχνει,
"Όποιος δεν έχει καλό νού, έχει καλά ποδάρια",
Που ταχυνοφάην και μικροπαντρευτή ποτέ δε μετανοιώνει,
Πρώτα θωρείς το 'είτονα σου κι 'απέκειο το Θεό,
Ηύρες πούλουδο να πάρης μέλι,
Το πρόσωπο τ' ανθρώπου 'ναι μαχαίρι,
Πανί βρωμεί εδώ,
Απόψε με τα τούρτουρα κι αύριο με τον άουρο,
Γιά 'να κασσιδιομέν' αρνί κασσιδιάζει τό μαντρί,
Ήθελες τα κι' ηπαθές τα,
"Έξε μόδια βάνει ο φούρνος, δυό περέττες δε χωρούσι",
"Που καινούρια στράτα πιάση, τσι παλιάς δεν θα ξεχάση",
Όλον εώ στο μύλο;,
"Βγάρ' τη σκούφια σου, βάρι μου ή βγάρ' το μαντήλι σου βάρι μου",
"Έχεις δίκιο, μα που να τόβρης;",
Είδα ω έρον παπά κι ήθαβγε μωρά παιδιά,
"Ο Θεός είν' αψηλά, μα θωρεί και χαμηλά",
Η ανάγκη κάνει τ' άρματα,
Όποιος πεινα κι όποιος διψά πέσε ραβδί δος του μιά,
Ο καλόερος κοιμάται κι ο Βρϊός του μαερεύγει,
Δωσ' μου το ψωμί σου να κόψω να σου δώσω,
Πώχει μωρά και τζάτζαλα στο άμο ήντα θέλει;,
"Τόσο σε δώνω πράμα μου, κανείς να μη σε πάρη",
Όποιος θαρεύγεται τον κώλο του χέζει τα βρακιά του,
Αόρχι είναι η κεφαλή του μέσα,
"Αλίμονος στο σπίτι, που ΄ενή το θηλυκ΄ ασερνικό",
"Ο Ακριβός για το χαρτί, χάνει και το πέταλο",
"Τόσο σε δώνω, πράμα μου, 'ιά να μή βρεθή κανείς να σ' αοράση",
"Κρέμο 'συ, λαρδί μο', 'του κι' η ψυχή μ' ας βγαίνη επά",
"Η πείνα τσι ευγενικοί, αδιάντροποι τσι κάνει",
"Δεν είμαι φαάς, μα είμαι παραπονιάρης",
"Άσπρος σκύλος, μαύρος σκύλος, όλοι οι σκύλοι μια ενιά",
Θέλει και το Βουρδούλη και το Βασίλη,
Ωστε να ΄ρθη ξημερώνει,
Όπου βρίσκει και γαμεί τύφλα ντου κι αν παντρευτή,
Αλλού τα κακκαρίσματα κι' αλλού 'εννούν οι κόττες,
Άμα σού δώσουν τ' αρνάκι βάστα και το λυταράκι,
"Όσο θέλεις, δούλευγε, κι ο Θεός, όσο θέλει, θα σου πέψη",
Πιο πολύ φαϊ τρώεται με το μέλι παρά με το ξείδι,
Κατά μάνα κατά κιούρη,
Έχεις μπάρμπα ΄ς τη Κορώνη πήδα όσο θές. Δεν έχεις; κάτσε ΄ς τ΄ αυγά σου,
Αλίς του που δεν έχει νύχια να ξυστή κι αναμένει να τον ξύσουσι,
Κάθα μέρα 'δά είναι Σάββατο;,
Η καλή δουλειά αργεί,
"Ο σκύλος άμα μααριστή, πάει πια",
"Βαφτισμένος, μυρωμένο, του Θεού παραδομένο",
"Η πέτρα 'κει που κοίτετ', εκεί μαλλιάζει",
Όπου κουτσαίνουν όλοι πρέπει να κουτσαίνωμε κι εμείς,
"Το Σαββάτο είναι βοργιάς, Δευτέρα κερατάς",
Τα σκυλάκια με βαστούνε,
Το καλύτερο φαΐ του κόσμου 'ναι η όροξη,
Το καλ' αγκαθάκι από μικρό του δείχνει,
Έχω 'ώ ράμματα ιά τη 'ούννα σου,
Τα μάθια σου τέσσερα,
"Άη μου Νικόλα, και σώσε με. Λέει, Και σάλεβγε κι΄εσύ τα χέρια σου",
Και συ κακό χειρόβολο (ή χερόβολο) και 'γω κακό δεμάτι,
Από κολοκύθι είσαι,
"Κάτσε, κιουρά μ', ανέμενε να κάμω 'ιο να πάρης",
Όλα τα πουλιά μισούνε κι΄ο τρουτσουλίτης κάθεται,
Ακόμα δεν τον έφθασα τέθοιο καιρό καμένο να 'ναι τ' αμπέλια άφραα και μέσα να μην μπαίνω,
Και τα μεταξωτά βρακιά πιδέξοι κώλοι θέσι,
"Ο Ενάρης δε 'εννά μήτ' αβγά μήτε πουλιά, μόνου χιόνια και νερά",
Το γύφτο κάνουν βασιλιά κι αυτός γυρεύγει ρείκια,
"Γρϊά κι' αν εστολίζουσου, στ' ανήφορο 'γνωρίζουσου",
Μέγας είσαι πλάτανε με τα πλατανόφυλλα!,
Ο κόσκινος τα ξεδιαλύνει,
Μια πούναι φόρτσο το μοναστήρι!,
Χωρίς το θέλημα Θεού φύλλο δέντρου δε σέται,
Δικό σου το ψωμί και το μαχαίρι,
Που πονεί πάει στο γιατρό,
"Ετσά σε θέλω παπαδιά, να κόβγης μοναχή κλαδιά, να κάνης την απλωταριά",
"Λέε, λέε το κοπέλι (ή: Πε το, πε το το κοπέλι), κάνει τη γρϊά και θέλει",
Το καλό αδουράκι κάνει δυο στράτες,
Δεν έχει γέρο; δώσ' κι αγόρασε,
Όπου θέλει ο τσικαλάς κολλά τ' αυτί,
Τού ' δωκες πολύ αέρα,
"Άη μου Νικόλα, κάψε κι΄άφης κιόλα",
"Αέρας είναι πού φυσά, μα θά σιανεμέψη καί θα 'ρθη κι η σιανεμιά στά χέρια μου να πέση",
Η ομορφιά είναι μουσαφιρλίκι,
"Ο Θεός αρφανά ήκαμε, μα κακορίζικα δεν ήκαμε",
Όποιος βιάζεται σκουντάβγει,
Κόβγε ρίχτ' απίσω σου,
Πάει πετροχελίδονο η γλωσσά του,
Το σκόρδο ρεμεστέλο κάνει κι' εαυτός,
Απ' ακουής δουλέβγει ο μύλος,
Με ξένα κόλλυβα μνημονεύγεις τσι παπουδολαλάδες σου,
Σε ξένο τσικάλι μήτε ξείδι μήτε λάδι,
"Σα φανή κολοκυθάκι, αποσπέργιωνε λϊάκι, σα φανή η κολοκύθα, αποσπέργιων' όλη νύχτα",
"Βρέχει, βρέχει και χιονίζει κι ο παπάς χερομυλίζει",
Έβεντο ανεέλιο του κόσμου,
Αλλότες ήτον' άλλοτες και τώρα νείναι τώρα,
Την έκαμα και τάκαμενε ίσαμε το σούρτη,
Από καράβι κι΄ από σπίτι η γρίνα δε λείπει,
Και τα κακά κειτάμενα και τα καλά κειτάμενα κι' οι χοίροι κι' οι σκύλοι τα τρώνε,
Καλύτερα 'ναι να ξέρης παρά νάχης,
"Αλίς στο νιο που ξαγρυπνά, στο 'έρο που κοιμάται",
Λόος π' ακουστή ψωματινός δεν είναι,
Α σου δώσω καμμιά θα δης τον νήλι ανάσκελα,
Από 'κει που 'πέρασεν η κατσίκα θα περάση και το κατσικάκι,
Πιάνει το Θε' ἀ' το ποδάρι,
"Ότι να ρίξης πέτρα, τα υστερνα σου χρόνια",
"Αυτόρ, λέει, έιναι φωθιά τ' Αη- Αντωνίου",
Καλύτερα νάχη κανείς κακό χρόνο παρά κακό 'είτονα,
Του παπά το πετραχήλι σαρωνιά είναι και σύρνει,
Σαν αλαμάνος είσαι καημένε!,
"Λέει μουνούχος είμαι, λέει, πόσα παιδιά έχεις",
"Είπα 'ώ, ας πη κι' άλλος",
Σε' άμο και σε ταξίδι ούτε λάδι ούτε ξείδι,
Τ' ακριβού ή ζήτα του ή κλέβγε του,
Ευτό παλιό κι' άλλο καινούργιο,
Τα μυαλά σου και μια λίρα!,
Κόττα πίττα το Ενάρη και παπί τον Αλωνάρη,
"Δεν είναι δίκαια κατάρα, σα νάναι δίκια ώρα",
"Δέν είν' αβγό, μόνου τόκαμεν ο πετεινός",
Επά ο κόσμος χάνεται κι' η γρϊά στολίζεται,
Τό κρϊό τσ' ελεημοσύνης,
"Μα 'φτό 'δά, λέει, θαμάζομαι κι εώ",
Αλλοίς τον που δεν έχει νύχια να ξυστή κι αναμένει να τόνε ξέσουνε άλλοι,
Στο ζύϊ μ' εφάανε,
Το κάλλιον κάλλιον είναι,
"Ο άθρωπος, λέει, 'ίνεται δυο βολές μωρό",
Ανεστεναζει ποντικός να περάσ' α' το μαντζέ τζη,
Σ το χωριό που 'εν έχει σκύλλοι πορπατουν οι αθρώποι χωρίς ραβδιά,
Εγλυκάθην η γρϊά τα σύκα και το βράδυ τανεζήτα,
"Όλα τάχει η Ζαφειρίτσα, μόν' ο φερετζες τσή λείπει",
Κουκκιά ήφαες και κουκκιά μαρτυράς,
"Τα ξένα ανεπαύγουνε, μα δε θεραπεύγουνε",
Για πείσμα του ειτονου μου θα κόψω ώ τα ρχ ... μου,
"Μαύροι σκύλοι, άσπροι σκύλοι, όλοι οι σκύλοι μιας γενιάς",
Δε δα (ιδές δα) το σκύλο στη στάχτη κι αμ' έλα μου στ' αλεύρι,
Επά ιαλός κι εκεί ιαλός καί πού νά πέσω νά πνιώ,
Παίρνω τ' αφτιά,
Δε θα σου βγάλουν το κεφαλομάντηλο!,
Άλλα λόϊα ν' αγαπιόμεστα,
Στσ' αθρώποι 'ναι τα λάθη (ή: τα λάθητα),
"Αγάπα με να σ' αγαπώ, θέλε με να σε θέλω, 'ιατί θε νάρθ' ένας καιρός να θες και να μη θέλω",
Άλλοι λαχταρούν τα ένια κι άλλοι κόβγου ρίχτουν(τα,
Στο πιστέβγω θάρθω,
Όποιος δεν έχει παλιά δεν έχει και καινούργια,
Δε ντα βγάνω σε κεφάλι,
Τα τζττζά του Ιάννη θέλω και το Ιάννη δεν ηθέλω,
"Α δεν εμοιάζαμε, δεν εσυμπεθεριάζαμε",
Βήει ο κλέφτης τσι φωνές να φυ' ο νοικοκιούρης,
Λόϊα σου 'παν οι φκιωέρες του Χατζή οι θυατέρες,
Ποιος βάλλει το δάχτυλον του εις το μέλι και δεν το αγλείφει,
Το λαό τόνε πιάνεις με τον αραβά,
Κάτι λάκκο θάχη η φάβα,
Όλα τά 'χ' η Μαργιορίτσα μόν' ο φερετζές τσή λείπει,
"Έμη σκόρδο, έμη κρομμύδη",
Που ζει μεταζώνεται,
Τρέχα ΄ύρευγε και Νικολό καρτέρει,
"Αν έχης εσύ κοιλιά 'ια σπάσιμο, δεν έχω 'ω φαΐ 'ια χάσιμο",
Άιά Βαρβάρα βαρβαρώνει κι΄Άης Σάββας σαβανώνει κι΄άης Νικόλας παραχώνει,
Βλέπε μάννα κ' έπαιρνε παιδί βλέπε γούγια και κόβε παννί,
Ευχή γονιού σου άπαρε και στο βουνό ανέβα,
Το ραβδί έχει δίυο άκρϊες,
"Ας μη λύσ' εμένα το βρακί μου, κι ας λύση και τσή μάνας μου κι ας λύση και τσ' αδερφής μου",
Πόσα ξέρεις; όσα είδα,
Με ξένα κόλυβα μνημονέβγεις το τσοι ονείς σου,
"Όπου κράζουνε πολλοί πετεινοί, αργεί να ξημερώση",
"Κάλλιο στο μάλι μου, πάρα στο κεφάλι μου",
Παρασκευγοπλυμένη μου και Σαββατοστεγνώτρα...,
Ω κι εφτός θαρρεί πως θα κάμη το σκόρδο ρεμεστέλλο,
Κολιός και τζόος (κι είναι) κι α' το ίδιο βαρέλι,
"Έλα πάππο μου, να σου πω τα γονικά μου",
Απέθανε να σ' αγαπώ και ζε να σοχ' αμάχι,
Θα σου βγάλω τα νύχια σου,
Τόνε τρώει το αίμα του και στριφώνει το μουστάκι,
"Εσείς μοιάζετε του διαόλου, που τονε θυμιάζουνε με το λιβάνι και τσιλιμπουρδά και φεύγει και θυμιάζεις τονε και με τσι καβαλλίνες και στέκει κι αξανοίει σε",
Το πάθημα 'ίνεται μάθημα,
Εφτό σύρνεται,
"Κάπου μέδες, κάπου σέδα",
Τα νύχια μου 'θελε να μυριστώ;,
"Όποιος δε θέλει χαλκοχτυπήματα, γείτονα χαλκιά δεν κάνει",
Ψώματα κι αλήθεια ετσά είναι τα παραμύθια,
Το πολύ κυριελέησο κι' ο παπάς βαριέται το,
Πόχει τη μυία σκιάζεται,
Του Σαββάτου ο βοριάς φίδι νάναι τη Δευτέρα θ' αποκάμη,
"Τα λε' η πεθερά, 'ια να τακούη η νύφη",
Τρώει η ζημιά το διάφορο,
Ξοδιάζουν οι λωλοί και τρων οι φρένιμοι,
Το κοψένε κλαδί,
Μίλιε γαδάρου ν' ακούς πορδές,
"Σα δε μασε θέλη η Παράδεισο, η Κόλαση μασε παρακαλεί",
Όπου τόνε ΄γράψενε ο Θεός έτσι θα πάη,
Των Αγίων Αποστόλω τα παπούτσα και στο δρόμο,
Πατώ ποδάρι,
Το πάχος κρύβγει δέκατέσσερα ψϊάδια,
"Στο βουνό 'ίνεται η ζημιά, μα πάει τρεχάτη στο ρημάδι",
Παπους,
Εδιάηκα να 'ιάσω κι εξεπάιασα,
Κατακλυσμό κάνει,
Άλλα 'ν' τα μάθια του λαού κι άλλα 'ν' τζή κουκουμάβλας κι άλλα 'ν' του εροντόμουλου κι άλλα 'ναι τσ' αελάδας,
"Λείψ' απού το μιστό, να μην σ' εύρη κρίμα",
Αποβραδύς με σκόλασε και ταχύτερου πιάς με,
"Όποιος έχει τα 'ένεια, 'χει και τα χτένια",
"Φύλαξε τα νειάτα σου, να 'ης καλά γεράματα",
"Πον επέθαινα, να ησυχάσψ!",
Μικρό μικρό τ' αλωνάκι σου και νάναι μοναχικό σου,
Το σϊό σϊό νεράκι το περνά το 'αδουράκι,
Όλα τα' χει η Ζαφειρίτσα μόν' ο φερετζές της λείπει,
Με ξένα κόλλυβα μνημονεύγεις;,
Όπου δυό κι εμείς τρείς,
Ο κάρπικος παράς κι άσκημο λόος απομείνει του νοικοκιούρη,
Κάλλιο να ξέρης παρά να 'χης!,
"Πολλά καλά στην έρημο, γιατί κόσμο δεν έχει",
Η παλιά όρνιθα (ή κόττα) τόχει το ζουμί,
"Χριστέ μου και να 'πέθαινα το Σάββατο το βράδυ, για να με κατεβάσουνε την Κυριακή στον Άδη",
"Πολλά μαλλιά, λΐα μυαλά",
Όπκοιος δε φοβάται τη θάλασσα δε φοβάται το θεό,
Φέθια βούδια τρών' οι λύκοι,
"Καλημέρα, μπάρμπα, λέει. Κουκιά σπέρνω",
"Ενάρης, αν έχης τόπο καλό, βάρ'το, αλλοιώς άμε το στο μύλο κι' άλεσέ το και φά το",
"Σημάδια χωργιανένα, μου ίνουνται, 'υναίκα!",
Αθιβόλι 'ναι τ' αφτί σου,
"Άμα θωρής του 'ειτόνου σου το καλύβι και καίεται, ανέμενε και το δικό σου",
"Κώλος που κλάνει, χέζει το 'ιατρό",
Αδικοχτισμένο σπίτι πέφτει και γρεμνίζεται,
Το κακό μαθητεύγεται,
"Κάλλια ξέρ' ο λωλός νοικοκιούρης, παρά το φρένιμο είτονα",
"Βούρλα μού δώνεις, ψαθί σού πλέκω",
"Όλα τάχει η Μαργιωρίτσα, μόν' ο φερετζες τσή λείπει",
"Όποιος αγαπά τα φάβατα, σπέρνει κουκιά και κάνει τα",
Φειδιού γλώσσα σε φάη κι όχι αθρωπινή,
"Μα να κλαίνε δα, λέει, οι αζύμωτοι, να κλαίν κι οι ζυμωμένοι",
"Άπιαστος κλέφτης, καθάριος νοικοκύρης, (ή ουρανός)",
Δε νοάς και συ καμένε να μοιράσης δυό αδάρ' άχερα,
Να σκεπαστή όλος ο κόσμος και να μένη το πάπλωμα,
Όπου πολλήν αγάπη και πολλήν αμάχη,
Το πολύ περίσο το χαλά το ίσο,
Ενούς γαδάρος ξύλο,
"Έλα, γιέ μου, να μου πης τα γονικά μου",
Τρύπα ίνηκε στον ουρανό!,
Αθιβόλι είναι τ' αφτί του,
Μήτε συ παπά στο Φώτα μήτε την στον αϊασμό,
Η καλή άτεκνη κάνει ή ένα ή καθόλου,
Ια το 'είτονά μου λέω και 'ια λόου μου 'υρεύγω,
Η σιωπή είναι μαλαματένια κι η γλώσσα 'ναι σκατένια,
Όπου άδαρος κι εμείς σομάρι,
Που κοπελομάθει δε 'εροντοξεχνά,
Το καμωμέν' άκαμωτο δε 'ίνεται,
Τον Μα' (Μάη) και τον Απρίλη και τον 'Ερινιαστή που κλάνουν οι 'αδάροι και πίνουν οι βοσκοί,
"Ούτσι, ούτσι, να σε βάλω στο σακκί!",
Ια μια την ήπαθεν ο Μαραβέλης,
"Όπου 'άμος και χαρά, δεχτήτε και το μασκαρά",
Μάρτυρας,
Ότινα μ' εύρης έοαρ' με να μ' έχης όντε θέλεις,
"Μα είπα σου, πως δεν θα βρέξω, όχι πως δε θα θρέψω",
"Α δε ριζϊάρης, δε σκαπουλάρεις",
Τα σκυλλάκια με βαστουνε,
"Τα μικρά δεν ήθελες τα μεγάλα ΄ύρευγες, τράβα, ΄έρο διάολε",
"Που καβαλλικεύγει ξένον άλοο, γλήορα ξεπεζεύγει",
"Νάτονε η ζήλεια ψώρα, εκασίδιαζ' όλη η χώρα",
Ο διάολος κάνει το καλάμι τουφέκι,
Θύσε και απόλεσε,
Μόνου ο Θεός είν' αλάθαστος,
"Καλύτερα 'χω στο σπίτι μου μιάν ώρα, παρά στον Άδη χίλιες",
Έτσι τάφερ' η κατάρα,
"Η μάνα μου ψωμιά πουλεί, η μάνα μου ψωμιά αοράζει",
Να τρώς και να γλύφης τα δαχτύλια σου,
Είχα το παιδί κι' είχα τη χαρά κι' ήψηνα (ή ήβραζα) τ' αβγό κι' ήτρωα το 'ω,
"Ο Θεόν σκάλας χτίζ, άλλ' ανηβαίν' νε κι άλλ' κατηβαίν΄ νε",
Εκρέμασεν την γούλαν ατ,
Η γλώσσα κλαδία κι έσ',
Το κεφάλι μ εγέντον ζαμνίν,
Εβράδυνεν κ' εσήμερο!,
Η γραία Καλαντάρι αγγούρια εψαλάφανεν,
Ο κουφός ταιριάειν το,
Αναλυγμένον εν,
Λύσον καικουβαρία,
"Ο πετεινόν που κουγίζει παρώρας, κόφτει το κεφάλιν ατ",
Αι σον Άδην κάκαλα γυρεύει,
Έπιασεν έναν πεντικόν,
Σό γορός π΄ έκαμεν κι΄ είχεν και σήν παράν σ΄ έκαμεν είχεν,
Άσπρον ζήσ' πα εν' και μαύρον πα εν,
Τον άρκον ας σο ρασίν κατιβάζυε κ' ημερών ατον κι εσύ ακόμαν ζώον είσαι,
Τέρεν την ούιαν κ' έπαρ το παννίν τέρεν την μάνναν κ' έπαρ το παιδίν,
Ας ατόναν κορώνα κι γκαστρούται,
Η γλώσσα πατεί τα πράδια,
Εσύ αν είσαι ο διάβολος κ' εγώ είμαι η ουρά σου,
Της μεγάλισσας της κοσαίρας τ' ωβγόν είσαι;,
Πόσα πρόβατα οργιάγεις,
"Όλα γίντανε, τη κιοσέ τα γένεια μαναχόν κι φυτρώννε",
Τον κωφόν τον βασιλέα είπεν άτο,
Τ' άλας ατ' ξερόν έν,
Τσατσία και κλαδία πιάν',
Τον σκύλλον θυμού και το ραβδίν ΄ς σα χέρα,
Σ ση γιαϊλέν πα έρθα είδα σε και το μυτί σ' ξάν όλιζεν,
Ο Θεός εμέν 'κ  εθέλεσεν κ' εγώ ατόν,
Τ' αλεύρα ξένα κ' οι πεντικοί ταβίζ'νε,
Όθεν 'κι σπέρ' θερίζ',
Σ' σο γεργάνι σ'κερέν άπλωσον τα ποδάρι σ',
"Άμε μανίτσα μου, εκείθε κ΄ έλα, υναικίτσα μου εδώθε",
Ας σο ξερόν το ποτάμ' δαβαίνω κι απ' εσέν 'κι απιδαβαίνω,
Τ' αγίας Κερεκής τ' άψιμον,
Έστραψαν τα πέταλα 'τ',
Εσύ πάς εκαρκάριξες κ' εσήβες 'ς σύν δουλείαν,
Ποιός εχάσεν την εντροπήν και να ευρήκ'ς άτο;,
Η κάτα έφερεν τομ πεντικόν μάρτυραν,
"Άψε, Γιάννη που ναι πόρτα;",
Έφαγεν το κεφάλιν ατ,
Ασην πίσσαν εξέβεν κ' εσέβεν σην γατράν,
"Ό,τ' ορίσουν τα θεμέλια προσκυνούν τα κεραμίδια",
Το ξύλον ας σον παράδεισον εζήβεν,
Ο σκύλλον ντο μαθάν' κι απομαθάν',
Σ ατόν επεκρεμάστα,
"Τα δυο αδέλφα είν' καλά, τα τρία άλλο καλλίον, τα πέντε και τα τέσσερα κάστρα θεμελαμένα",
"Λεπί μ, λεπί, τ' οπίσ' κ' ο κόσμος λιακόνια κ' έει",
Καν επεπύρνιξ ορφανόν τον ύπνον ατ' εχάσεν,
"Ο Μάρτης αν μαρτεύκεται, η γραία φτειάει μουσκάρια",
Ως που τ ομμάτια σ να τσαμπλίγης,
Κλιμένον κεφαλήν ακονιμένον σπαθίν κι κόφτει άτο,
"Όθεν κέσ' κλώσκεται, το ζωνάρ' αχτράμα ζώσκεται",
Ο σκύλλον ας σο πολλά το ύλαγμαν εγέρασεν,
Κι γαμώ και τημ μάνναν αχτί,
Ενενήντα εννέα κι άλλ' έναν εκατόν,
Το τέρτι μ' όλον τη πεθεράς – ι – μ' ο θάνατος,
Που μοιράει μοίρα 'κ' έχει,
Άντραν κι άλογον πή 'κ' έχ' 'ς σην παρέβγαν έργον 'κ' έχ',
Απέξου πρόβατον κι αποπέσ' λύκος,
Η κόρ' έμαθεν αβράκωτος και φορεμέντσα εντρέπεται,
Τσ' έτον π' εφτώχανεν; Π' είχεν τα παιδιά τσ' έτον π' επλούτινεν; Π' είχεν τα παιδιά,
Έφαγεν ζαντόν μέλ΄,
Πρώτα ώβγησον και π' εκεί κακάνιξον,
Αρκοβασίλτς,
Ξένος εφώς 'κε φέγγει,
Κάθετουν πομπή σσην Δεβαν κ' ενεθέκνεν τοί δεβάτας,
Τα ελέη του Θεόυ,
"Έφαες τ' ωβό κ' εκάες,εφιλέθες κ' ενεπάες",
Τ' Αβραάμ τ' αγαθά,
Άστρα κουρτά,
Του οικοκύρη τ' ομμάτιν πασύνη τ' άλογον,
Παίρω αντικάμια,
"Κάλ ημέρα Γιάνν, εγδίν πελεκώ, η συντέκσα μ ντ' εφτειάγει; Εφτά κότια βάλλει",
Τη μωρού το χατίρ' π' ετέρεσεν τ' εκεινού επελέστεν,
"Κρίμαν 'ς σ' αμέκα μ' τα πολλά, 'ς αργατικά μ' τα πλέα",
"Ο Μάρτς ουντάν μαρτεύκεται μυρίζ' μανουσακέαν, κιουντάς καταχολιάσκεται τον Καλαντάρ διαβαίνει",
"Το κορίτσιν, ντ' απραγιών' 'ς ση πεθερού στείλλουν ατό 'ς ση κυρού",
Αψιν αξύδιν,
Αφκακές χαντσεύ,
Τα κουφάλα πα έχ' νε ωτία,
Άντρας εμ άς εν ουστάπασης και τζοχάρ' αν θέλτς ας εσ',
Η κοσσάρα πίν' και τερεί και 'ς σον Θεόν κι αν!,
"Τέρ' τον κύρ' κ' έπαρ' το παιδίν, τέρ' τη μάνναν κ' έπαρ' το παιδίν",
"Μάθε, κόρη την αγρύπνίαν και τηγ κακοπορίαν και όνταν πας 'ς σα πεθερκά να είσαι μαθεμέντσα",
Οι πολλοί θέλουν πολλά και οι ελίοι απ' όλα,
Σ έναν παράν απάν' κρούει δέκα τακλάδας,
Τα λόγια τ' φέγγον κ' έχνε,
Άμον δροσίν,
Είχαν άτα οι Γιασάντοι κ' επήραν άτα οι Χασάντοι,
Από λόγια κι παίρει,
"Εθέλεσες κι επέθανες, της γης χαράν εποίκες",
Η δούλα του ση χρείαν κάεται,
Επήραν τα ρωθώνιατ αέραν,
"Εγώ ας το δαβαίνω, ο κόσμος ας χαλάεται",
Το λογαριάεις κ' έρκεται,
Η κοιλία τ' πολλά παίρ',
Ας σον Γιάννεν κέσ' τον Αγιάννεν πα ενερέστα,
Εσύ κ' η αλεπού 'ς τον κόσμο,
Άλαλος κι αμίλαλος και γάλενον ποτάμιν,
Όνομαν τη δεσπότ' και φαγίν τη διάκονος,
"Νια προκομμέντσαν νύφεν, νια απρόκοφτον κορίτς",
Τα μαλλιάρια τ' άλογα με ταργυρά κωδώνια,
"Εσύ το δαβρίν λάϊξον και το ζαντον το μουλάρ, γίνεται πενλίν",
Ασήν γειτονία σ' σύντροφον κι ασο σπίτι σ' αξούχ,
"Εφώλειψα, κ΄ επούλειψα, σήν άκραν τηδέν κ΄ έχω",
Τα κατά Λουκάν,
Τι σκύλ' το δίκαιον πα δίκαιον εν,
Το νερό φυσά και πίνειν το,
Α σ' αντρού μου τ' άλας βάλλω σο φαΐ μου,
Κόσμος έν,
Καθώς κ' ελάλησεν ο κολογκυθάς οφέτος Πάσκα κι θα έχομε,
Κανείνος κερίν ους να εμέρωσεν 'κ' επίασεν,
Ντο έβρεξεν ο ουρανόν κ' η γη να μη εδέχτεν;,
Τή Καϊάφα η λέπρα,
Ο κούκουδας αμόν το λαλεί,
"Έδωκα σε πρόσωπον, θέλτς και τ' αστάρ",
Θυμήσου τον κι ας έρθη,
Ποίω συντροφίαν με τον διάβολον ώστα περώ το ποτάμιν,
Καβαλλ'κεύω τον γάιδαρον ώσππου ευρήκω τ' άλεγον,
Για λάμψον για θα λάμπω,
Έρθεν το νερόν 'ς σ' αυλάκ',
Ο μακρύς τρώγει τα μόρια κι ο κοντόν τρώγει τα κοβόρια,
Εγδίν πελεκεί,
Α βάλλω το χόρι σ' 'ς σο μελοκούτ',
Τον αποθαμένο της ώρας τον κλαίουνε,
"Μάντζ' και γλυκόν, εφτασμένον και πικρόν",
"Αν ελέπης την κοτύλα σ, θιά ελέπης και το ...",
Εμπαίν η μυία τρώγει ατο ευγαίν ξεράτο,
Ξερά κουκκιά ΄ς την πέτρα δεν κολλάνε,
Ήντσαν τρέχ' 'ς σήν αρχοντίαν συερά την εφτωχίαν,
Λα κνηκάτον κ' εν,
Όποιος ολιγωρεί ν' αρχοντύνη συγερά την εφτωσίαν,
Αλοτίζ' σκυλλία,
Το κατζίν ατ' οι σκύλλ' έλειξαν,
Τη καμελί' ποίον εν σωστόν και θα εν και τ' ουράδ'ν αθε;,
Εμπροστά σ' εν και ελέπεις ατό,
Και κι οκνείς και λες ατο,
Εκόπεν (ελύγεν) η καρδιά μ,
Για μ' κόφτεις το ταγίνι μ',
"Ζάντι, ντο πονείς; - ήν τι α θέλω",
Το (γ) αίμα μ βράζει,
Εκίνησεν Εβραίον κι ευρέθε Σάββατος,
Οκνάντ΄ ΄ς΄ εξέργατα και ΄ς σα παραβραδάσματα,
Αμόν τίζα εκολλίε με,
Βερεσιάν κρασίν πού πίν' δύο φοράς μεθύ',
"Η ψη την ψην όντας 'κι θέλ'; Ποπά, πως στεφανώνεις;",
Η κάτα το γεννά πεντικόν πιάν',
Οκνέας εντόκεν αφκά κ΄ είπεν : χα και τ΄ εθέλνα,
"Τογ καλόγερον ερώτεσαν “Καλόγερε γυναίκαν θέλεις;” Εκείνος είπεν “οντάν ρωτατέμε, πάγω να σκάνω”",
"Απρίλτς κι αν εκατεπράεσεν, απρινάρευτος κ εξέβεν",
Το ξένον πάντα γλυκύν εν',
"Βαρέα μη λεγνόντς, τζακούνταν τα μέσα σ",
Και τ' ελαίας τ' έξου και τ' οβγού ταπέσ,
Σ' εκείνου το νερόν κορκότας τη βάλλω,
Σσή γεράν απάν φου' σκαλίδαν,
Ο 'κοχλόν εξέβεν ασσό τσεπλν ατ' κ' είπεν “φτού! Και μέρ έμνε!,
"Σ σό δώ μ' α δώ μ' α έμαθεν, 'ς σό να 'κ' εδεβγατίστεν",
Μά'χ κρατεί,
Που δίσκος εν τη ερήμω;,
Ακόμαν εννέα κι άλλο θέλ' γίνεται δέκα,
Έντεκα και το παρχάτσ' δώδεκα,
Σ' κούται αν και κρούει κα,
Ας τ' έναν ξύλον ιφτάρ' παλ' εβγαίν' και σταυρόν παλ' εβγαίν',
Απάν ς σα πουδαρομύτια τ πορπατεί,
Τον αποθαμένον με τον καιρόν κλαίγ'ν άτον,
Όπου πέτρα κι ατός αφκά,
Ανέμου σωρέματα διαβόλου σκορπίσματα,
Στάζ' το δόντ' ν' ατ',
Πολλοί μαγέροι χαλάνουν το φαεί,
Επείνασαν οι ποντικοί κι ετάραξαν τ' αλευρερές,
"Εγώ αμόν εσέν κι γίνουμαι, εσέν αμόν εμέν εφταγω",
Καθούμαι 'ς σην αγκάλα σ' και χτουπίζω τα γένα σ',
"Έσνε και παντέμορφος, έρθες κι ουντάν έβρεχεν",
Ο μεσημέρης ελάλεσεν,
Ως να 'κι παθάντς 'κι μαθάντς,
"Κι θέλατον, κι θέλατον, κυλίστιατον ας έρται",
Το κλαμένο το πουλλί τρώει το γελασούμενο,
Τηνάν κι θέλω κακόν όρωμαν ελέπω,
Το προζύμι μ μ' έκοψες,
Το κατζίν ατ' παχύν εν',
Τσί σ'κούται φορεί κι αντρίζ';,
Άντρασιμ ας εν 'στάπασις κι αν κέχ τσοχάρια μ' εχ χρωστεί και κι χρωστούν ατον κι αν θέλη παίρει κι άλλα,
Πή κι θέλ' να φιλή με ερωτά με το μάγ'λοσ' πούκαικα έν';,
Αφ' τα 'κ' εζύμωσα ερρυπώθαν τα χέρια μου,
Αλείφτια σο κατσίν ατ',
Η ρίζα κλάν κ' η κορφή μυρίσκεται,
Εβράχα κ' εγένουμουν σεγκλα,
Τον αλεπόν επίταζαν κ' εκείνος επίταζεν τ' ουράδ'ν ατ',
Τ έξου μήλον κόκκινον και τ' απέσ εν σκωληκιάριν,
Βροχή κι αέρας έτον,
Μαλίζ' κι φάζω σε,
Ο Θεός τ' άλλτς πλάν' και τ' άλλτς κάν',
Ασσ' ωβόν μαλλίν αχπάν,
"Τά αδέλφα όνταν ετουούσευαν, οι παλαλοί εχαίρουσαν",
Τον λύκον ετραυαγγέλιζαν κι ατός έλεεν 'του ποπά τ' αιΐδα ακιάν 'πάγ' νε,
Ζεμιάρα κάτα,
Μουδέ 'ς ση στάμαν μουδέ 'ς σην φάδην,
"Εζήνισκαμε και κι εθώρειναμε, και επέθαναμε και να θωρούμε;",
Το δίκλοπον το πουλλίν ας το ποδάρ' ν εθε πάντα 'ς ση σίναν εν,
"Να μη ωμάζ' ναμε, κ' εσυμπεθεράζ' ναμε",
Εγώ ας δένω σε κ' εσύ μη φεύ'ς,
Άπαρ' τα τα εννέα και πουλει άτα τα δέκα,
Επήρα το κ σογ καρπό μ (ή κ σα καρπάμ'),
"Το μωρόν ους να κι κλαίη, τζιτζίν κι δίγ'ν άτο",
Ουλ΄ θερίζ΄νε κι αλωνίζ΄νε κ΄ εμείς κείμες ΄ς σην εβόρραν,
Σκύλον κι δενω σε 'ς σημ πόρτα μ,
Ας σο γάλαν εκάα και φυσώ και το τάνιν (ή αριάνιν),
Άλλα ζά σπάουνταν τσ' άλλα μαρουκούντανε,
Όποιος πάει 'ς σο νερό εκείνος γεμίει τα τσεύη του,
Ας σο τσιτσί σ έκοψες άτο,
Το γέλος έχ' και κλαίη,
Ο Θεόν τηνάν αγαπά παιδεύ!,
Αμόν Πέτρος μ' ίνεσαι,
Με τα κοσάρις κείται,
Γιατρός ατός του να ένι ο κανείς,
Έντον παρότ',
"Τ' εσά τ' άθια ούζνα θ' αθούν, τ' εμά παραδιαβαίννε",
Ασ' τ' εγέρασεν η Σάμαμα έβαλεν καγιουράδι,
Τη πομπής τα πάθη έφερες 'ς σο κεφάλι μου,
Ο ζαντόν πα τ' αχούλ'ν ατ' επεγιανεύτεν,
Η κοιλία μ εγομώθεν,
"Τέρ' (ή τέρεν) την ούγιαν κ' έπαρ' το παννίν, τέρ' τη μάνναν κ' έπαρ' το παιδίν",
"Δός, εμέν, δός και το παιδί μ' κι άντρασι μ' πά σήν πόρταν οπισκιάν στέκ'",
Για τ' εσεν εσκόλασεν,
Την κάταν είπαν άτεν το σκατό σ' μούσκον εν κ' εκείνε πα εχτάλεψεν κ' εφόσιξεν άτο,
Εκόμπωσα το μωρόν κ' έστεις άτο 'ς σο νερόν,
Η κουλία με το 'κ' εχ' κέρατα πασκείντο εν' κατσίκα;,
Κρούει τ' αντσίν,
Τημ μυμύαν καμέλιν ποίει,
Θίγως να ιδρών' τ' ωτίν ατ',
Ο Καρυδίτ΄ς επέθανε,
Γούλαν έκοψεν,
"Ρίξε σύμαννο στ' αμπέλι, βάλε ντόγα στο βαγένι",
"Ας λείπη ο καλόγερον, ας λείπη κ' η ευχή ατ'",
Τα σιόνια αλεύρια εποίκεν,
Εθαρρείς κι οι σκύλλ' έλειξαν το κατζίν ατ',
Αντ είσεν κι ο φτειριαρίτους,
Εγρίβωσε κι επόμεινε,
"Ντ' ευτάγω μ' ευτάς, ντο λέγω σε ποίσον",
Λόγος εν κι λέγει άτο,
"Επαρεδάβες α, Μάρουλα",
Το ποτάμ' αποπάν' εν θρασκεμένον κι αποφκά ήσυχον,
Εγέντον και κολογκύθ' κ' εζάρωσεν και τη γούλαν αθε,
Ίσαμε του Μάη την φωτία 'κε θέλειν τον,
Ρδάξον,
Ο 'κοχλόν πά 'ς σό τσέπλν ατ' βασιλέας εν,
Οι πολλές μαμμές το παιδί κουτσό το κάνουν,
"Εποίκα μ' την αμελίαν, κ' ερούξαμ' σην χαμελίαν",
Παχύν κατσίν έσει,
Εκεί που είναι πολλοί πετεινοί αργά μερώνει,
"Κεράσα πολλά ούμπαν ακούς, μικρόν καλάθ' έπαρ' κι άμε",
Ο κέλης τον κέλη καρκαμούτσα τον λέει,
"Μετ' εμέν έσκαζες γουϊν, κ' ερόϊσες εκεί εσύ",
Ντο θα φτάς με; Το σέρι Μ' ςσό μελοκούτ΄ θα βάλτς,
Το δάβολον αποξοπίσ τζαρούχα φορίζ',
"Ότι γυρεύινάμε 'ς τον ουρανό, αδω 'ς την νηγή ηύραμε το παιδί",
Κανείνος κερίν ους να εμέρωσεν κ' επίασεν,
Τη καμελή ποίον εν ορθόν και θα εν κ' η γούλαθε,
Τηγ κάταν είπαν “το σκατόσ σ εν γατρικόν” και εχτάλεψεν και έθαμέν άτο,
Εύκαιρος κι΄ ακομπεμένος έρθεν,
Ντό πάει το βούδ' θα λαλής,
Επήρανε μι τ΄ ομμάτια Μ',
Τ' αγούρια κακεύρετα είναι,
Ν' αηλί οπού 'κ' εκράτεσεν βολόνιν με το ράμμαν,
"Αν ας είσαι και μη κοιμάσαι, κι αν κοιμάσαι μη σαχταρούσαι",
Ήξερες κι ο λύκος απουπού κλάνει,
Για τον οκνέαν πάντα έξεργος έν',
Άλλος σπέρ κι άλλος θερίζει,
Ας στην οκνίαν τ΄ τον γάιδαρον “ταϊ” κουγίζει,
Αδά 'ς σα τόπα τα περδίκας με τα ραβδία πορπατουν,
Εγαμέσαμε το μουνίν,
Ας σο τουλωτον το ποτάμ' να φογάσαι,
Η κοντή πάντα δώδεκα χρονώ,
Ασσό μέγαν το ποτάμ' επάρ νερόν!,
"Τή χώρας έμπρα σ' φαίν' τανε, τ' εσά οπίσ' κ' ελέπεις",
Έγκιν η ενώνωσεν την Σούδαν με τ' Άϊ Κώστα,
Κούρσιν ασήμιν,
Λύκ μουνίν έσ',
Μ' έναν πήχον μετρά όλα,
"Τη λογ ατς νύφε γίνεται, τη λογ ατς καμαρούται",
Εκρέμασεν τη γούλαν,
Το νύσιν ας σο κρέας κι χωρίεται,
Αίκα μαλλία κι φυσά,
Με τον δικόν σου φαε πίνε κι αλισβερίσι μη φκειάης,
Ατό έμ ντο χτυπά λαο γαίμαν κ εβγάλλ(ει),
"Το έναν τ' αχούλ' πα καλόν εν, άμα τα δύο κι άλλο καλλίον",
Το καμέλιν είπαν γιατί η γούλα σ' εν ζαρόν; και είπεν και ποίον μέρος του κορμί' μ' εν ίσον;,
Του καμελί' ποίο εν ίσο τσ' η γούλα θε πάλ' να εν;,
Τον τεμιρτζήν με το ξυλομάκελλον ποιήσαι,
Ο Αύγουστος γαστρώνει κι ο Σταυρίτα γεννά,
Γοργά κείται,
Γαμπρός υιός 'κι γίνεται και νύφε θεγατέρα,
Που να γράφτωμ' άτο; 'ς σ' απανωθύρ' ή 'ς σ' αφκατωθύρ;,
Σ σην ανάγκην η μαμμή και 'ς σο φούστρον ο ποπάς,
Αυτή η δουλειά θέλει ήλιος και σκαμνί και Κυριεκήν ημέρα,
Λύκον τον αλεπόν παστουρμάν κ' αφήν',
"Μικρόν μωρό που κ' έχομε, τογ γέρον τάνα τάνα",
Αποπίσ' ας σο δάχτυλον ατ' κρύφκεται,
Σ σήμ μήναν άτς έν,
Η κοσσάρα πα όταν πίν' τερεί και 'ς σον Θεόν κι αν!,
"Ούς ν' απλών' το έναν το ποδάρ'ν ατ', τ' άλλο τρώει ο λύκον",
Το καράβιν μερέαν μερέαν πάγει,
"Κρυφός ποπάς κι γίνεται, κι αν γίνεται πα κι' στεφανών",
Ποϊσον παιδίν κ' έλεπον καλόν!,
Η κακέσα η νύφε τημ πεθεράν αίτς σ'αποδαύλια καθίζει,
Ολίγον έσει ατο,
Α σο πολλά το κάθισμα τα ρούχα του κουμούλι γίντανε,
Ήντσαν θέλ' το καλό σ' ευτάει σε και κλαις,
"Το κατζί σ' αν 'κ' ιδρών', να ζης 'κ' εππορείς",
Η εντροπή παράδες κι φτειάγει,
Σ' ση σκοτίαν σερ δι,
"Αλληλούια, αλληλούια, σκέπασον",
Ο Χριστόν πρώτα τ' εκεινού τα γένα ευλόησεν κ' υστερία τ' αλλωνών,
Η κουλία κέρατα 'κι' φέρ',
"Κόρη, μάθα την άγρυπνιαν και την κακοσειρίαν",
Λύκον κι' πιστεύει να γίνεται τσοπάνος,
Καρδία 'κι τρώς,
Κοκκίν κοκκίν γομούται το σακκίν,
Ας γίνεται ήλιος και απάν ατ' ας λάμπη,
"Ο Θεόν δί' το τέρτ', δί' και το τερμάν'",
Κάποιος αποτρώγει σε,
Με το χουλάριν δι' το γάλαν και το στελίν εβγάλλει ατο,
Όποιος έχει πολύ βούτυρο βάζει και 'ς τα λάχανα,
Ούμπαν έν' ο πόνον εκεί έν' 'κ' η ψη,
Ευκής παιδίν εν,
Νέμω ήτοι διασκεδάζω τα όμματα,
Τ' άρα όλα επούλησα και τα ναμούσα δώκα,
"Ο λύκο άντα κρούη ς σά πρόβατα, άς κλαίη όπ έχ' τό ένα",
Άμον γάλαν έμαθα το μάθεμά μ',
"Βράσον χαλκόν, βράσον ση να δέα βαίν πλάν ο μισεαφέρτς",
Με το φάσιμον δουλειά 'κί τερείετα,
Όποι και αν πορεύηται μέλανα ωά τίκτει,
Κωδώνιν λαλίαν έσει,
Η γλώσσα κλαδιά κ' εχ',
Έχπασαν τα σκόρδα,
"Πολλά αγαπώ σε, άμα ας σην κεσέ μ' και πλέον ΄κι αγαπώ σε",
Τον κοσκινάν εποίκανε βασιλέαν κ' εκείνος ξαν αμόν τ' ελέπει χοντρά ξύλα έλεεν “και ντο καλά κόσκινα ήντανε”,
Ερρούξεν το σπαρτζίν κ' ετζάκωθεν τα μέσα 'τ'ς,
Τον άγιον τιναν έχω την δόξαν ατ' εξέρω,
Δωδεκάχρονον κορίτσ' γιά 'ς σον άντραν γιά 'ς σον Αδ',
Ασήν τάβλαν άλογον κι' άσον χορόν κορίτς,
"Σ σο ράμμαν, 'ς σο βελόν' μεχτάτσ' ς",
Και ο στραβός ντο θέλει τα δυ ομμάτια είν,
Ο κώλομ μ εκνέστεν χαιζία θα εβγαίνουν,
Επέμενέσ σε η άπα και τ' άπλπιν,
Ας είχα τον άντρα μου κι ας ήμουν και 'ς του πατέρα μου,
Τον άγιον τηνάν έχω την δύναμιν ατ' εξέρω,
"Ο γέρων πάντα γέρος εν, πάντα μυρίζ' κοσέαν",
"Ούντι αν γίνεται ο κόσμος, γίνετια και ο Κοσμάς",
Το κ' εγροικά το κιφάλ' νεγκάζ' τα ποδάρα,
Το σημερνόν την δουλειάν σό πουρνά μιαφέντς,
Με το ζόρι ο τσύλλος άβι 'κέ πάει,
Άλλ' τρώγνε κι' άλλ' χορτάζνε,
Εποίκεν κ' ηύρεν,
"Η γλώσσα ζογρό γερτέ τσείται, δεν κλαδία κ' έχ'",
Ζαρά κάθε και ίσα κρίνον,
Κλάσμαν που θα πας; Σ σο γέλος και ς ση χαράν,
Αΐκον άγιον αΐκον κερίν πρέπ' άτον,
Τα τράντα χρόνα μιαν το καμέλ' πα χορεύ',
Άνοιξε μάτια να φάης λάχανα,
Δός καματερόν κ' έπαρ δαταγωγόν,
Ήνταν θρύφτς ΄ς σο πινάκ΄ς έρται εκείνο ΄ς σο χουλάρ΄ς΄,
"Κορώνα πήεν 'ς πέραν ποταμόν να φτάη άσπρα ωβγά, ξαν μαύρα, ξαν μαύρα!",
"Ο Μάρτς ουντάν μαρτεύκεται, μυρίζ μανου' σακέαν κι ουντάς καταχολά' σκεται, τον Καλαντάρ δαβαίνει",
Εγώ ντ' είχα επουλεσα και άλλο 'κι αγοράζω,
Επέμεινε πουλλίν 'ς σο κλαδίν,
"Θολώνω το ποτάμιν, για να πιάσω ο ψάρια",
Σ σό βαθύν το ποτάμιν να πνίγεσαι,
Η κορώνα 'ς σην Άσπρη θάλασσαν πα αν πάη τ' ωβά 'τ'ς μαύρα είν',
Σ' σ' ωτί μ' οπισκαικά,
Πολλά αλιμίδα επότ' σε με,
Διάβολος εν κι πιάσκεται ων ου συλλαμβάνεται είτε ουχ αλίσκεται,
Τολ λύκον ετριβαγγέλψαν κ' εκείνος έλεεν πόπα τ απρά(γ)ματα σ' εμέρ είναι,
Το λιαγγιόνι σ' λειφτόν εν,
"Λαλάσ' λαλάσ', έναν κομμάτιν λαβάσ'",
Κακόν είχες,
"Το αίμαν με το αίμαν κι πλύσκεται, με το νερόν πλύσκεται",
Παντού μη απλώνης το πράδι σου,
Καλός λόγος του γατή αν κρατή,
"Α σο ίδιο δεντρό εβγαίνει και πορρίφτε, εβγαίνει και σκατόφτυαρο",
Τ' οψάρι αφ' τό κιφάλι βρομά,
"Αν έγνη Θεόν ς σον ουρανόν, θέλεις και τον αντίθεον ς σηγ γην",
Γιά έναν Αράπη ολάκερον Αραπία 'κι χαλάσκεται,
Σ σ' όλα ξαμούται,
Εσέν τ' απόθαμα λίγωμα έρται σε,
"Αναθυμεθή, και μη κατασυρμονή",
Νεστεύ' ο δούλον του Θεού πη κ' έχ' να τρώη,
"Ο γάιδαρον έξερεν εφτά κολύμπα, κι αμόν τ' εκατήβεν 'ς σο ποτάμ' καικά τ' εφτά πα ενέσπαλεν",
"Ο κόσμος σκάλα έν', άλλ' ανηβαίν' νε κι άλλ' κατηβαίν' νε",
Καματερόν μελεσσίδιν,
"Ας έης κι ας έχωμε, άμα ίλα ας έχωμε",
Το καλόν θέλει κι αντίκαλον,
Τα περασμένα συγχωρεμένα,
"Αμόν τ' επυκνοφούτιξες, εγροίκ' σα θα σεης",
Μαθίζω σε ποσ αβά εφτάνε έναν φούστουρον,
"Έκαψε με το μαλέζ, ας έτον κ έναν φαγίν",
"Αν ίνουμαι μια 'λα ακόμη νύφη, ετότισο καλά προτσυνώ",
Εχτέθεν η Ποινή φιντζάν,
"Έμαθεν η γραία 'ς σα σύκα, θα τρώη και τα συκόφυλλα",
Εξήβαμ ας σηγ κακοχρονίαν κ' εσήβαμ 'ς σηγ καλοχρονίαν,
Δυόι νομάτοι μ' ένα μάτι,
Ο Θεός επήρεν τον νου σ',
Έξου κα να πας,
Ότι θρύφτεις στο τσανάκι σ' θα ευρήκης 'ς σο χουλάρι σ',
"Λύκος έρθεν 'ς σά πρόβατα, αλί πού έχ' τό έναν",
"Τα πολλά τα γράμματα, τη δαβόλ' είν'",
Η καρδιά μ' εκρεμάστεν,
"Λιά, να έλεγεν η επόρεσεν",
Τα βουμπάκια 'τ' αρέα είν',
Όποιος πάει ' σο μύλο εκείνος αλέθει το σιτάρι του πρώτα,
"Ετατανεύτεν η γραία σα σύκα, θα τρώγι και τα συκόφυλλα",
"Τον αγά άντσετζο, το σκαμνί έτοιμο ποίσο",
"Εγώ άμον εσέν' κι' γίνουμαι, εσέν άμον εμέν ευτάγω",
"Σσου κουφού την πόρταν, όσον θελτς χτύπα",
Ερρούξες άτον 'ς σου λύκου το στόμαν,
"Όσον ντο έν΄ας ομμάτ΄, έν΄ κι ας σην καρδίαν",
Τα ράσια μ' εκνέστεν,
Ούμπαν λαγγεύ' τ' αιίδ' λαγγεύ' και το κορίτ',
Κανείς ακόμα 'ς σα μάκια σου απάνω φρύδια έχεις 'κ' είπε με,
Του καμελί' ντο εν ορθόν και θα έτον και η γούλα θε;,
Άμον την κάταν εφτά 'χία 'ε'χ,
"Όξου μηλίτσι κόκκινο, το μέσα μαραμένο",
Με τ' εφτά καρδίας,
Ο ζαντόν κέρατα κ έσ',
Το μαλλί μ εσκώθεν απάν,
Το μωρό δίχως να κλάψη βυζί κε δίουν το,
Εγένουζνε και κουτίν κ' επεγουλώθες κ' έλα,
Μακρέα μαλλιά και νους κουτός,
Έντον καταμάγια,
Επάτεψαν τα καράνα 'τ',
Καλεμέντσα κοσσάρα 'ς σην αυλή μ' κι αν 'κί ωβάζ' πα μ' ωβάζ',
"Ντό έεις, Μουράτ΄; - Ντο είχα πάντα",
Άθρωπον τ' όνεμαν απ' όνταν θα εβγαίν' τ' ομμάτν' ατ' να εβγαίν' καλλίον εν,
Τό λιαγγόνιν ατ λιφτόν εν,
Οσήμερον 'κ' έκλεψα και πουρνά να φοούμαι,
Ούλεν το τέρτι μ τη πεθεράς μ' ο θάνατος,
"Η μάννα εν' γλυκύν κρασίν, έμνοστον παξιμάτιν, που πίν' ατο ξαι κι μεθύ, που τρώει α κι χορτάζει",
Ατζαμής κι ο παλαλόν έναν είν',
Τημ μυρμήκαν καμέλιν ποίει,
Εσήβαμε κ σου Αύγουστον και σου σειμού των άκραν,
Τ' οψάρ ασσό κεφάλ βρομά,
Αν αν πάγω εν κρεμός και κα αν πάγω εν φούρκα,
Όλα τα ζαρά εσύ θα ισάγης;,
"Τώρα 'ς τα γεράματα μάθε, γέρον, γράμματα",
"Τα κάνω θάλασσα, τα θαλασσώνω",
Όλ' οι σκύλλ' 'ς έναν γιαλάχ' τρώγ'νε,
Άντραν και άλογον πί κι έσ σίν παρέβγαν ντ έργα εσ',
Ο ριζικάρης ς σο μαλλί κι αρρίζικος 'ς σα νύχια,
Ασόν Κοσμάν κι ασόν Δαμιανόν έγκεν ατο,
"Ο λύκον έρθεν 'ς σά πρόγατα, ν' αηλί πή έχ' τό έναν",
Εκόπαν τα πουδάρια μ',
Ο κλέφτης εφάνθεν,
Ας σο πολλά το βούτορον βάλνε και σα λάχανα,
"Ουντάν εν αίχτρα, φοέθετε, οπίς βρεχή εν ουντάν εν λίβος μη φογάσαι, οπίς αίχτρα εν",
Υιέ μ τα γράμματα φαντάγματα τη λύρα παίξον,
Ο κιρεμιτσής τογ κιρεμιτσήν κι θέλει,
Αλάλετος γάϊδαρος 'ς σον γάμον καλεσμένος,
Επέμενα πουλίν 'ς σο κλαδίν,
Μετ' εκείνον σ' έναν σακκίν κ' εμισαίνω,
Έμαθεν η γραία τα σύκα,
Ο σκύλον νε ελέπ' νε υλάζ,
Το γλυκόν η γλώσσα εβγάλλει τ' οφίδιν ας σο τρυπίν,
Έρθε 'ς σα δύναστα,
Άλλα εσ' ς σο στόμαν κι άλλα ς  σηγ καρδίαν,
Ο λύκον ασά μετρεμένα κι τρώγι,
Τη Καλανταρί 'τ' αιχτράσματα και τη γραίας τ' ομνύσματα,
Η μάπα και τ' αλώνιν επόμεναν άτον,
Απέξ' εσέν έκαψεν και αποπέσ' εμέν,
Άντρασι μ' ο κούβαλον κ' εγώ η μαγερεύτρα,
Άρκον πα τα σεράντα χρόνα μίαν αχπαράεται,
Η κοσσάρα 'ς σην αυλήν καλεμέντσα ας εν 'κι αν θελτς κι ας μ' ωβάζ',
Ασή σκυλί το ποδάρ το λιθάρ η εγουεύω,
"Όλ' π' εκάπνιζαν να μαέρευαν, άλλο ντ' έθελ'νες",
"Μη κλαίς τον κακομάθετο, κλάψε τον καλομαθημένο",
Όπου κι αν εν λαγκεύει,
Κρεμαστέριν εγίνουμουν,
Ας ση ξέρου τη ξυλί τον φόνον καίεται και το ζογρόν,
Όποιος έχει γένεια ας έχη και τα χτένια,
Σ σ' αλώνι σ' νε βρέχ νε χονίζ,
Ίνοτουνε μάννα και κόρη (η δουλεία),
Ο λύκος απαρατήρετος,
Το μόδι να κερδέση κανείν τίποτε 'κε δείκνει,
Τ' αργάτε η γυναίκα ους το μεσημέρ' πεινά,
Ο κόχλον εξέβεν ασό τσέπλνατ κ' είσεν φτού και μερ' έμνε;,
Άνοστος κι άκλερος,
Ο καλόν άντρας ευρήκ' κακέσσαν γυναίκαν κ' η καλέσσα γυναίκα ευρήκ' κακόν άντραν,
Ο λόγος ανοί τολ λόγον,
"Σαν που με τιμούν τα ρούχα, η μάννα μου 'κε τιμά με",
Απέξ' κόκκινος κι αποπέσ' σαπεμένος,
Το κορίτσς ν' αφίννατο γιά ταουλτσήν παιρ για ζουρνατζήν,
Εκόπαν τα σπόρα μ(ου),
Εσύ είσαι τη Παναγίας η κάτα,
Τα νύχτας χρόνια,
Όποιος αδειάζει το μέλι γλείφει τα δάχτυλά του,
Η εγκλεσία όσον θέλτς τρανόν ας εν; ο ποπάς ντ΄ εξέρ΄ δαβάζ΄,
"Εγνώρισες την παντρειά σ', νούντσον και την χερεία σ",
Το σκαυτόν ντο κ' επορείς να τρως ντο μαλάγεις ατό;,
Εσύ ντο θα λες εγώ απέσ'-ι-μ' έχ' άτα,
Ας σ' έναν εμπαίν' κι ας σ' άλλο εβγαίν,
"Άρρητ' αθέμιτα, κουκκιά μαγερεμένα",
"Ηύρες καιρόν αρμένιζε καιρόν μην περιμένης, γιατί ο καιρός τα πράματα, δεν ξέρεις πως τα φέρνει",
Ο Νάχας κι' ο Νάβρας ήταν αδέρφια,
Θαρείς κι είναι μιάλου καλαθκιού κώλος,
Το πρώ(ϊ)μο του Θεού και το έψιμο του καιρού,
Έκατσεν η πομπή στης στράτες κι' εναέληε τους διαβάτες,
Ο ήλιος βγαίνει κι' ο κόσμος τοθ θωρεί,
Χίλιων χρονών μελέτημα μιανής ώρας κάμωμα,
Που κάτση σε ξένο άλο(γ)ο αγλήγορα ποζεύγει,
Τον αδιάντροπον άνθρωπο μ ποδιαντρά που τον γκαί συ,
Τον κακόν γκεφάλι παιδέβγκει το κορμί,
Ράμμα ήτο κ' εκόπη,
"Η καμήλα δεν βλέπει την καμπούραν της, μόνον βλέπει του καμηλακιού της",
"Καλά 'νε τα φαρδομάνικα, θορούν τα οι δεσποτάες",
Καλόκατσε κατούρησε κι αν δεθ θωρής θωρούσ' σε,
"Κλαίει το κόσμον η κουρούνα, με την κουρούνα ποιος θα την κλάψη",
Της ώμορφης τα μάουλα οχτροί του κορμακιού της,
"Ο καλός μύλος ό,τι εύρη λέθει",
Αδ δεβ βρέξης κώλο ψάρι δεν τρώεις,
Το ξένο ρούχο δεν μπρέπει κι αν μπρέπει δεν εβρόζει,
"Τα σε λέει ο παπάς, να κάμνης και τα κάμνει, μην τα κάμνης",
Λαού φωνή Θεού οργή,
Το πεταξιμιό καράβι σε βαθύ λιμάνι ράσει,
"Για τόσες δα' μέρες, και του λα(γ)ού προβιά βαστά",
Κάθεται 'πάνω στης αγκάθθες,
Ολίς στομ που δεν έχει νύχια να ξυστή,
"Που πεινα ψωμιά θωρεί κι' ο λιμάγρης πίττες, κι' ο αξυπόλητος παπουτσια με τις μύτες",
"Το βουνόμ με το βουνόν εν εσμίει, ο άθρωπος με τον άθρωπο σμίει",
"Τυρί κι' αλεύρι μ' έλειπε, να κάμω μακαρούνια και τέντζερο με το νερό και παρουσκιά με ξύλα",
Τον Μάρτη ξύλα φύλαε μη κάψης τα παλούκια,
"Σ' αυτό το λωλλό χωριό, παπάν δεν είχεν κι' ήρτα 'γω",
Εμπάτε χοίροι 'λέσετε και λεστικά μή δόσετε,
"Στα είκοσι 'σαι Βενετιά, στα τριάντα είσαι χώρα, στα σαράντα μάδευγε και στα πενήντα 'φόρα",
Όποιος σαρτά πολλά παλλούκια θα τον έμπη κανένα στο τέλος,
Γαμπρός υιός δεν γένεται κ' νύφη θυγατέρα,
Που πολλό πειναση έχει να πολλοχορτάση,
Ήρταν τ΄άγρια πουλιά να διώξουν τα ήμερα,
Άλλοι σκάβγουν και κλαδεύγουν κι' άλλοι πίνουν και χορεύγουν,
Λείβγει τα φαλάγγια λάδι,
"Ο Μάρτης ο πεντάγνωμος πούχει τις πέντε γνώμες μια βρέχει, μια χιονίζει μιαν τον ήλιο καμινίζει",
"Να κόψη τα λάχανα, να ξεραθθούν η κουλούμπρες",
"Σαβιατιάτικος άνεμος, Κυριακάτικος γάδαρος",
Ο Άουστος επλάκωσε η άκρια του χειμώνα,
Ας δε δε γιώ ψωμίν εν τρώω,
"Ό,τι πάρ' η νύφφη στό(μ) παστό",
Γονιού ευκή έπαρε και στο βουνίν ανέβα,
"Έμπλεξα στο βάτο, ούτε πάνω, ούτε κάτω",
Που γυρίζει κάμνει μεγάλην κοιλιάν και πο κάθεται κάμνει μεγάλον κεφάλι,
Η καλή μέρα που το πωρνό φαίνεται,
"Η αλαπού εκατό χρονώ(ν), και το αλαπόπουλο εκατό δέκα",
Πέψε τομ μωρί κι' άμε και συ που πίσω του,
"Που γυρίζει, μυρίζει",
"Έκουα τον κι' έδρωνα, είδα τον κι' επώδρωσα",
"Ό,τι πάρη η νύφφη που παστόν",
Να χωριστεί ή αίρα που το σιτάρι,
Που του κοράκου το στόμα θα 'κούσης κρου,
Ο Άρχοντας έφαε κι έβρασε κι ο φτωχός ερρίγωσε,
Ή γρηά δεν τώρπιζε να παντρευτή και γυρεύει και τη(μ) πόλη προυκά,
"Δεν με μέλει τα έπαθα, μόνο τα τι θα πάθω",
Να ξυπνήση η κουρεμένη και να δώ το πάπλωμά της,
Το πονηρό πουλί που τη μύτη πιάνεται,
"Κάθου, γρηά μου λήμενε να κάμω γιυό να σε 'γαπά",
Κάθα δέντρο με τον ίσκιον του,
"Τι 'ν' η μυίγα, τι ν' τ' ασκίγ της;",
Έκουα τον κι' έδρωνα είδα τον κι' επώδρω,
Έπεσε το λάδι μας μέσα στο τσουκάλι μας,
Το μιαλό ψάριν τρώει το μικρό,
"Αγιά Βαρβάρα 'γέννησε, Άις - Σάββας το δέχτη κι Άις – Νικόλας έτρεξε, να πά να το βαφτίση",
"Που τον μέλει να πνι(γ)ή, στό χερό(βο)λο του πνίεται",
Ο Θεός να σε φυλάη που τον άδικο πελάν,
"Τα δόντια τα 'δωκεν ο Θιός, για να κρατούν τη γλώσσα",
"Ο Χριστός κι΄ αν εξεππέση, πολλούς Άγιους καπανονά",
"Βοήθα με, Άϊ Γεώργι μου! Σείσε και συ τον κώλο σου κομμάτι",
Αν είχεν η κουρούνα γνώση μας εδάνειζε καμπόση,
Το ψάρι μ που το κεφάλι βρωμίζει,
Ας είν' μικρόν τ' αλώνι μου και να 'ν' μοναχικό μου,
"Που το(μ) μέλλει να πνιή, στο σκουτέλλι πνίεται",
Του Άϊ – Νικήτα κύτα – κύτα και τ' Άϊ Γιωργιού ξεκύτα,
Ο γάδαρος ψοφά στο βουνί μα η ζημιά είεν του νοικοκυριού,
"Τί να το κάμω τ' αργυρό, σαν φτυώ το γαίμα μέσα;",
"Αν εμίλησεν η πέτρα, 'μίλησε κι αυτός",
"Για το κλανί, το δέρνουσι, κι αυτός κλανοκοπάται",
Της νύχτας ο κουβαλητής και της αυτής ο φέρτης,
"Τα κακά κοιττούμενα, οι σκύλλοι τα τρώσιν",
Της μοίρας τα μελλούμενα μαννάρα δεν τα κόβγει,
Βήχα καί συνάχι χαρά στόν οπού τά 'χει!,
Κ' η αρχοντιά συνήθεια 'νε κ' η τάξη γονικό 'νε κι' η ωμορφιά στον άνθρωπο χάρισμα Θεϊκό 'νε,
"Ηύρες φαϊ φάε, ηύρες ξύλο κόφτε",
Σε ξένη θυμωνιά μαλλώνουν δυο γαδάροι,
"Όποιος κάθεται κάμνει μνιάλην γκεφάλην, όποιος γυρίζει κάμνει μνιάλην γκοιλιά",
"Όποιος δεν θέλει να ζημώση, τρείς ημέρες κοσκινίζει",
Το πολύ περίσιο χαλά και το ίσιο,
"Έσμιξεν η Χίος κι η Πόλη, κι εγινήκασιν περβόλι",
"Σαραντάμερο, σαραντάγνωμο",
"Άν είναι κώλος και κώλος, ας εν' κι' ο δικός μου κώλος",
"Α(ν) δεν έχης γέρο, στείλε κι' αγόρασε",
Άσπρος γεννάτ' ο κόρακας κι' ύστερα γαλανιάζει. Και μαύρος καταστένεται και τους γονηούς του 'μοιάζει,
Ο παπάς παπάδ δε θέλει και ο διάκος άλλο διάκο,
Εκατάπιεν αχλά,
Δε φτάνει που σκοντάφτει κανείς παρά που του λέσι και τύφλα,
"Οπου διψά φιλτρά θωρεί κι όπου πεινα άσπρες πίττες, κι' οπου 'ναι αξυπόλυτος παπουτσια με τες μύττες",
Όποιος γυρεύβγει τα πολλά χάνει και τα 'λλίγα,
Οπούχει κόρη ώμορφη του Μάρτη ήλιος μη την δη,
Τ' είναι σήκωσε και δέσε τ' είναι δέσε και κουβάλα,
"Η Λαμπρή καμάρα 'νε και σκύψε να περάσης, τ' Αΐ – Γιωργιού νεν η χαρά σαν έχης να 'γκινιάσης",
Λαός πιπέριν έτριβγκε γ κακόν της κεφαλής του,
"Ο λύκος κι' αν εγέρασε κ' έλλαξε το μαλλίν του, την γνώμην δεν άλλαξε μηδέ την κεφαλήν του",
Εκρεμάσαν του τα κουτάλια,
Λείψε που το καλό μη σε κολλήση κρίμα,
"Ηύρεν λιγάμενος, στραβό χωριό και παλαβού ανθρώπους",
Απ' όξω κούκλα και 'που μέσα παννούκλα,
"Είδα και πολλούς σπανούς, μάχαν και κάπου τρίχα",
"Το βουνόμ με το βουνόδ δεν εσμίει, ο άθρωπος με τον άθρωπο σμίει",
"Για να καταλάβη κανένας καλά έναν άθθρωπο, μπρέπει να φάη μαζίν του ένα κοιλό άλας",
Δώδεκα Απόστολοι ήταν κι ο καθένας τα δικά του ήξερε,
Ο Άουστος πουλά κρασί κι' ο Μας πουλά σιτάρι,
Με τομ μεγαλύτερό σου σκόρδα μη φυτέβγης,
Δυοο λωλούς είχεν η χώρα κι έσμιξέν τους κακή ώρα,
Τ' αψί ξύδι τ' αγγειόν του χαλά,
Η πλύστρα που το(μ) ποταμό έφαεν το κόπανο και το σαπουνι για τυρί,
Ένας λωλλός ρίχνει μια πέτρα και χίλιοι φρόνιμοι δεν ημπορούν να την εβγάλουν,
Από τον γάμον έρχουμαι τη(μ) πείνα φορτωμένος,
"Μη κάμης κι α σε κάμουσι, μη(μ) 'πης και θα σε 'πούσι, Σε ξένη πόρτα μη χτυπάς. Και τη δική σου σπούσι",
Όποιος κλαίει για ξένους τα μάτια του χαλά,
Ο Απρίλης γρίλης κι ο Μάς καταχανάς,
Που λιμασμένοφ φούρνο ζεστό μη λλαμένης,
"Εθελά σε σύντεκνε, νάχης χίλια πρόβατα σα δεν θέλης μη(δ)έ νουρά",
Απου πεινα ψωμιά θωρεί κι απου διψά λαγκάδγια,
"Όταν οι Λέριοι θερίζουν, οι Καλύμ(ν)οί πάν νά σπείρουν",
Επήγαμε να πούμε κ' είπαν μας,
Τον αγαπάς στερεύγεσαι και τον μισάς 'παντήχνεις,
Έκαμέμ με η μάνα μου να μοιάσω του κυρού μου,
Τον έμαθα να κουλουμπά βούλεται να με πνίξη,
Βοθά με νύχτα κ' η αυγή και φαίνομαι καματερή,
Όμοιος 'ς τον όμοιο κ' η κοπριά στα λάχανα,
Η πάστρα είναι μ μισή αρκοντιά,
Άμα δδε γης δγκυό πρόσωπα μην κατακρίνης το 'να,
Κι ο Θεός καμμιά β βολάν εν εκαίρει το κάμει,
"Που πάρη πέτρα(ν) και δαρτή, κανείς να μην τον λυπηθή",
Τα 'καμες άψε σβύσε,
Η καρδιά καρδιά καταλαβαίνει,
Έπιασεν τον γκάττημ που τα νύχια,
"Δευτέρα γεννιέται ο σοφός, Τρίτη ο κακόμοιρος, Τετράδην ο αντρειωμένος, Πέφτην ο καλορροίζικος. Παρασκευήν ο ξένος. Και το Σαββατοκέριακον ο καλομοιρασμένος!",
Χίλιες ξυλιές στο ξένο κώλο,
Αλλού μπουκιά κι' αλλού ξυλεία,
"Έχει αθθρώπους δυο(ν) άσπρων, έχει και δέκα στ' άσπρο έχει κ(ι) αθθρώπους μερικούς, που ξίζουν ένα κάστρο",
"Κόψε ξύλο κάμ' Αντώνη κι από πλάτανο Μανώλη, κι αν ρωτάς και για το Γιάννη π' όποιο ξύλο θέλεις κάμνει",
Ο μύλος θέλει μυλωνά και το καράβι ναύτη,
Τογ Γεννάρην γκόψε κλήμαν γκαι τον Άουστο σταφύλλι,
Κουλλούρι σου στείλαμε κ΄ήρτες ;,
Μιλά κώλο να δης πορδές,
"Το κοντό μας γαδουράκι, είναι πάντα πουλαράκι",
Με τις πορδές αυγά βάφουν,
Τον άθρωπο που λυπάσαι έρκεται ώρα και τοφ φοάσαι,
Ο πνιμένος όπου εύρη πιάννει,
"Όπου να πάη το πουλί, να κουτσουλόση θέλει",
"Καλός κακός ο Μάρτης μας, πέντ' αυγά στην κάσση μας",
Ελούστης εκκέλη; Εχτενίστηκα κι όλα,
Φουρτουναν πουχουν οι Ρωμηοί ώστα να ζηούν οι τουρκοι,
Ας με 'γαπά η Παναγίακι' ας με μισούν οι Άγιοι,
Ο αουροφάς έφαε κι΄ο κναστοφάς δεν έφαε,
Λύκο γιατί είν' ο λαιμός σου χοντρός; Γιατί κάμνω της δουλειές μου 'πατός μου,
"Πούχει αλεύρι δεμ΄ πεινά, κάμνη πίττα και περνά",
Μήε τον άντρα έθελα μήε τα βασανά του,
Καλός κακός Μάρτης μας πέντε αυγά στη γκάσσαμ μας,
Άη Δημητράκη,
Σαν κάμης καλά παιδια τι τα θέλεις τα καλά; Και σαν κάμης κακά παιδιά τι τα θέλεις τα καλά;,
Μοναχός μήδε στο(μ) παράδεισο,
"Θέλεις άρρωστε, τσουβρά;",
"Γιάννης επήες, Γιάννης ήρτες",
"Πουχει κατάρα γονική, τον Μαν αργάτης να γενή. Και πουχει παππογονική και το(μ) Πρωτόλη",
"Όπου λαλούν πολλοί πετεινοί, 'ργίζει να ξημερώση",
Βάλε αλεύρι ε στη σάφη γκαι πολλούς σταυρούς μην γκάμνης,
"Κατά που λαλεί η φλάσκα, με φέτι Λαμπρήμ με που καιρού Πάσκα",
"Το 'ποριξημιό καράβι, σε βαθύ λιμνιώνα 'ράσσει",
Είναιν σαν την βρεμένην όρνιθα,
Φεύκει – φεύκει και μάρμαρα καβαλλικά,
Ο κόρακας επήε να κάμη της πέρδικας την πορπατηξιά κι' έχασε και τη δικήν του,
"Βόθα με, φτωχέ μου, μη γένω του όμοιου σου",
"Που γεννηθή στη φυλακή, τηφ φυλακή θυμάται",
Πνίεται σε μιά βούλα νερό,
Εγώ 'ρίζω τη κάττα μου κ' η κάττα την νουράν της,
Τ' αδέρφια εμαλλώνανε κ΄οι τρελλοί πιστεύανε,
"Ό,τι κάμει κανένας σ' αυτόν τον κόσμον θάβρη",
Ο μύλος με την ακοή 'λέθει,
Εκάμαν οι καματεροί κι' ηύραν οι ακάματοι,
Στου γαδάρου τομ πόδαμ μουλάρι,
Έκαμεν της Λαμπρής της το γέλοιο,
"Ο κάττης κι ο καλόγερος, πολλά 'γαπά το ψάρι, κ' η παντρεμένη το φιλί κ' η λεύτερη το χάδι",
"Σάν πέση ο λύκος στό μαντρί, ολλοίς τόν τώχει ένα",
"Έχουν τ' αντρό(γ)υνα κακιά, έχουν τ' αδέρφια αμάχι",
"Το κακό, αδδέμ πληθαίνει δεγ κόβγεται",
Τέτοια χάλια τόχει η ρόκκα κι' όπου θέλεις άμε ρώτα,
Έλα πάππου μου να σου δείξω τα προγονικά σου,
"Εσύ, κυρά μου, κάθεσαι κι΄ο κώλος σου έξω κρέμμεται",
"Στης σαράντα του πισσίτη, βάλλω άλλον εις το σπίτι",
Ο καιρός πουλά τα ξύλα κι η φουρτούνα τα γυράγει,
Ο μπροστινός ο γάδαρος νοίει τού πισινού τά μμάτια,
Των 'πεθαμένων οι παραγγελίες των ζωντανών τα καμώματα,
Και τα μεταξωτά βρακιά πεδίξια σκέλη θέλουν,
Πέ μου μέ ποιό μ πάεις νά σού πώ ποιός είσαι,
Φούρτου φούρτου είνεν η δουλειές του,
Θυμώνει με τον γάδαρο και ξυθυμώνει στο σαμάρι,
"Κρίμα στο καντήλι, κι' εν φελά το λάδι",
Εχάσαμεν τ' αυγκά με το καλάθι,
Τον αποσπερνό θυμό κρύψε τον για το πουρνό,
Ο λόγος σου και στου Θεού τ' αυτί,
"Τα γρόσια, τον Χριστόν εσταυρώσαν",
Ξένα ψωμιά και μαχαίρια 'δικά του,
Εγώ τα ρούχα μου έκαψα ψύλλους να μη φοούμαι,
Εσέν τα λέω πεθθερά για να τ' ακούη η νύφη,
Ο λόος σου μ' εχόρτασε γκαι το ψωμίσ σου φάτο,
"Εξήντα χρονών γέρο είδα, εξήντα χρονών άρκοντα δεν είδα",
"Το καλό πουλί, που τ' αυγό κελαδεί",
"Έννοια που φαε τον κχέλη, αν εχάθηκε το χτένι",
Γιάννης επήες Γιάννης ήρτες,
"Μηδ' άρχοντας εντρέπεται, ουδέ πτωχούς λυπάται",
Τον Μα γαδάρα μημ πάρης και τη Λαμπρή γεναίκα,
"Μηδ' εξένος και ρίξουσθε, μηδέ γλυκός και φασ σε",
Τον μαύρον νουν εσπείραν τον και πούφταξεν επήρε,
"Σ' αυτό το λωλλό χωριό, παπά δεν είχε κ' ήρτα γω",
"Η σκουριά τρώει του σίδερο, κι ο φτονος τον κακόν άνθρωπο",
Κουκκιά έφαγες και κουκκιά μαρτυράς,
Η αλήθεια είνε μαλλώτρα,
Τι θέλει η αλαπού στο παζάρι,
Δεν πας να ξυής κοιλιές να κάμης προσεψιά;,
Οπούχει κόρη όμορφη του Μάρτη ήλιος μην την δη,
"Αν βρέξη ο Μάρτης δυό νερά κι' Απρίλης άλλον ένα, χαρά σ' τόνε το γεωργό(μ) πούχει πολλά σπαρμένα",
Έφυεν ο κάττης κι ήβγαν οι ποντικοί στο μεϊτάνι,
Προσκυνημένο κεφάλι δεν το κόβγουσε,
Σαν έπρεπε δεν έβρεχε τον Μάη εδροσολόα,
Ο κόρακας κοράκου μάτι δεν εβγάλει,
Πότε κούππα και πότε ανασκελλα,
"Σαν ακούς μεγάλον τρύος, βάστα και μικρόν καλάθι",
Ούλα στραβανάποδα κι ο γάμος τη Τετράδη,
"Στης εννηά Μαρτιού μηέ σκύλλος κούντουρος στ' αμπέλι, δεν εγχωρεί",
"Έψιμα πουλιά, κοράκου φαγώματα",
"Όπου πεινα ψωμιά θωρεί, κι όπου δηψά λαγκάδια κι' οπου 'γαπά ταις κοπελιαίς θωρεί τα μαύρα μμάτια",
"Ώστα κι' εθερίζαμε “Βασίλη, Κυρ – Βασίλη”. Τώρα που 'ποθερίσαμε “που σέδα πρε Βασίλη",
Τα 'πίσω απίδια έχουν νουρές και στης νουρλες ματσούκκες,
"Ό,τι βράξ' ας κατεβάση",
Ο κακός λόγος του νοικοκυρού πομένει,
Άλλοι ρίχναν τα κεράσια κι' άλλοι 'λάχαν και τα φάαν,
Ηύρεν ο λιγάμενος στραβό χωριό και παλαβούς ανθρώπους,
Ποιός σ' έβγαλε το μάτι σου; Ο αδερφός μου. Γιαυτό είνε βαθειά,
"Λογαριάσου με τομ φίλο σου, για να τον έχης πάντα",
"Πέντε βώδια, τρία ζευγάρια",
Ο κακός κακά φορειέται,
"Που λυπάται του κάττη το φάωμα, τρών οι ποντικοί τα ρούχα του",
"Βάλλει ο ουρανός τα ρούχα του, και τα δικά μου που 'ν' τα",
Τις να παινέση τον γαμβρόν; Παλ' η τσιμπλοπεθερά,
Το πολύ Κυριελέησον κι' ο Θεός βαριέται το,
Κι' εμείς τα μήλα πλέουμε μαζί με της κουράδες,
"Κατά που 'μολογάει η φλάσκα, μη(δ)' εφέτη Λαμπρή, μη(δ)έ που καιρού Πάσχα",
"Στείλε μου, μάνα, την ευχή σου ! - Έλα και συ ΄πατός σου",
"Η στάμνα πολλές φορές πάει στη βρύσι, μα που τις πολλές μια και τα ραΐση",
Ο πνιμένος τα μαλλιά του τραβά,
"Ο Γρηγόρης εγρηγόρει κι ο Μελέτης εμελέτα κι ο Γρηγόρης την επήρε, του Μελέτη τη γυναίκα",
"Άθθρωπος ο κακόμοιρος πατές του, και πατές του κάμνει κακό σε λόου του, που δεν το κάμν' εχθρός του",
"Να μη(μ) 'παινέσης την αρχή, α(δ) δεν ιδής το τέλος",
"Σαράντα φας σαράντα πιης, σαράντα δώσης στην ψυχή, σαράντα βάλεις εις τη γη και τα σαράντα πιάνουν των αγίων σαράντα",
Η καμήλα που το φτι δεν κουτσαίνει,
"Εν ίες, κώλε, τι έπαθες, κι' ακόμα θέλεις να πάθης",
"Γέρος Αλής, γράμματα μαθθαίνει",
Με τα λόγια χτίζω ανώγεια και κατώγεια,
Κάθε πετεινός στην κοπριά του κράσσει,
Η καδριά του κρέμεται σε μια παμπακερή κλωστή,
"Χωρατεύω πιάνω το, κι α(δ) δε(μ) με 'δούσι πέρνω το",
Που δεν γελάση το πουρνό μη(δ)έ το μεσημέρι,
"Με 'δικό σου, φαε πιε, με ξένον πραμματέψου",
Κουννή δεν του φηκε του πατέρα του,
Καλώς το δούλον του θεού και τον εχτρόν της πίττας,
Είδες διχαλό μακρυά τα ρούχα σου,
Βρεμένον είν' το παξημάδι γιά ανἀβρεχο;,
Όπου πατήση χορτάρι δε νεμμά,
Βάστα πόνογ για μορφικά,
"Παρά τυροπάππουλα γκι όξω ο κώλος, κάλγκιον της κερατιάς ο φλόμος και μέσα ο κώλος",
"Όποιος έχει της μυίες, μυιάζεται",
"Να κλαίν' η χήρες, να κλαίν' κ' η παντρεμένες;",
Άγριο πορνό ήμερη μέρα,
Κάλλιον να βγη το 'μάτι σου παρά το όνομά σου,
Ηύρες και τον άγιο νάψης το κερί,
Σαν τον σκύλλον που τον τρώει η ξένη έννοια,
Ο Μάρτης με το λούλουο κι Απρίλης με το στάχυ κι ο Μας ο καλορρίζικος δεμάτι εις τ' αλώνι,
Κάλλιον το σημερινόν αυγό παρά την αυριανήν όρνιθα,
Τον Γεννάρη κόψε κλήμα και τον Άουστο σταφύλι,
Ολλοί ΄ς ξοδεύκει δεκοχτώ και δεν ΄σοδεύτει τριάντα στη φυλακή τον βάλασι και δεν ηξέρει γιάντα,
"Θώριε ουΐα, και παίρνε παννί",
Όπου τάβλα και μαντήλα δέξου και την κυρ – Βασίλα,
Άθθρωπον από γενηά και σκύλον από ράτσα,
"Κατά μάνα, κατά Κύρη, έτσι γυιος και θυγατέρα",
Τάχει η κάττα στη καρδιά της με το ΄κείνα μυαουρίζει,
Έκαμεν τάχερα  κομμάτια,
Τον καιρόν που δέναν τους σκύλλους με τα λουκάνικα,
Ποιος 'παινα τη νύμφη μας; Η τσιμπλοπεθθερά μας,
Κουφούν το μπολόν να βρου γ γαμάλι,
Κρίμα στο καντήλι κι' εν φελά το λάδι,
Νάξερα που ν' η μοίρα μου να πάω να την εύρω,
"Ταΐζεις με, ποτίζεις με, ξέρω ποιά 'νε η μάνα μου",
Ο ένας τραβά πετσί κι' ο άλλος τουμάρι,
"Σαν σε κλάνουν κλάνε τους, μη σε πουν κι εν έχεις κ...",
Η σκρόφα το γεβέντισμα παναϋράκιν τώχει,
"Κάμε το γάδαρο καλό, να σε κλωτσήση",
Που γεννηθή στρογγυλός τεσσαροκάντουνος δε(μ) πεθαίνει,
Να ξυπνήση η κουρεμένη και να δη το πάπλωμάν της,
Πόξω που τοχ χορόμ πολλά τραούδια ξέρει,
"Αγιά Βαρβάρα γέννησε, κι άης Σάββας το δέχτει κι΄άης Νικόλας τάκουσε και πά να το βαφτίση",
"Όπου γρηά κακή βουλή, κι' όπου γέρος σκάνταλο",
"Ολλοίς ξοδεύ(κ)ει δεκοχτώ και δεν σοδεύ(κ)ει τριάντα, στην φυλακή τον βάλασι και δεν εξέρει γιάντα",
"Όντας έχης καλά παιδιά, τι τα θέλεις τα καλά (τα πλούτη); Κι αν δεν έχης καλά παιδιά, πάλι τι τα θέλεις τα καλά",
Μεγάλη μπουκιά φάε μεγάλο λόον μην πης,
"Αναθθεμα της κλώστρισσες και της παρακαθίστρες οπου παρακαθίζουσι αυτά τα τριά Σαββάτα. Το Κρηατενό, το Τυρινό, της πρώτης εβδομάδας",
"Κουκκιά πωρνό, κουκκιά βραδύ, κουκκιά το μεσημέρι, Να κουτσαθθή που τά' σερνε και που τα μαειρεύγει",
Εξεσπερίδιανε σαν του Μα το ραπάνι,
Κάλλια ένας κακός χρόνος παρά ένας κακός γείτονας,
"Χωρίς λύρα και βκιολλί, πως χορεύκουν οι λωλλοί",
Κολοκύθια στον παταρό,
Κρύψε με μεσ' στη βία σου να μ' έχης στην ανάγκη σου,
Όποιος γυρέβγει να καλοκάτση κακοκαθίζει,
Το ζόριν μου επίττησε στ' ανάθεμα που σ' έχει,
Ο Θεός δεν εξημερώνει για έναν άθρωπο,
Που τον κακοπληρωτή κι' άχερα,
Πούχει αλεύρι δε πεινά κάμνει πήττα και περνά,
Άλλα 'ν τα μάτια του λαού κι' άλλα της αλαφίνας,
"Για το κομμάτι το λαρδί, να 'πω την λούγκρα καλογρηά;",
Σκότωνε λωλούς πλέρωνε ντζερεμέ,
Που σημειωμένον άθθρωπο μακρυά τα ρούχα σου,
"Που τα 'ψηλά στα χαμηλα, τα κρύα, τα παγωμένα",
Που τον μέψη τον βορρηά που την καμμένην του καρδιά,
Η άκρια θέλει μάστορη κι' η μέση παλληκάρι,
Άντρας μου με κάμνει 'κόνα κι άντρας μου με κάμνει χώμα,
Το μ Μάϊ ζζώ μην έπαρε και τηλ λαμπρή γεναίκα,
Τον φτωχόν τον γείτονα και φωτιά θα τον (γ)υρέψης,
- Από πού 'σαι καρδαμάκι; - απ' αυτό(ν) τό κηπουλάκι,
"Ολλοίς τον νειόν τον άϋπνο, το γέρο κοιμισκιάρη",
Θήμισο μετάξι να του δίννης πάλι δεν το πιάννει,
"Και σύ λαός μουστάκια και βω λαός μουστάκια, λέει η λαουδίνα στο παιδί της, μόλις το γεννήση, για να πάη να βοσκηθή",
Βοθά σε η νύχτα κι' η αυγή και φαίνεσαι καματερή,
"Του Μάρτη πουλί, τ' Αούστου αυγό",
Πόσωμ πηγαδιών νερό πιομένος είσαι!,
Σόττα κι΄ηύραμε τον παπά να θάψουμεν την παπαδιά,
Όπου καή εις τη φακή φυσά και τον αξύαλο,
Έν έχω αλεύρι στο σακκί και κόρδινο να το σείσω,
Ήρτε γκι άλλος 'που την γ Κών γκαί γυρευγκει μερτικό,
Το κρίμαν εγκαστρώνεται και με καιρό γεννιέται,
Οι γάττοι σε βυζαίναν;,
"Σόϊ πάει το βασιλίκι, γονικόν το παπαδίκι",
Που σκ' αν περάση Σάββατον κουλούρι μη λαμένης,
Μην πης την κούρβαν τίποτα και 'κούσης τάχει 'πάνω της,
Έχει τον βούν μέσα της,
Η πελεκητή η πέτρα πάντα στο καντουνι μπαίνει,
"Καινούργιο είσαι κόσκινο, και που θα σε κρεμάσω;",
Ούλοι λέαν και 'πολέαν κι ο Γιάννης 'κει που 'πόνκε,
Πάω να πω το πόνον μου και βρίσκω πειο μεγάλο,
Ο άσκημος λόγος δεν φελά,
Με την ακουή 'λεθει ο μύλος,
Κόψε μέση ναύρης άκρια,
Ο κουφός ννικά τογ γέρο,
Τίς δουλιές τις έφαεν η πούλλα και εν εχόρτασεν,
Σ' όποιο δάσκαλο πααίνεις τόσα γράμματα θα μαθαίνεις,
Σαν πεινα η αλεπου κάμνει τη 'ρρωστημένη,
Που 'μπρος κυρά συντέκνισσα και που πίσω κοφινόκωλος,
"Έννοια που 'φαε τον κχέλη, αν εχάθηκε το χτένι",
Το καλό πουλί που τ' αυγό κελαδεί,
"Ολλοίς στον δέρνουν δεκοχτώ και δεν τον δέρνει ο νους του, και τους δεκοχτώ κουμπώνει τους και τάχει ο νους του κάμνει",
"Που κουκλομάθει, γεροντοξεχάνει",
"Σαν σε ξαναρέσκη Λάμπρο, ξαναπέρασε την Άντρο",
"Όπου γυρεύη να πάρη τα ξένα, χάνει και τα δικά του",
Ο Θεός να σε φυλάη 'που το ττεμπέλη σσαμ προκόψη,
"Το πονηρό πουλί, που τη μύτη πιάνεται",
Κέρνα στραβέ να πίννη ο κκιόρης,
"Η καμήλα δε βλέπει την καμπούραν της, μόνον βλέπει του καμηλακιού της",
Το γεννήσ' η κάττα ποντικό θα πιάση,
"Όποιος δεν γροικά των γονηών του τα λόγια, σε κακή γωνιά καθίζει",
Ποιος εγγίζει μέλι και δεν εγλύφει τα δαχτύλια του;,
Ο κακός ο χρόνος έχη δεκατρείς μήνες,
Ήρταν τάγρια πουλιά να διώξουν τα ήμερα,
Η μάννα που πολυγεννώ το θάνατο νικά τον,
Του νοικοκυρού ο ζόρκος είναι μ πιο χοντρός και 'που του λεονταργκιού,
Πέντε μέρες κι αν εβρέχη η χολέντα του δεν τρέχει,
Η καλή 'μέρα που το πωρνό φαίνεται,
Η νύφφη που σ΄κιάν γεννηθή που τα πεθθερικά πέρνει,
"Εις του θανάτου τις πληγές βοτάνια δε χωρούσι μήδε γιατροί τον γένουσι, μήδ' άγιοι βοηθούσι",
"Τόρα στα γεράματα, μάθε, γέρο, γράμματα",
Επέταξεν ο Μανωλιός κ' έβαλεν τα ρούχα αλλιώς,
Το γαίμα νερό δε γένεται κι' αν γένη δε θολώνει,
Και του γέρου οι αρμήνιες σαν τον ήλιο του Γενάρη,
Να κυρά τους πόνους μου κι' εγώ ξυλαρμενίζω,
"Φασούλι το φασούλι, γημώνει το σακκούλι",
"Κάλλιον να σε ζουλεύκουσι, παρά να σε λυπούνται",
Στου εχτρού σου κόψε νύχια και στου φίλου σου χτενίσου,
"Η μοίρα της έκλωθεν, με το χρουσό αγράχτι",
"Εγώ σ' έχτισα φούρνε μου, εγώ θα σε χαλάσω",
Ηύρεν το στο βουνό και θέλει το και ξυρισμένο,
"Άμα θέλει η νύφφη κι ο γαμπρός, τύφλα να 'χη ο πεθθερός",
"Το 'καμεν η μάνα σου, το 'καμεν κ' η θειά σου, κάμε το, κόρη μου, κι εσύ να μη χαθή η γενηά σου",
"Να, κυρά, τους πόνους μου κι' εγώ ξυλαρμενίζω",
Τον φίλον σου λογάριαζε πάντα σου να τον έχης,
Λείπει Οβρηός που το κουμέρκι;,
Εξεχώρισεν η αίρα που το σιτάρι,
"Όντας έχης καλά παιδιά, τι τα θέλεις τα καλά, κι' αν δεν έχης καλά παιδιά, πάλι τι τα θέλεις τα καλά",
Επήαμεν να πούμε γκι είπαμ μας,
Το αψύ ξίδι τ' αγγειού του χαλά,
"Έπιασα ένα κλέφτη. Έ, άφιστον. Μα που δε με 'φίνει κείνος",
"Άλλος έχανε, κι' άλλος εμετάλαβε",
"Μη(δ)έ τον δαίμονα να 'παντήξης, μη(δ)έ το σταυρό σου να κάμης",
Το σίδερο κοπανιέται πάνω στη βράση του,
"Η αλευριά μεσοσπιτού κι ο χόντρος μεσαυλίτης. Τα μακαρόνια του βουνού, ως που να πάς και νάρτης",
"Χίλια καλώς το το καλό, σαν έρτη μοναχόν του",
Στο κακορίζικο χωριό τομ Μάϊ εβροντολοά,
"Μίλα, κώλο, να δης πορδές",
Ρωτώντας πάς στημ Μπόλι,
"Πές με, μέ ποιόν πάεις, νά σέ 'πώ ποιός είσαι",
Αυτός ο κόσμος σβούρα 'νε κι' ούλο στριφογυρίζει άλλους 'νεβάζει στα ψηλά κι' άλλυς γκρεμοβολίζει,
Τομ Μαγ γάδαρομ μημ πάρης και τηλ Λαμπρήγ γυναίκα,
Πού το ρόδο βγκαίννει αγκάττι κι απού τ΄αγκάττι βγκαίννει ρόδο,
Με καιρό και με ζαμάνια κάμν' ο Τούρκος Μπαϊράμι,
"Πιάσε τ' αυγό, κούρεψε το μαλί του",
"Κοντό γαδουράκι, πάντα πουλαράκι",
Έψιμα πουλιά κοράκου φαώματα,
Παντρεύγκετέ με κι έρκουμαι,
Ο πατέρς έδωκεν τ' αμπέλι(ν) κι ο γυιος ελυπήθη το σταφύλι,
Με καλύτερό σου φαε πιε και νηστικός σηκώσου,
Του πρώτου τα πατήματα γιοφύρι του δευτέρου,
Είχε κι' η κουτού (παληόγραια) κι' έσκυβγιε και θώρειέν το,
"Παρά στο νου μου, κάλλιο στην κοιλιά μου",
Τον Αράπη κι αν τον πλύνης το σαπούνι μόνο χάνεις,
Η οσία Μαρία εν εφοήθην του Μάρτη τημ πορνήν γκαι του Μά το μεσημέρι,
Καλώς το δούλο του Θεού και τον εχθρόν  τής πήττας,
Έχασεν τ' αυγά με το καλάθι,
"Εμακρύναν η ποδιές της, κι' εσκεπάδαν της πομπές της",
"Αλλοίς τον οπού καρτερά στα ξένα να δειπνήση και δε(ν) στένει την τσούκαν του, να φάη και να χαρίση",
"Έκαμέ με η μάνα μου, να μοιάσω του κυρού μου",
Για χαρτί και για μελάνι τογ γαμπρό μη τον εχάνης,
Που 'σει πολύ πιπέρι βάλλει και στα λάχανα,
"Πουχει παιδιά και τσάτσουλα, στον γάμο (δ)εν επμπρέπει",
"Όλη 'μέρα ανάσκελλα, και μιάν ημερογκούπα, έχασά τα ούλα",
"Που σμίγει με τα πίττερα, γίνεται πιττερένιος",
"Ώρα καλή, γέρο, κουκκιά σπέρνω",
Τα λέγω του γαμπρού για να τ' ακούη η νύφφη,
"Καταμιάς πουβγεν ο οβρηός στο κυνήγι, έλαχε και Σάββατο",
Που θέλει να κάψη ξένη θθεμωνιάν γκαίει ο Θεός τηδ δικήν του,
Το αδύνατο το κάστρο κι' οβρηοί πολεμούν το,
Είπεν ο χ... τον κλανιά. Κάλλιος εγώ που σένα,
"Άντρα μου, η ξύξες σου τρέχουσι(ν), - Είνε γεναίκα, που το χειμώνα. - Σε ξέρω δα, άντρας μου και που το καλοκαίρι",
Άργησεν και φέρε αλεύρι,
Ο Χριστός πρώτα έκαμε τα γένειά του κι' ύστερα των Αποστόλων του,
Πάχνιζε καλά το βώδι να το δης πως θα σ' οργώνη,
Κουλλούρι σου στείλαμε κ' ήρτες;,
Του Απρίλη τα νερά πηλά και χώματα ξερά,
Επέταξεν ο Κολιανός κι' επήρε και το ράμμα,
Των φρενίμων τα παλιά οι λωλοί τα κατελούν,
Επήγε για μαλλί κ' ηύγε κουρεμένος,
"Ξέρ΄ η πάπια, που ΄ν΄ η λίμνη",
Όπου λαλούν πολλοί πετεινοί 'ργίζει να ξημερώση,
Που πονεί γαϊδουρινα φωναζει,
"Με τοδ δικό σου φαε, πιέ, κι αλισβερίσι μηγ κάμης",
Το γινάτι βκάλλει 'μάτι και το πείσμα βκάλλει πρίσμα,
"Τα ίδγκια Παντελλάκη μου, τα ίδγκια Παντελλή μου",
Το πόδι του Δι(γ)ενή έχει,
Καλός καλός ο χοίρος μας κι ηβγήκε χαλαζάρης,
Να κόψη τα λάχανα να ξεραθθούν η κουτσούμπρες,
"Καλός κακός ο Μάρτης μας, πέντε αυγά στην κάσση μας",
"Ο Μάρτης ο πεντάγνωμος πούχει ταις πέντε γνώμαις μιαν εβρέχει, μιαν χιονίζει, μιαν τον ήλιον σκλιβανίζει",
Ούλα ΄νε φάδια της κοιλιάς και το ψωμί στημόνι και το καϋμένο το κρασί είναι που τα στυλώνει,
Τον ξένον μέσ' το σπίτι σου για μάρτυρα τον έχεις,
Η γλώσσα της είνε παστρική σαν του χαλουβατζή την κουτάλα,
"Από τα σύκα, ως τα σταφύλια",
Ανεμομαδέματα διαολοσκορπίσματα,
Τάχει η κόττα στην καρδιάν της με τα 'κείνα μυαουρίζει,
"Το καρύδι, ή πολλές πέτρες, ρίχνουν το",
"Εσέν' τα λέω πεθθερά, για να τα 'κούη η νύφφη",
"Γέρος Αλής, γράμματα μαθθαίνει;",
"Με τα 'χει η κάττα στην νουράν της, με τα 'κείνα πολεμά",
"Που γυρίζει, μυρίζει, και που κάθεται βρωμίζει",
Όποιος κεντά τογ γάδαρο δέχεται και ταις πορδαίς του,
"Βίρι, βίρι επήε να πνιή",
Των φρονίμων τα παιδιά πριν πεινασουν μα(γ)ειρεύουν,
Ο Άουστος επλάκωσεν η άκρηα του χειμώνα,
Πότ΄εγένη η γρηά κοπέλλα; Όταν ηύρεν τον καιρόν της,
"Με της δυό μου θυγατέρες, δεκαοχτώ γαμπρούς επήρα",
Ούλα 'νε φάδια της κοιλιάς και το ψωμί στημόνι και το καϋμένο το κρασί είνε που το στυλώνει,
Που γεννηθή στη φυλακή στηφ φυλακή θυμάται,
"Ούλα του γάμου ανάποδα, κι η νύφφη αγγαστρωμένη",
"Εκαλέσαν το γάδαρο στο γάμο, ή για ξύλα ή για νερό",
"Από μηλιν ως άρκο, να κυρά, λουκάνικο",
Ο καματερός ο ράφτης τη Δευτέρα δευτερίζει και την Τρίτη σεριανίζει,
Καθαρήν καρδίαν κι' όπου θέλεις πάτειε,
Είνεν σαν τη βρεμμένην όρνιθα,
Ασ σ΄αφήνει η κόλαση πήαινε στομ παράεισο,
"Όταν οι Λέριοι θερίζαν, Οι Καλύμνιοι πάν νά σπείρουν",
Σόττα που βρες το(μ) παπά θάψε και τα τρία παιδιά,
Ο Γρηγόρης εγρηγόρει κι ο Μελέτης εμελέτα κι ο Γρηγόρης την επήρε του Μελέτη τη γυναίκα,
Θρέψε λύκον να σε φάη,
"Κουφόν, καμπάναν κι' αν βροντάς στραβόν κι' αν θυμιατίζης, Και μεθυσμένον αν κερνάς, ούλα χαμένα τάχεις",
Έβγια όξω και πομπέψου και στο σπίτι σου πορέψου,
Τώρα θα μάθουν κι οι γαδάροι κκιαφκουνιά,
"Ο λωλλός με την λωλλάραν του, γεμίζει την κοιλάραν του",
Η γρηά το μεσοχείμωνο ξυλάγγουρον ερέχτη,
Το παληό σου δρόμο με καιρούργιο μη τον ελλάσης,
"Του Ρωμηού ο νους, ύστερα κατεβαίνει",
Έχεις γρόσα ;  - έχεις γλώσσα !,
Κάλεσαν το γάδαρο στο γάμο ή για ξύλα ή για νερό,
"Το μη σε μέλλει μη ρωτάς, ποτέ κακό μη πάθεις",
Γίνη σα ροκοπέτσι,
Έναι γλυκογιαίματες,
Τεν έκανε ο δαίμονας καβάλλα,
Σκόρδα στα μάτια σου!,
Σ' ένα τσ'κάλι νερό σε πνί'ει,
"Λα'ός π'πέρζι έτρζιβε, κακό της τσεφαλής του",
"Τετράδη τσαί Παραστσευή τα νύχια σου μη κόψεις, τη Τζυρζατσή μη χτενιστείς, α θέλεις να προκόψεις",
"Όγοιος έχει μαχαίρζι, τρώει πεπόνι",
Απ' το διάβολο στο αρίβολο!,
Η τσ'λιά παρεθύρζα δεν έχει,
Από τη Βόλιν έρχομαι τσαί στη ορφή κανέλλα,
Ούλη μου η γιέννοια δάρ'δα!,
Τα κακά 'στάμενα οι στσύλοι τα τρώνε,
"Τάδες, έδες, τσαι τα θέλ' ς δει, έναι πίστ' ακόμα",
"Τρελλός με την τρελλάρα του, γ'μόζει τη τζ'λάρα του",
"Έσμιξ' ο Θεός, καλή ώρα, κουκ'βάγια τσαι σινιόρα",
Έναι δα κώλος τσαί βρατσί!,
Έπερε τ΄νε ματιούνε του!,
"Σκότωνε τρελλούς, πλιέρωνε τζερεμέδες",
Το Νοέμβρη νόγα σπέρνε.  Το Δετσέμβρη δίτσα σπέρνε. Το Γιονάρη τσαι Φλεβάρη πάει χαμένο το ζευγάρι,
Θεός τσαι γείτονας δε λαθεύ'νε,
Από σ'γανέ ποταμό να φοβάσαι!,
"Σα δε θέλ'ς, ας σ' λείπει, ως λείπει τ'νε καλογέρ'νε!",
Σόϊ πάει το βασ'λίτσι,
Αγοραστό – λιμαστό,
Στόμας έχει τσαί μ'λιά δεν έχει,
Γλύφ' τα δαχτύλια του,
Για σένα φίναξ' ο κούκος!,
Τεν έκενε τελατίνι!,
"Μεγαλώνουν τα παιδιά, μεγαλώνουν τα μαχαίρζα!",
Βαστούν τα κότσια τ'!,
"Του ν' κοτσερού το μάτι, κόπρισμα έναι στο χουράφι",
Αξίζ' ένα βασίλειο,
Τ΄φανη β΄νό,
Σαν Αμαζόνα ένα,
Ούλ' γελούσανε με μένα τσ' έσκαζα τσαί γώ στα γέλια,
"Κάπου μ' έδες, κάπου σ' έδα",
Στα παλιά μ' παπουτσια!,
Δεν έδα Θεού πρόσωπο,
Βασιλ'κό μολύβι δε β'λιά,
Τ' αψύ ξίδι τ' ατζό τ' χαλά,
Φάγαμε μαζύ ψωμί τσ' άλας,
Αγωροφάς ετσέρδεσε,
Κακό σερναμενο έναι τουτες δα!,
Το ξύλο βγήτσε από τ' Βαράδεισος,
Αγάπη δίχως πείσματα δεν έχει νοστ'μάδα,
Μέλωτσε πλιά!,
Τάκανε θάλασσα!,
Εσκατσε τ' αυγό τσαί τ'ν έβγαλε,
Ακόμα δεν απέθανα τσ' ανάψαν τα τσεριά μου,
Γαιδούρι ξέστρωτο ή ξεσαμάρωτο,
Κάνου κα!,
"Εν του γέρου τα χαδάτσα,- ούλο πίκρες τσαι φαρμάτσα",
Το καλό το παλληκάρζι ξέρζει τσ' άλλο μονοπάτι,
Μ'λα τσ΄ ο κώλος τση β'τίνας,
Μ' κάμαν το μυαλέ μου κ'δούνι!,
Καλομελέτα τσ' έρχεται,
Αμ' δε θα πέσεις στη πλώρζ' μου!,
Εύρες άγιο ν' ανάψεις το τσερζί σου!,
Σ' έχου δα β'λή τσ' αρώτ'μα,
Έπερε τα β' να,
Μ' κάνει παστελάδες,
"Όπ' ακούς Μαρζά τσαι Γιάννη, βάζε ψάρζα στο τηγάνι",
Πάει ο τσαιρός π' δέναν τσι στσύλοι με τα λοκάν΄κα,
Ξει τα νύχια τ' για καυγά,
"Βόθα με, να σε βοθώ, - ν' ανέβουμε το βουνό",
"Όπου ρεύεται τσαι κλάνει, δε φοβάται να πεθάνει",
"Δε με τ' μα η μάννα μου, ως με τ' μουν τα ρούχα μου",
Έδετσε το γάδαρό τ',
"Τσείνες π' μ' αγαπά, με κάνει τσαι κλαίου, τσαι τσείνες π' με μ'σά, με κάν' τσαι γελού",
"Ως να σ'κωσ' τονα τ' ποδάρζι, βρωμά τ' άλλο!",
Πή΄ε στον αγύριστο,
Από κούρακα κρα θ' ακούσεις,
Τσεφάλι αγύρ'στο!,
"Λέπε ούγια παίρνε πανί, λέπε μάννα παίρνε παιδί",
Βγήτσε λάδι,
Γίναν σκορποχώρι,
"Τα φτιά μας κόβανε, σκολαρίτσα γερεύγαμε",
Στο λαιμό σ' καθίζει!,
Έκοψε το γιαίμα μου,
Το γοργό τσαί χάρζιν έχει,
"Όσα παιδιά, τόσα μαχαίρζα",
Έπε τσ' η κουρούνα κρα!,
Αρχίν'τσε απ' το άλφα,
Τόκοψε λάσπη!,
Έναι για το δαίμονα πεστσέσι,
Στσεύρωσαν τα κοκκαλάτσα μου,
Τ' τρωγόταν ο κώλος του,
Όμοιος τον όμοιο τσ' η κοπρζά στα λάχανα,
Τ' περασμού η σγάρα,
Το μήνα π' δεν έχει Σάββατο,
Κάνε το καλό τσαι ρζίξ' το στο γιαλό,
Τ' γαδάρου μου η γιέννοια!,
Πέπων πάθος πέφυκε άνευ ακράτου οίνου,
Τ ανέβη το γιαίμα στο τσεφάλι,
"Του Μάη τα δροσίσματα, τ' Απρίλη τα μελτέμια",
Τε ξέρανε απ΄ το ξύλο!,
Βγήτσε παστρζιικό μαντήλι,
Γίνη τ' Κουτρούλη ο γάμος!,
Ποιός π'λά το μυαλέ να πα ν' αγοράσεις;,
Μίλα να μη σε πουν ανόητε,
Η νύχτα Πίσκοπο γεννα τσ' η αυγή Μετροπολίτη,
Έναι δα απ' τ'ν ίδια ακατζά,
"Κώλο δέρνεις, κώλο αφήνεις, πάλι κωλαρδάκος έναι",
"Καυγά γερεύει, πάει φιρί-φιρί για καυγά",
Έκανε τα καμ' μένε άκαμ' τα,
"Το ξύλο, όπους το πελετσήσεις, γίνεται",
"Οψ' μα π' λιά, κουράκου φα' ώματα",
Έκαν' η γαδάρα μας κόπανο τ' κώλου της!,
Πάει φιρί φιρί να πνιγεί,
Μ' έκανε φλούδα,
Βάσταξε δα απ' το Μάη ως τα τσεράσα,
"Έναι, ή Γίνη δα δαίμονας απ' τα Γιούρα",
Άγιος άθρωπος,
Κάθε πο'τ'κός στη τρύπα του για βασιλιάς περνά,
"Ξέρ'ς να κλέβ'ς; Σα δε ξέ'ρς να κρούβ'ς, παράτα τα!",
Τ' άσπρα κατεβάζουν τ' άστρα!,
Βγαλ' τη σκούφια σ' τσαί βάρζε με!,
Ξένος πόνος όνιερο,
Μέσα Παναγία!  Όξου Παναγία!,
"Λείψ΄απ΄το μιστό, μη σε κολλήσει κρζίμα",
Σήκωσε τα κόκαλά του,
Για μάννα! Το σπίτ' της μοναστήρζι έναι!,
"Που γεννηθεί στη φυλατσή, της φυλατσής θυμάται",
Βάστα λιβάνι τσαί τσερί,
Άθρωπος για πνίξ' μο,
Στην ανυδρζά καλό εν' τσαι το χαλάζι,
Βαρδάτε ποδάρζα μη σας χέσει ο κώλος μου!,
"Γιά μάννα! Τό παπούτσ' του, σάν Ελλην' κό μνημόρζο έναι!",
Στα νιάτα σου αν οκνεύεις γέρος θα κακοπορεύεις,
Κούρακας κουράκου μάτ' δε βγάνει,
Αυτούθε παν οι γιάλλοι!,
Σ' έναν ήλιο απλώναμε!,
"Όγιος δε νογά να γδάρζει, χάνει κρζάς τσαί το τομάρζι",
Όπ' λαλούν πολλοί πετ' νοί αργεί να ξημερώσει!,
Το γενάτι – βγάνει μάτι,
Χίλιες ξ'λιές σε ξένε κώλο,
Πηά σαν ασπέτηλος,
"Δέρνει το τσεφάλ' μου, ως δέρνει η θάλασσα",
"Παίζει ο λύκος με τ' αρνί, μόνου χολιάσει ο λύκος, αλλοί στ' αρνί",
Πά' ωτσε το γιαίμα μ΄,
Ξένο βιός καλολογάριαστο!,
Στη βράσ' κολλά το σίδερο,
Χωρζίς ρουφιάνο π'τάνα δε γίνεται!,
"Η μάννα σου τ' αγάπα, αγάπα τα τσαι συ, τάμορφα παλληκάρζα τσαι το γλυκό κρασί",
Τούχε το γκίνη,
Δανεικά εν' τα λάχανα,
Τσύλ'σε ο τζέτζερης τσ' εύρε το καπάτσι,
Θώρειε με τσαί μη μ' ατζίζεις,
Γεννήθη με προσωπίδα,
"Σιγά, σιγά τσαι ταπεινά, μη μας ακούσ' η γειτονιά",
Δέ ξέρ' απ' το άλφα ώς το βήτα,
Έναι για τα σίδερα,
"Ξένε θρέβ'ς, λύκο θρέβ'ς",
Το λωλό τσαι το χωρζάτη ξένες έννοιες τε γερνούνε,
Ο Θεός σ'χάθη μένα γιά τ'ς αμαρτίες μου τσαί γώ τσείνε,
Από τ' Άη – Λιά το βράδυ – βάζει η ελιά το λάδι,
Όπ' αρπάξει τσαί ξεστσίσει!,
"Να τε φ'σήξεις, πέτει!",
Αν άκ'γε ο Θεός κουρούν 'νε τσαί κουράκ 'νε!,
Κόσμος! Βουρβούτσι!,
Μούκαν' το τσεφάλ' μου κ'δούνι,
Άλλες έχει τ' όνομα τσ' άλλες τ' χάρζι,
"Η πίκρα κόβει γόνατα, καρδιές αδυνατίζει",
Μ' έπερε σβάρνα,
Ο καβαλλάρης του πεζού μόν' ώρες του μετράει,
"Όγοιος λ'πάται το ξένο, χάνει το δ'κό του",
Τάβλα απ΄ το μεθύσι,
"Ό,τι κάνει το π'λι, το π'λι θα το βρεί",
Τόνα τ' μυρζίζει τσαί τ' άλλο τ' βρωμά,
Τόκαν' όρμο' λό' ου!,
Να κάθομαι να τ' νε λέου με το μι τσαί με το σι!,
"Μη λογιάζεις τα στραβά τ' ποδάρζα, λόαξε π' χορεύει ίσα",
Τραχανά έχου απλωμένε,
Τον αράπη τσ' α  σαπ'νίζεις,
"Ο δαίμονας δ' λειά δεν έχε, τα παιδιά τ' πλάκωνε",
Πήες για μαμή τσ' έκατσες λεχούνα,
"Τσεί π'σε λένε τσερατά, διαβάτης μη περνας",
"Θα σε κάνου, π'νά σ' βγούνε ξ'νά τα γέλια",
Αγαπά τα ξ'νά,
"Άπ' το τζύκλο σουμη βγαίνεις, γιατ' αλλοιώς κακοπαθαίνεις",
Έναι δα νύχι τσαί κρζάς!,
"Όχι όπως έξερες, νύφ' μου: μόν' όπως εύρες",
Τ' τάπα παστρζικά τσαι ξάστερα,
Δυο γάδαροι μαλλώνανε σε ξένεν αχερώνα,
Μακρζά σαρακοστή,
Μ' έπιατσ' ο σερμός!,
Από μακριά τσ' αγάπη,
Δάσπη η δ'λειά μας,
"Βαθά μ' η νύχτα τσ' η γιαυγή, τσαί φαίνουμαι καματερζή",
Η γειτόν΄σσα το παλιόσακκο τσαινόργιο το γυρεύει,
Νο! Νο! Νο έχες τσ' ας με κράτειες!,
Ξυπνό ή πονιερό π' λί πιάνετ' απ' τα τέσσερα,
Βάλ' το Μάρτη αργάτη τσ' ας έναι τσ' ακαμάτης,
Χίλια μέτρα τσ' ένα κόβγε,
Γίνη άλλες άθρωπος,
"Έτσι τόχει το λινάρζι να αθεί τον Αλουνάρζη, στα χωράφια το σωρό, τα γεννήματα θωρώ",
Τέτοια χάλια έχει η αρόκκα τσ' όπου θέλεις τρέχα ρώτα,
Δε πιάνεται μ'δέ με δυο σκατόξ'λα,
Πάρ' τόν αγέρα σου!,
"Ούτε καλή, ούτε κατσά, ούτε ξ'λένια πεθερά",
Άπ' το θέρος ώς τ'ς ελιές- δεν απολείπ'νε οι δουλειές,
"Χ'στε μου, ρξίξε με στου δ'κού μ' το σπίτ' τσ' ας έχου χίλιου χρονού κατσά!",
"Νά λείψουν τά πιπέρια μου, νά δού τίς μα' εριές σου!",
"Αμ' που έξερα γω, τα δαχτύλια μ' μύρ'κα;",
"Ο Βασίλης με τα λόγια, χτίζ' ανώγια τσαι κατώγια",
Οτι έπαμε νερό τσ' άλας,
Αφορμήν εγέρευγε τσ' ο Θεός την έπεψε,
Πίστα εν' οι μέρες της γρζάς!,
Αναψοκώλιατσε,
Κ'τσά μετρζημένα!,
Τη Λίμνα πολεμάς ν' αδειάσεις με το παπούτσι σου,
Δέν είν' ακόμα μ'δέ στό άλφα,
Μ' τόβγαλ' απ' το ρ'θούνια,
Ο νος τ' έναι στο τσεχρζί,
"Όγοιος έχει τα γένεια, έχει τσαί τα χτένια",
Αναψοκαββάδιατσε,
Αισχρόν εστί τσαί λέγειν!,
Οπ΄ ακ' λουθά τ' γαδάρου τ' ς πορδιές τ' ακούει,
Όγοιος έχει σέται – τσ΄ όγοιος δεν έχει ξέται,
Τσείνα πούξερες να τα ξεχάσεις,
Να ξυπνήσ΄ η κορεμένη τσαι να δει το πάπλωμά της,
Τα κακά της τσ' λιάς το κρασί τα βγάνει,
Σάν έχεις πολλοί δ' λειές βάνε τσ' αργάτες,
Κάθε κανάλι με τον αγέρα του,
Η γιαρρώστια με το καλαμ' κάνι μπαίνει – τσαι με το βελόνι βγαίνει,
Άλλα μελετούν τα βώδια τσ' άλλα κάνει ο ζευγολάτης!,
Έπερε τα ρ' σάλια του!,
Πάρα ολότελα καλή είν' τσ' η Παναγιώταινα,
Τρείς ημέρες βρέχ' ο Θιός τσ' έξη το σπιτάτσι μου,
Τόνα τ' ποδάρζι έναι μες στο λάκκο,
Ν' αφήσου το γάμο να τρέχου για περνάρια!,
Μπρος στ' ακάλλη τ' είν' ο πόνος;,
Ο Θεός να σε φ'λάει απ' το άδ'κο,
"Με το τσεφάλι πούζου, σε προστσ'νού",
Τ' ρζίχνει στάχτ΄ στα μάτια,
Έναι δα καλοπαθ'τής,
"Μη λογιάζεις τα στραβά μ' ποδάρζα, λόαξε τ'ν ίσα μ' τ' Μέρα!",
Άθρωπος για σκότωμα,
Ο γέρος δέρνεται τσ' η γρζά ξεροχτενίζεται,
"Λί'α λόγια τσαι δεμένα, για νατάχεις τσερδισμένα!",
Ξ΄νό Μ' τόβγαλε,
Τ' φύ'αν τα χούματ' απ' τα ποδάρζα του,
Τούβαλε τα δέκα εφτά καρφιά,
Έπιατσες υλάρζι; -Κάτσ' ως το βράδυ. Έπιατσες κωβιό; - παρ' τ' αρμίδι σου τσαι τράβα στο χωρζό,
Τα μάρμαρα καβαλλίτσεψε,
από σβέρκο ψων' τσε!,
Όπους με 'λέπ' ς τσαί σε λέπου,
Κλαίγε τ' αρφανά τσ' ας είν' τσαί με γένεια!,
Εύρες μέρα; Φάτ'να!,
Η κούρβα το γεβέντισμα για παν'γύρι τόχει!,
Καρβέλια στο μοναστήρι τσ΄από καλογέρ' όσ' θές,
Εύρες φαϊ; φάε! Εύρες ξύλο; φύ΄ε,
Γειά σ' τσ' αλήθεια λέου!,
Βαστάτε ποδαράτσα μου,
"Μικρέ κώλο δεν έδερες, μεγάλε δεν ορίζεις",
Να κλαίει που τε ξενοδ΄λευ΄νε!,
"Αγιά – Βαρβάρα μαρμαρώνει, -  Άης Σάββας σαβανώνει, τσ' άη – Ν'κόλας παραχώνει",
Έπαθε δα ζ' λούμι μεγάλο,
Κλαίνε τα ρούχα για κορμί τσαί το κορμί για ρούχο,
Άλλα έν' τ' άλλα τσ' άλλο 'ν 'τση Παραστσευής το γάλα,
Τσ' α φτωχύνει η Πισκοπή δέκ' άγιους καταπονεί,
Εν' του γέρου τα παιχνίδια-σα νερόβραστα κρομμύδια,
"Κάνε τ' λα'ού καλό, να πάρ' ς το μαλλί του",
Κάθε καράβι με τον αγέρα του,
Βγάλ' το σβέρκο σου!,
Σαββατιάτ'κος άνεμος. Δευτερζάτ'κος γάδαρος,
"Θαρρούσα τσαί γώ, πούς έσονε τ' παπά – Μανιά τ' άλογο",
Πέρ'σι έκλατσε τσαι φέτι βγήτσε η βρώμα,
Έναι δά για τ'ς αλ' σίδες,
Στσ'νί γαϊτάνι τόπερε,
Τουτ' η φορεσιά έναι τ'ς Πέφτης,
Εύρε Φίλ'ππας το Ναθαναήλ,
"Θαρρεί, π' βαστά 'πό τ'ς δώδεκα!",
Το παιδί από τ' μάνν' αρφανεύγει!,
"Αμ' δε σε λαιμοπατούσα, σαν έσονα μικρός!",
Δε νογά να δέσει το βρατσί του,
Άθηναίοι τσαί Θηβαίοι – τσαί κατσοί Μυτιλ΄ναίοι άλλα λένε το βράδυ τσ΄ άλλα κάν΄νε τό ταχύ,
Του π' λιού το γάλα,
Δάρε πλιά μάκρζυναν τα χόρτα - τσαί στσεπάστ'καν τα πρώτα,
Τ' άλογο εν' ο πατέρας μου!,
Να πέσεις στα νύχια μ' τσαι να δεις!,
Κάτ' λάκκον έχει η φάβα,
Χρόνε τσαι πάλι αρχή,
"Είναι δα, μεγάλης όρνιθας αυγό!",
Θα πιάσ' τσ' ο στσύλες μας λα'ό!,
Τεν έκανε τ' αλατιού,
Της κατσής ψ... τσαι τα μαλλιά τση φταίνε,
Κάνει τον άνεμο κ'βάρζι,
Κ'φο τ' πειρασμού το φτι,
Άλλ' νού λάκκον έσκαψε τσαί χούθη ο ίδιες,
Βάλε άλευρο στο σατσί τσαι μη σταυροκοπιέσαι,
"Άρες μάρες, κουκουνάρες – τσαί σωρέ παλαβομάρες",
Γλύτωκα απ' το στόμα τ' λύκου,
Μπήτσ' ο δαίμονας μέσα του,
Μεγάλο καράβι στ΄ αποτσατσίσματα,
"Κατά μάννα, κατά τσύρζη, κατά τέκνο τσαι παιδί",
Παρηγοριά στον άρρωστε ώστε να βγει η ψ'χή του,
Τ' δαιμόνου τσαί τ'ς φούρκας!,
Αυγά σ' καθαρζίζ' νε;,
"Τό βήχα, το συνάχι – καλότυχος πού τάχει!",
Βόλεψε το λ'τάρζι,
Σε μεγάλωκα για να με φας,
Ρούπ' τσαί βελονιά!,
Σα με ξαναδείς φούτ'σε με,
Γίνη δα σή'ισμα μαγέλο!,
"Κάλλιο γεναίκα κάμισσα, πέρζι πολυπροικούσα",
Να κλαίει το γυαλί π' ραϊστεί,
Κ'τσά έφαε τσαι κ'τσά μαρτ'ρά,
Μέ τό αζ΄ μίωτο,
Για μάννα! Πούς λα'ουδεύει,
"Αν είσαι τσαί παπάς, με τ'ν αράδα σου θα πας",
Παστρζικοθοδωρούλα μου!,
Ο δαίμονας έχ' πολλά ποδάρζα!,
Σώθη το λάδ' του,
Του στσ'νιού τσαί του παλ'τσού άθρωπος,
Έναι δα φ'λί κλειδί,
Το καλό π'λί απ' τ' αυγό τσελαδεί,
Ο Θεός για ούλους ξ' μερώνει!,
Μούκαν' το τσεφάλ' μου κουρκούτι,
Στου Λωλλού το στόμα περ'σσεύει το γέλιο,
"Ο λύκος τσ' αν εγέρατσε τσ' άλλαξε το μαλλί του, μηδέ τη γνώμη τ' άλλαξε, μηδέ τη τζεφαλή του",
"Άη-Νικόλα, βοήθα με!",
"Χέρζ' α δεν απλώσει, τόπος δεν αδειάζει",
Τα ρ' νατ' ς έναι μια μορφιά,
"Κάλλιο να σ' βγει το μάτι, πέρζι τ' όνομα",
"Ας μιλούμε τσ' ας γελούμε, να μας λέν π' δε χολιούμε",
Κάθε καρζυδιάς καρύδι,
"Άλλαξεν ο Μανωλιός, τσ' έβαλε τα ρουχ' αλλοιώς",
Σούρπ τσαί βερεσέ τάφερε!,
Να μου τρζ'πάς τ' μύτη!,
"Το νερό πλαγιάζει, ο κακός άθρωπος δε πλαγιάζει",
"Νοτιά, γεναίτσα κρζάδα",
Έναι δα δαίμονας με τρεις νορές,
Σ' αυτ'νου τα στσ'νια μη ξαπλώνεσαι,
Σκάς αυγό για χύνεσαι;,
"Όγοιος έβαλε το λάδι, να βάλ' τσαι το κλήμα!",
"Οπ' εν' απ' όξ' απ' το χορό, πολλά τρα' ούδια ξέρζει",
"Όγοιος τις νύχτες περπατεί, - λάσπες τσαί σκατά πατεί",
Φτ'νά τ' γλύτωτσε,
"Μ'δέ γάτα μπήτσε, μ'δέ ζ'μιά έκανε",
"Ο γέρος τσ' α στολίζεται, - στ' ανήφορο γνουρίζεται",
Έπερε πόδι,
"Σά δέν έχ΄ς άλογο, πάρε ένα γαϊδούρι",
Κουρκούτιατσ' ο μυαλές του!,
Που σε πονεί τσαι που σε σφάζει,
Τσαι σου κακό χερόβολο τσαι γω κακό δεμάτι!,
Τ' άλλο; τόφαε η γρζά Παρδάλω,
Ο λωλός φοβήθη το μεθυσμένε,
Βάλτ' τα να τ' αρμπέξομε,
Μαζευτήτε φρόν'μοι να φάτε τ' λωλού το βιός,
Γερεύγει να βγει τσαι σκάπ'λος,
Έρθαν τ΄άγρζα να βγάλ΄νε τα ήμερα,
Σωθήμανε τα ψόματα τσ' έρθ' η αλήθεια,
Άλλ' νού παπά βατζέλιο,
Απόμ'νε Γιώτα μοναχή,
Κατά το 'γούμενο τσαι το δεκανίτσι,
Αγρόν αγόρακα!,
Κατά τα σκατά τσαι το φτυάρζι,
Έχει θηλ'κό μυαλό!,
"Κάλλιο λόγια στο χωράφι, πέρζι άχερα στ' αλώνι",
"Θρέψε λύκο το χ΄μούνα, να σε φάει το καλοτσαίρζι",
Τσέλευε σα μεθ'σμένες,
Σέρνετέ με τσ' άς γοτζύζου! αχ τσαί νάχαμε!,
"Ο άσπρες, μαύρες γίνεται;",
"Θαρζείς, πους έμαι κολοβός, έχου τσαί γω τ΄ν νορά μου! Δεν έχου το συνήθειο, μάχου την αθρωπιά μου!",
Αλαφροζ'γιάζει,
Τα δ'κά μας τ'νε γειτόν'νε!,
Μόνος τ' έβγαλε τα μάτια του!,
Όνομα τσαι πράμα!,
Έχ' νε τσ' οι τοίχοι φτιά,
"Μ' δε το δαίμονα να δεις, μ' δε το σταυρό σ' να κάν' ς",
Αν έχεις Μέρα διάβαινε τσαι ρζιζ'κο περπάτειε,
Το γ' ρούνι μες στη λάσπη πι' λ' τσίζει,
Αγαπου παιδί για τσύρζη – τστύλε για το νοικοτσύρζη,
Λωλός παπάς τε βάφτ'σσε,
"Α δε φας καρπό, τσαιρό μη παινέσεις",
"Καλά 'ν' τα φαρδομάν'κα, μα τα φορούν οι δεσποτάδες",
Τσαινόργιο κοστσ'νάτσι μου τσαι που να σε κρεμάσου; τσαι δάρε που μ' πάλιωτσες τσαι που να σε πετάξου;,
"Δάρε σ' εύρα, δάρε στάσου!",
"Δάσκαλε, που δίδαστσες τσαι νόμο δεν εκράτειες",
"Η πέτρα όσο κάθεται, μαλλιάζει",
Άφτρες έχει,
Τουπερε το ίρτζι!,
Έπερε γ'ρούνι στο σατσί,
Πέρε ο στραβός κατήφορο,
Βάνει τ' δαιμόν' νορά,
Έκανε τσ' η νιέρα στάρζι!,
Ο κώλος τ' τεν έτρωγε,
"Το δ'κό μου τ' όνομα, πάρ' το σου γειτόν' σσα!",
"Όγοιος κάθεται στη στερζά τσαί θάλασσα γερεύει, ο δαίμονας τ' κώλου του κουτσά τ' μαγερεύει",
"Θες, δε θες, γάϊδαρε, πιε νερό",
Τον άρρωστο ρωτούν α θελ' να φάει,
Όγοιος πονεί γαδουρ'να φιναζει,
"Παναθεμα π' δούλεψε τα τρία τα Σαββάτα, το Κρζατ'νό, Τερ'νό τσαί τ' Αη – Θοδώρου",
"Θα γυρζίσ', θα γυρζίσ' το σ'τάρζι, στο μύλε θα πάει",
Τ' αφ' τσε σύξ' λα!,
Αμαρτωλοί που φύ'ετε;,
Απ' τόνα φτί μπαίνει τσαί απ' τ' άλλο βγαίνει,
Ποιός σούβγαλε το μάτιι; Αδερφός μου. Γι' αυτό εναί βαθιά,
Άψε σβήσε!,
Μαθ'μένα τα β'να 'πο χιόνια,
Βγήτσε ασπροπρόσωπος!,
Ο λύκος απ' τα μετρζημένα τρώει,
Με τρώει ο σκούλ' κας,
Έδα τσ' έπαθα,
"Ό,τι σπέρχεις θα θερζίσεις",
Μπήτσε ο καλόγερος στο φαΐ,
Άμ' αλλάσει ο γέρο – γάδαρος περπατ' σά;,
Ψ' μένο τσάι βρεμένο τάχας ναν' καλό;,
Το φίδι 'λέπ' ς τσαί το σερμό τ' γερεύεις;,
Το παραπολύ – βρωμεί,
Η γιαρρώστια με το τσ' βάλι μπαίνει - τσαι με τη αρίχα βγαίνει,
Πώς πάν οι στραβοί στον Άδη; Ο ένας με τον άλλε,
"Ευτσή γονιού αγόραζε, τσαί στο β΄νό περπάτειε",
Ξερατσανό γαϊδούρι ξεπατωμό στ΄ άχερα,
Γίνη περδίτσι,
Ατ' κατάλλαγα,
Ο φτωχός ο Φίλ'ππας στο χωράφ΄απόκρευε,
Άρα μάρα τσαί κατάρα,
Ο παθός έναι γιατρός,
Τουτη έναι φτωχιά; Τα παράκλια τ'ς να τ'ναξ' μοναχα!,
"Οπόχει παιδιά τσαί τζάτζαλα, ας κάθεται να τα φ΄λάει!",
Ούλ' οι παπαρούνες το Μάη α'θίζ'νε,
Η γιαμαρτία θάνατο γεννά,
"Με το νο πλουταίν' η κόρζη, με τον ύπνο η γιακαμάτρα",
Άε να κορεύεσαι,
"Βάλ' το Μάρτη αργάτη, να τ' πάρζεις το τομάρζι",
Άλλοτες ήτον άλλοτες και τώρα είναι τώρα,
Το πάθ' μα να σ' γίνει μάθ' μα,
"Ά'οστε τροπηοφόρε, - νάσουν δυό βολές το χρόνε !",
Με μια τ' φετσά δυό π'λιά,
Ώστε να πείς κρομμύδι,
Παιδί τσαι στσύλε όπους τ'ς μάθεις!,
Τση γρζάς το καλοτσαίρζι,
Α δε βρεις προζύμ' δε ζ'μώνεις,
Ορίζου γω το στσύλε μου τσ' ο στσύλος τ'ν ορά του,
Βράζει το γιαίμ τ'!,
Γίνη ρεζίλι,
"Άσκοπος ο νος, διπλές ο κόπος",
Μόνε περνάς την Αρμερή,
"Καλός, κακός καλό'ερος, δεξά του παραδείσου",
Κάθε πέρ'σι τσαι καλύτερα,
"Τα πρώμα βλόητσ' ο Θεός, τα έψ'μα ο καλός τσαιρός!",
Χίλιοι στ' άσπρο!,
Έπετσε το ζάχαρι στο νερό,
"Κάτσε κώλο, κάνε αρόκα",
Τόν αγέρα μές στό δίχτυ!,
Γιούνια μ' κάνεις;,
Άθρωπος για κρεμάλα,
"Δος της να πιεί, να σ' πει τσ' από χρόνου!",
"Όσο σκαλίζεις τα σκατά, τόσο βρωμούνε",
Έχει τ' αστζικά του!,
Δε νογά να μεράσει δυο βωδιούνε άχιερα,
"Μη μελετάς το κακό, τσείνο έρχεται μοναχό του!",
"Μ'δέ γάμος άκλαυτες, μ'δέ νεκρός αγέλαστες",
Τάπερε πλυμένα τσ' άπλυτα,
"Τρεις στα Γέννα, τρεις τα Φώτα τσ' έξη στην Ανάστασι",
"Σούπανε, παπά, να κλάνεις, μα να μη το παρακάνεις",
Ούλη μ' η γιέννοια τ' γαδάρ' μου τα νιάμερα!,
Άσπρο πρόσωπο,
Γερεύει να κρουφτεί πιστ' απ' το δάχτ'λά του,
"Ξερό ψωμί, καλή καρδιά, φέρνουν ζωή και νιάτα, όχι περόνια ολόχ' σα τσαί ασημένια πιάτα",
Κουρφοδάκωτες στσύλες,
"Σα ψάνεις τα καλά παιδιά, τα ρούχα τι τα θέλεις; Τσ' α ψάνεις τα κακά παιδιά, τα ρούχα τι τα θέλεις;",
Έχει του κοριού το γιαίμα,
Οι πατούκνες του εν αργασμένες,
Όπ' σε βγάλ' η γιάκρα,
Πήε στον αμήγερο,
Παπά τσαι γάδαρο από βραδύς!,
Έρριξε τα κ΄τσα τσ΄ έρθε,
Τάρζιξε τ' άρματα,
"Ό, τι βρέξ' ας κατεβάσει!",
Δώσε μου το ψωμάτσ' σου να σ' δόνου λίγο λίγο,
Τ' ν έπαθε Χιώτ' τση!,
Δυό λωλούς έχεν η χώρα τσ' έσμιξέ τους κατσή ώρα,
Έτονε δα τσ' η κ' τσή Μαρζά,
Στο γάμο σ' βαφτίσια,
Τούδωκα το γιαίμα τ΄ς καρδιάς μου,
Όπους τε γένν'τσ' η μάννα του,
"Όγοιος καλλ'βατσεύει ξένο άλογο, γλήγορα ξεπεζεύει",
Ξεχουριζ' τ' νιέρα απ' το σ'τάρζι!,
Αλλού ο παπάς τσ' αλλού τα ράσσα του,
Εν αργασμένο το τομάρζι του,
Εναι δά ο νός τσ' η νιέρα!,
Στσίσου γης κατάπιε με!,
Δεν απόμ'νε ρ'θούνι!,
Ως τσει φτάκαν οι γιαμαρτίες μου,
Καταπράϋνε ο τσαιρός,
Β'ζαίνει το δαχτ'λάτσ' του,
Τεν έπιατσε πάλι η στροτζύλα του,
"Ό,τι κάν' η κορεμένη στο πασσάλειμμα τα δίνει",
Σκατοδ'λειά στο τζαμί,
"Φύ'αμε τσ' αφήκαμε φύτρο, φυτρουλάτσι- τσ' έρθαμε τσαί βρζήκαμε αστάχυ, ασταχάτσι",
Δάρε στα ξ' μερώματα ποιός έχει αυγά για κλώσσα!,
Άε στον άνεμο,
Κούκος σ' λάλ'τσε!,
